keyword,target_url,city,priority,page_type,target_indexable
"maid service",/,national,very-high,"home",yes
"maid service india",/services/maid-service,national,high,"service-hub",yes
"domestic help agency india",/services/maid-service,national,high,"service-hub",yes
"full-time maid service",/services/full-time-maid,national,high,"service-hub",yes
"full time maid india",/services/full-time-maid,national,medium,"service-hub",yes
"full day maid india",/services/full-time-maid,national,medium,"service-hub",yes
"8-hour maid india",/services/full-time-maid,national,medium,"service-hub",yes
"part-time maid service",/services/part-time-maid,national,high,"service-hub",yes
"part time maid india",/services/part-time-maid,national,medium,"service-hub",yes
"hourly maid india",/services/part-time-maid,national,medium,"service-hub",yes
"morning maid india",/services/part-time-maid,national,medium,"service-hub",yes
"cook service",/services/cook,national,high,"service-hub",yes
"cook service india",/services/cook,national,medium,"service-hub",yes
"home cook india",/services/cook,national,medium,"service-hub",yes
"cooking maid india",/services/cook,national,medium,"service-hub",yes
"babysitter / nanny service",/services/babysitter-nanny,national,high,"service-hub",yes
"babysitter india",/services/babysitter-nanny,national,medium,"service-hub",yes
"nanny india",/services/babysitter-nanny,national,medium,"service-hub",yes
"child caretaker india",/services/babysitter-nanny,national,medium,"service-hub",yes
"elder care service",/services/elder-care,national,high,"service-hub",yes
"elder care maid india",/services/elder-care,national,medium,"service-hub",yes
"caretaker for elderly india",/services/elder-care,national,medium,"service-hub",yes
"senior citizen caretaker india",/services/elder-care,national,medium,"service-hub",yes
"domestic help service",/services/domestic-help,national,high,"service-hub",yes
"domestic helper india",/services/domestic-help,national,medium,"service-hub",yes
"house help india",/services/domestic-help,national,medium,"service-hub",yes
"household help india",/services/domestic-help,national,medium,"service-hub",yes
"maid service in delhi",/delhi,delhi,very-high,"city",yes
"maid agency in delhi",/delhi,delhi,high,"city",yes
"domestic help in delhi",/delhi,delhi,high,"city",yes
"best maid service in delhi",/delhi,delhi,high,"city",yes
"verified maid service in delhi",/delhi,delhi,high,"city",yes
"maid service in new delhi",/delhi,delhi,very-high,"city (alt name, same page)",yes
"full-time maid in delhi",/services/full-time-maid/delhi,delhi,high,"service-city",yes
"part-time maid in delhi",/services/part-time-maid/delhi,delhi,high,"service-city",yes
"cook in delhi",/services/cook/delhi,delhi,high,"service-city",yes
"babysitter / nanny in delhi",/services/babysitter-nanny/delhi,delhi,high,"service-city",yes
"elder care in delhi",/services/elder-care/delhi,delhi,high,"service-city",yes
"maid service in noida",/noida,noida,very-high,"city",yes
"maid agency in noida",/noida,noida,high,"city",yes
"domestic help in noida",/noida,noida,high,"city",yes
"best maid service in noida",/noida,noida,high,"city",yes
"verified maid service in noida",/noida,noida,high,"city",yes
"full-time maid in noida",/services/full-time-maid/noida,noida,high,"service-city",yes
"part-time maid in noida",/services/part-time-maid/noida,noida,high,"service-city",yes
"cook in noida",/services/cook/noida,noida,high,"service-city",yes
"babysitter / nanny in noida",/services/babysitter-nanny/noida,noida,high,"service-city",yes
"elder care in noida",/services/elder-care/noida,noida,high,"service-city",yes
"maid service in greater noida",/greater-noida,greater-noida,very-high,"city",yes
"maid agency in greater noida",/greater-noida,greater-noida,high,"city",yes
"domestic help in greater noida",/greater-noida,greater-noida,high,"city",yes
"best maid service in greater noida",/greater-noida,greater-noida,high,"city",yes
"verified maid service in greater noida",/greater-noida,greater-noida,high,"city",yes
"maid service in greater noida west",/greater-noida,greater-noida,very-high,"city (alt name, same page)",yes
"maid service in noida extension",/greater-noida,greater-noida,very-high,"city (alt name, same page)",yes
"full-time maid in greater noida",/services/full-time-maid/greater-noida,greater-noida,high,"service-city",yes
"part-time maid in greater noida",/services/part-time-maid/greater-noida,greater-noida,high,"service-city",yes
"cook in greater noida",/services/cook/greater-noida,greater-noida,high,"service-city",yes
"babysitter / nanny in greater noida",/services/babysitter-nanny/greater-noida,greater-noida,high,"service-city",yes
"elder care in greater noida",/services/elder-care/greater-noida,greater-noida,high,"service-city",yes
"maid service in gurgaon",/gurgaon,gurgaon,very-high,"city",yes
"maid agency in gurgaon",/gurgaon,gurgaon,high,"city",yes
"domestic help in gurgaon",/gurgaon,gurgaon,high,"city",yes
"best maid service in gurgaon",/gurgaon,gurgaon,high,"city",yes
"verified maid service in gurgaon",/gurgaon,gurgaon,high,"city",yes
"maid service in gurugram",/gurgaon,gurgaon,very-high,"city (alt name, same page)",yes
"full-time maid in gurgaon",/services/full-time-maid/gurgaon,gurgaon,high,"service-city",yes
"part-time maid in gurgaon",/services/part-time-maid/gurgaon,gurgaon,high,"service-city",yes
"cook in gurgaon",/services/cook/gurgaon,gurgaon,high,"service-city",yes
"babysitter / nanny in gurgaon",/services/babysitter-nanny/gurgaon,gurgaon,high,"service-city",yes
"elder care in gurgaon",/services/elder-care/gurgaon,gurgaon,high,"service-city",yes
"maid service in mumbai",/mumbai,mumbai,very-high,"city",yes
"maid agency in mumbai",/mumbai,mumbai,high,"city",yes
"domestic help in mumbai",/mumbai,mumbai,high,"city",yes
"best maid service in mumbai",/mumbai,mumbai,high,"city",yes
"verified maid service in mumbai",/mumbai,mumbai,high,"city",yes
"maid service in bombay",/mumbai,mumbai,very-high,"city (alt name, same page)",yes
"full-time maid in mumbai",/services/full-time-maid/mumbai,mumbai,high,"service-city",yes
"part-time maid in mumbai",/services/part-time-maid/mumbai,mumbai,high,"service-city",yes
"cook in mumbai",/services/cook/mumbai,mumbai,high,"service-city",yes
"babysitter / nanny in mumbai",/services/babysitter-nanny/mumbai,mumbai,high,"service-city",yes
"elder care in mumbai",/services/elder-care/mumbai,mumbai,high,"service-city",yes
"maid service in pune",/pune,pune,very-high,"city",yes
"maid agency in pune",/pune,pune,high,"city",yes
"domestic help in pune",/pune,pune,high,"city",yes
"best maid service in pune",/pune,pune,high,"city",yes
"verified maid service in pune",/pune,pune,high,"city",yes
"full-time maid in pune",/services/full-time-maid/pune,pune,high,"service-city",yes
"part-time maid in pune",/services/part-time-maid/pune,pune,high,"service-city",yes
"cook in pune",/services/cook/pune,pune,high,"service-city",yes
"babysitter / nanny in pune",/services/babysitter-nanny/pune,pune,high,"service-city",yes
"elder care in pune",/services/elder-care/pune,pune,high,"service-city",yes
"maid service in bangalore",/bangalore,bangalore,very-high,"city",yes
"maid agency in bangalore",/bangalore,bangalore,high,"city",yes
"domestic help in bangalore",/bangalore,bangalore,high,"city",yes
"best maid service in bangalore",/bangalore,bangalore,high,"city",yes
"verified maid service in bangalore",/bangalore,bangalore,high,"city",yes
"maid service in bengaluru",/bangalore,bangalore,very-high,"city (alt name, same page)",yes
"full-time maid in bangalore",/services/full-time-maid/bangalore,bangalore,high,"service-city",yes
"part-time maid in bangalore",/services/part-time-maid/bangalore,bangalore,high,"service-city",yes
"cook in bangalore",/services/cook/bangalore,bangalore,high,"service-city",yes
"babysitter / nanny in bangalore",/services/babysitter-nanny/bangalore,bangalore,high,"service-city",yes
"elder care in bangalore",/services/elder-care/bangalore,bangalore,high,"service-city",yes
"maid service in mangalore",/mangalore,mangalore,very-high,"city",yes
"maid agency in mangalore",/mangalore,mangalore,high,"city",yes
"domestic help in mangalore",/mangalore,mangalore,high,"city",yes
"best maid service in mangalore",/mangalore,mangalore,high,"city",yes
"verified maid service in mangalore",/mangalore,mangalore,high,"city",yes
"maid service in mangaluru",/mangalore,mangalore,very-high,"city (alt name, same page)",yes
"full-time maid in mangalore",/services/full-time-maid/mangalore,mangalore,high,"service-city",yes
"part-time maid in mangalore",/services/part-time-maid/mangalore,mangalore,high,"service-city",yes
"cook in mangalore",/services/cook/mangalore,mangalore,high,"service-city",no
"babysitter / nanny in mangalore",/services/babysitter-nanny/mangalore,mangalore,high,"service-city",yes
"elder care in mangalore",/services/elder-care/mangalore,mangalore,high,"service-city",yes
"maid service in central delhi",/delhi/central-delhi,delhi,high,"zone",yes
"maid service in central delhi delhi",/delhi/central-delhi,delhi,medium,"zone",yes
"maid service in south delhi",/delhi/south-delhi,delhi,high,"zone",yes
"maid service in south delhi delhi",/delhi/south-delhi,delhi,medium,"zone",yes
"maid service in south west delhi",/delhi/south-west-delhi,delhi,high,"zone",yes
"maid service in south west delhi delhi",/delhi/south-west-delhi,delhi,medium,"zone",yes
"maid service in west delhi",/delhi/west-delhi,delhi,high,"zone",yes
"maid service in west delhi delhi",/delhi/west-delhi,delhi,medium,"zone",yes
"maid service in north delhi",/delhi/north-delhi,delhi,high,"zone",yes
"maid service in north delhi delhi",/delhi/north-delhi,delhi,medium,"zone",yes
"maid service in north west delhi",/delhi/north-west-delhi,delhi,high,"zone",yes
"maid service in north west delhi delhi",/delhi/north-west-delhi,delhi,medium,"zone",yes
"maid service in east delhi",/delhi/east-delhi,delhi,high,"zone",yes
"maid service in east delhi delhi",/delhi/east-delhi,delhi,medium,"zone",yes
"maid service in north east delhi",/delhi/north-east-delhi,delhi,high,"zone",yes
"maid service in north east delhi delhi",/delhi/north-east-delhi,delhi,medium,"zone",yes
"maid service in noida central",/noida/noida-central,noida,high,"zone",yes
"maid service in noida central noida",/noida/noida-central,noida,medium,"zone",yes
"maid service in noida expressway",/noida/noida-expressway,noida,high,"zone",yes
"maid service in noida expressway noida",/noida/noida-expressway,noida,medium,"zone",yes
"maid service in greater noida west greater noida",/greater-noida/greater-noida-west,greater-noida,medium,"zone",yes
"maid service in greater noida central",/greater-noida/greater-noida-central,greater-noida,high,"zone",yes
"maid service in greater noida central greater noida",/greater-noida/greater-noida-central,greater-noida,medium,"zone",yes
"maid service in dlf & golf course road",/gurgaon/dlf-golf-course-road,gurgaon,high,"zone",yes
"maid service in dlf & golf course road gurgaon",/gurgaon/dlf-golf-course-road,gurgaon,medium,"zone",yes
"maid service in sohna road & south city",/gurgaon/sohna-road-south-city,gurgaon,high,"zone",yes
"maid service in sohna road & south city gurgaon",/gurgaon/sohna-road-south-city,gurgaon,medium,"zone",yes
"maid service in new gurgaon",/gurgaon/new-gurgaon,gurgaon,high,"zone",yes
"maid service in new gurgaon gurgaon",/gurgaon/new-gurgaon,gurgaon,medium,"zone",yes
"maid service in old gurgaon",/gurgaon/old-gurgaon,gurgaon,high,"zone",yes
"maid service in old gurgaon gurgaon",/gurgaon/old-gurgaon,gurgaon,medium,"zone",yes
"maid service in south mumbai",/mumbai/south-mumbai,mumbai,high,"zone",yes
"maid service in south mumbai mumbai",/mumbai/south-mumbai,mumbai,medium,"zone",yes
"maid service in central mumbai",/mumbai/central-mumbai,mumbai,high,"zone",yes
"maid service in central mumbai mumbai",/mumbai/central-mumbai,mumbai,medium,"zone",yes
"maid service in western suburbs",/mumbai/western-suburbs,mumbai,high,"zone",yes
"maid service in western suburbs mumbai",/mumbai/western-suburbs,mumbai,medium,"zone",yes
"maid service in eastern suburbs",/mumbai/eastern-suburbs,mumbai,high,"zone",yes
"maid service in eastern suburbs mumbai",/mumbai/eastern-suburbs,mumbai,medium,"zone",yes
"maid service in navi mumbai",/mumbai/navi-mumbai,mumbai,high,"zone",yes
"maid service in navi mumbai mumbai",/mumbai/navi-mumbai,mumbai,medium,"zone",yes
"maid service in west pune",/pune/pune-west,pune,high,"zone",yes
"maid service in west pune pune",/pune/pune-west,pune,medium,"zone",yes
"maid service in central pune",/pune/pune-central,pune,high,"zone",yes
"maid service in central pune pune",/pune/pune-central,pune,medium,"zone",yes
"maid service in east pune",/pune/pune-east,pune,high,"zone",yes
"maid service in east pune pune",/pune/pune-east,pune,medium,"zone",yes
"maid service in south pune",/pune/pune-south,pune,high,"zone",yes
"maid service in south pune pune",/pune/pune-south,pune,medium,"zone",yes
"maid service in pimpri-chinchwad",/pune/pcmc,pune,high,"zone",yes
"maid service in pimpri-chinchwad pune",/pune/pcmc,pune,medium,"zone",yes
"maid service in east bangalore",/bangalore/bangalore-east,bangalore,high,"zone",yes
"maid service in east bangalore bangalore",/bangalore/bangalore-east,bangalore,medium,"zone",yes
"maid service in south east bangalore",/bangalore/bangalore-south-east,bangalore,high,"zone",yes
"maid service in south east bangalore bangalore",/bangalore/bangalore-south-east,bangalore,medium,"zone",yes
"maid service in south bangalore",/bangalore/bangalore-south,bangalore,high,"zone",yes
"maid service in south bangalore bangalore",/bangalore/bangalore-south,bangalore,medium,"zone",yes
"maid service in central bangalore",/bangalore/bangalore-central,bangalore,high,"zone",yes
"maid service in central bangalore bangalore",/bangalore/bangalore-central,bangalore,medium,"zone",yes
"maid service in north bangalore",/bangalore/bangalore-north,bangalore,high,"zone",yes
"maid service in north bangalore bangalore",/bangalore/bangalore-north,bangalore,medium,"zone",yes
"maid service in west bangalore",/bangalore/bangalore-west,bangalore,high,"zone",yes
"maid service in west bangalore bangalore",/bangalore/bangalore-west,bangalore,medium,"zone",yes
"maid service in mangalore city",/mangalore/mangalore-city,mangalore,high,"zone",yes
"maid service in mangalore city mangalore",/mangalore/mangalore-city,mangalore,medium,"zone",yes
"maid service in mangalore north",/mangalore/mangalore-north,mangalore,high,"zone",yes
"maid service in mangalore north mangalore",/mangalore/mangalore-north,mangalore,medium,"zone",yes
"maid service in mangalore south",/mangalore/mangalore-south,mangalore,high,"zone",yes
"maid service in mangalore south mangalore",/mangalore/mangalore-south,mangalore,medium,"zone",yes
"maid service in connaught place",/delhi/connaught-place,delhi,high,"locality hub",yes
"maid agency in connaught place",/delhi/connaught-place,delhi,high,"locality hub",yes
"domestic help in connaught place",/delhi/connaught-place,delhi,high,"locality hub",yes
"full-time maid in connaught place",/delhi/connaught-place/full-time-maid,delhi,high,"service x locality (full-time-maid)",yes
"part-time maid in connaught place",/delhi/connaught-place/part-time-maid,delhi,high,"service x locality (part-time-maid)",yes
"cook in connaught place",/delhi/connaught-place/cook,delhi,high,"service x locality (cook)",yes
"babysitter / nanny in connaught place",/delhi/connaught-place/babysitter-nanny,delhi,high,"service x locality (babysitter-nanny)",yes
"elder care in connaught place",/delhi/connaught-place/elder-care,delhi,high,"service x locality (elder-care)",yes
"maid service in lodi road",/delhi/lodi-road,delhi,high,"locality hub",yes
"maid agency in lodi road",/delhi/lodi-road,delhi,high,"locality hub",yes
"domestic help in lodi road",/delhi/lodi-road,delhi,high,"locality hub",yes
"full-time maid in lodi road",/delhi/lodi-road/full-time-maid,delhi,high,"service x locality (full-time-maid)",yes
"part-time maid in lodi road",/delhi/lodi-road/part-time-maid,delhi,high,"service x locality (part-time-maid)",yes
"cook in lodi road",/delhi/lodi-road/cook,delhi,high,"service x locality (cook)",yes
"babysitter / nanny in lodi road",/delhi/lodi-road/babysitter-nanny,delhi,high,"service x locality (babysitter-nanny)",yes
"elder care in lodi road",/delhi/lodi-road/elder-care,delhi,high,"service x locality (elder-care)",yes
"maid service in karol bagh",/delhi/karol-bagh,delhi,high,"locality hub",yes
"maid agency in karol bagh",/delhi/karol-bagh,delhi,high,"locality hub",yes
"domestic help in karol bagh",/delhi/karol-bagh,delhi,high,"locality hub",yes
"full-time maid in karol bagh",/delhi/karol-bagh/full-time-maid,delhi,high,"service x locality (full-time-maid)",yes
"part-time maid in karol bagh",/delhi/karol-bagh/part-time-maid,delhi,high,"service x locality (part-time-maid)",yes
"cook in karol bagh",/delhi/karol-bagh/cook,delhi,high,"service x locality (cook)",yes
"babysitter / nanny in karol bagh",/delhi/karol-bagh/babysitter-nanny,delhi,high,"service x locality (babysitter-nanny)",yes
"elder care in karol bagh",/delhi/karol-bagh/elder-care,delhi,high,"service x locality (elder-care)",yes
"maid service in patel nagar",/delhi/patel-nagar,delhi,high,"locality hub",yes
"maid agency in patel nagar",/delhi/patel-nagar,delhi,high,"locality hub",yes
"domestic help in patel nagar",/delhi/patel-nagar,delhi,high,"locality hub",yes
"full-time maid in patel nagar",/delhi/patel-nagar/full-time-maid,delhi,high,"service x locality (full-time-maid)",yes
"part-time maid in patel nagar",/delhi/patel-nagar/part-time-maid,delhi,high,"service x locality (part-time-maid)",yes
"cook in patel nagar",/delhi/patel-nagar/cook,delhi,high,"service x locality (cook)",yes
"babysitter / nanny in patel nagar",/delhi/patel-nagar/babysitter-nanny,delhi,high,"service x locality (babysitter-nanny)",yes
"elder care in patel nagar",/delhi/patel-nagar/elder-care,delhi,high,"service x locality (elder-care)",yes
"maid service in pusa",/delhi/pusa,delhi,high,"locality hub",yes
"maid agency in pusa",/delhi/pusa,delhi,high,"locality hub",yes
"domestic help in pusa",/delhi/pusa,delhi,high,"locality hub",yes
"full-time maid in pusa",/delhi/pusa/full-time-maid,delhi,high,"service x locality (full-time-maid)",yes
"part-time maid in pusa",/delhi/pusa/part-time-maid,delhi,high,"service x locality (part-time-maid)",yes
"cook in pusa",/delhi/pusa/cook,delhi,high,"service x locality (cook)",yes
"babysitter / nanny in pusa",/delhi/pusa/babysitter-nanny,delhi,high,"service x locality (babysitter-nanny)",yes
"elder care in pusa",/delhi/pusa/elder-care,delhi,high,"service x locality (elder-care)",yes
"maid service in rajinder nagar",/delhi/rajinder-nagar,delhi,medium,"locality hub",yes
"maid agency in rajinder nagar",/delhi/rajinder-nagar,delhi,medium,"locality hub",yes
"domestic help in rajinder nagar",/delhi/rajinder-nagar,delhi,medium,"locality hub",yes
"full-time maid in rajinder nagar",/delhi/rajinder-nagar/full-time-maid,delhi,medium,"service x locality (full-time-maid)",yes
"part-time maid in rajinder nagar",/delhi/rajinder-nagar/part-time-maid,delhi,medium,"service x locality (part-time-maid)",yes
"cook in rajinder nagar",/delhi/rajinder-nagar/cook,delhi,medium,"service x locality (cook)",yes
"babysitter / nanny in rajinder nagar",/delhi/rajinder-nagar/babysitter-nanny,delhi,medium,"service x locality (babysitter-nanny)",yes
"elder care in rajinder nagar",/delhi/rajinder-nagar/elder-care,delhi,medium,"service x locality (elder-care)",yes
"maid service in daryaganj",/delhi/daryaganj,delhi,medium,"locality hub",yes
"maid agency in daryaganj",/delhi/daryaganj,delhi,medium,"locality hub",yes
"domestic help in daryaganj",/delhi/daryaganj,delhi,medium,"locality hub",yes
"full-time maid in daryaganj",/delhi/daryaganj/full-time-maid,delhi,medium,"service x locality (full-time-maid)",yes
"part-time maid in daryaganj",/delhi/daryaganj/part-time-maid,delhi,medium,"service x locality (part-time-maid)",yes
"cook in daryaganj",/delhi/daryaganj/cook,delhi,medium,"service x locality (cook)",yes
"babysitter / nanny in daryaganj",/delhi/daryaganj/babysitter-nanny,delhi,medium,"service x locality (babysitter-nanny)",yes
"elder care in daryaganj",/delhi/daryaganj/elder-care,delhi,medium,"service x locality (elder-care)",yes
"maid service in old delhi",/delhi/old-delhi,delhi,medium,"locality hub",yes
"maid agency in old delhi",/delhi/old-delhi,delhi,medium,"locality hub",yes
"domestic help in old delhi",/delhi/old-delhi,delhi,medium,"locality hub",yes
"full-time maid in old delhi",/delhi/old-delhi/full-time-maid,delhi,medium,"service x locality (full-time-maid)",yes
"part-time maid in old delhi",/delhi/old-delhi/part-time-maid,delhi,medium,"service x locality (part-time-maid)",yes
"cook in old delhi",/delhi/old-delhi/cook,delhi,medium,"service x locality (cook)",yes
"babysitter / nanny in old delhi",/delhi/old-delhi/babysitter-nanny,delhi,medium,"service x locality (babysitter-nanny)",yes
"elder care in old delhi",/delhi/old-delhi/elder-care,delhi,medium,"service x locality (elder-care)",yes
"maid service in paharganj",/delhi/paharganj,delhi,medium,"locality hub",yes
"maid agency in paharganj",/delhi/paharganj,delhi,medium,"locality hub",yes
"domestic help in paharganj",/delhi/paharganj,delhi,medium,"locality hub",yes
"full-time maid in paharganj",/delhi/paharganj/full-time-maid,delhi,medium,"service x locality (full-time-maid)",yes
"part-time maid in paharganj",/delhi/paharganj/part-time-maid,delhi,medium,"service x locality (part-time-maid)",yes
"cook in paharganj",/delhi/paharganj/cook,delhi,medium,"service x locality (cook)",yes
"babysitter / nanny in paharganj",/delhi/paharganj/babysitter-nanny,delhi,medium,"service x locality (babysitter-nanny)",yes
"elder care in paharganj",/delhi/paharganj/elder-care,delhi,medium,"service x locality (elder-care)",yes
"maid service in nizamuddin",/delhi/nizamuddin,delhi,high,"locality hub",yes
"maid agency in nizamuddin",/delhi/nizamuddin,delhi,high,"locality hub",yes
"domestic help in nizamuddin",/delhi/nizamuddin,delhi,high,"locality hub",yes
"full-time maid in nizamuddin",/delhi/nizamuddin/full-time-maid,delhi,high,"service x locality (full-time-maid)",yes
"part-time maid in nizamuddin",/delhi/nizamuddin/part-time-maid,delhi,high,"service x locality (part-time-maid)",yes
"cook in nizamuddin",/delhi/nizamuddin/cook,delhi,high,"service x locality (cook)",yes
"babysitter / nanny in nizamuddin",/delhi/nizamuddin/babysitter-nanny,delhi,high,"service x locality (babysitter-nanny)",yes
"elder care in nizamuddin",/delhi/nizamuddin/elder-care,delhi,high,"service x locality (elder-care)",yes
"maid service in jangpura",/delhi/jangpura,delhi,high,"locality hub",yes
"maid agency in jangpura",/delhi/jangpura,delhi,high,"locality hub",yes
"domestic help in jangpura",/delhi/jangpura,delhi,high,"locality hub",yes
"full-time maid in jangpura",/delhi/jangpura/full-time-maid,delhi,high,"service x locality (full-time-maid)",yes
"part-time maid in jangpura",/delhi/jangpura/part-time-maid,delhi,high,"service x locality (part-time-maid)",yes
"cook in jangpura",/delhi/jangpura/cook,delhi,high,"service x locality (cook)",yes
"babysitter / nanny in jangpura",/delhi/jangpura/babysitter-nanny,delhi,high,"service x locality (babysitter-nanny)",yes
"elder care in jangpura",/delhi/jangpura/elder-care,delhi,high,"service x locality (elder-care)",yes
"maid service in hauz khas",/delhi/hauz-khas,delhi,very-high,"locality hub",yes
"maid agency in hauz khas",/delhi/hauz-khas,delhi,very-high,"locality hub",yes
"maid provider in hauz khas",/delhi/hauz-khas,delhi,very-high,"locality hub",yes
"house maid in hauz khas",/delhi/hauz-khas,delhi,very-high,"locality hub",yes
"housemaid in hauz khas",/delhi/hauz-khas,delhi,very-high,"locality hub",yes
"professional maid service in hauz khas",/delhi/hauz-khas,delhi,very-high,"locality hub",yes
"best maid service in hauz khas",/delhi/hauz-khas,delhi,very-high,"locality hub",yes
"verified maid service in hauz khas",/delhi/hauz-khas,delhi,very-high,"locality hub",yes
"reliable maid service in hauz khas",/delhi/hauz-khas,delhi,very-high,"locality hub",yes
"maid near me hauz khas",/delhi/hauz-khas,delhi,very-high,"locality hub",yes
"full time maid in hauz khas",/delhi/hauz-khas/full-time-maid,delhi,very-high,"service x locality (full-time-maid)",yes
"live in maid in hauz khas",/delhi/hauz-khas/full-time-maid,delhi,very-high,"service x locality (full-time-maid)",yes
"24 hours maid in hauz khas",/delhi/hauz-khas/full-time-maid,delhi,very-high,"service x locality (full-time-maid)",yes
"part time maid in hauz khas",/delhi/hauz-khas/part-time-maid,delhi,very-high,"service x locality (part-time-maid)",yes
"hourly maid in hauz khas",/delhi/hauz-khas/part-time-maid,delhi,very-high,"service x locality (part-time-maid)",yes
"morning maid in hauz khas",/delhi/hauz-khas/part-time-maid,delhi,very-high,"service x locality (part-time-maid)",yes
"cook service in hauz khas",/delhi/hauz-khas/cook,delhi,very-high,"service x locality (cook)",yes
"home cook in hauz khas",/delhi/hauz-khas/cook,delhi,very-high,"service x locality (cook)",yes
"cook in hauz khas",/delhi/hauz-khas/cook,delhi,very-high,"service x locality (cook)",yes
"babysitter in hauz khas",/delhi/hauz-khas/babysitter-nanny,delhi,very-high,"service x locality (babysitter-nanny)",yes
"nanny service in hauz khas",/delhi/hauz-khas/babysitter-nanny,delhi,very-high,"service x locality (babysitter-nanny)",yes
"japa maid in hauz khas",/delhi/hauz-khas/babysitter-nanny,delhi,very-high,"service x locality (babysitter-nanny)",yes
"elder care maid in hauz khas",/delhi/hauz-khas/elder-care,delhi,very-high,"service x locality (elder-care)",yes
"caretaker for elderly in hauz khas",/delhi/hauz-khas/elder-care,delhi,very-high,"service x locality (elder-care)",yes
"domestic help in hauz khas",/delhi/hauz-khas/domestic-help,delhi,very-high,"service x locality (domestic-help)",yes
"house help in hauz khas",/delhi/hauz-khas/domestic-help,delhi,very-high,"service x locality (domestic-help)",yes
"maid service in green park",/delhi/green-park,delhi,high,"locality hub",yes
"maid agency in green park",/delhi/green-park,delhi,high,"locality hub",yes
"domestic help in green park",/delhi/green-park,delhi,high,"locality hub",yes
"full-time maid in green park",/delhi/green-park/full-time-maid,delhi,high,"service x locality (full-time-maid)",yes
"part-time maid in green park",/delhi/green-park/part-time-maid,delhi,high,"service x locality (part-time-maid)",yes
"cook in green park",/delhi/green-park/cook,delhi,high,"service x locality (cook)",yes
"babysitter / nanny in green park",/delhi/green-park/babysitter-nanny,delhi,high,"service x locality (babysitter-nanny)",yes
"elder care in green park",/delhi/green-park/elder-care,delhi,high,"service x locality (elder-care)",yes
"maid service in safdarjung enclave",/delhi/safdarjung-enclave,delhi,high,"locality hub",yes
"maid agency in safdarjung enclave",/delhi/safdarjung-enclave,delhi,high,"locality hub",yes
"domestic help in safdarjung enclave",/delhi/safdarjung-enclave,delhi,high,"locality hub",yes
"full-time maid in safdarjung enclave",/delhi/safdarjung-enclave/full-time-maid,delhi,high,"service x locality (full-time-maid)",yes
"part-time maid in safdarjung enclave",/delhi/safdarjung-enclave/part-time-maid,delhi,high,"service x locality (part-time-maid)",yes
"cook in safdarjung enclave",/delhi/safdarjung-enclave/cook,delhi,high,"service x locality (cook)",yes
"babysitter / nanny in safdarjung enclave",/delhi/safdarjung-enclave/babysitter-nanny,delhi,high,"service x locality (babysitter-nanny)",yes
"elder care in safdarjung enclave",/delhi/safdarjung-enclave/elder-care,delhi,high,"service x locality (elder-care)",yes
"maid service in malviya nagar",/delhi/malviya-nagar,delhi,high,"locality hub",yes
"maid agency in malviya nagar",/delhi/malviya-nagar,delhi,high,"locality hub",yes
"domestic help in malviya nagar",/delhi/malviya-nagar,delhi,high,"locality hub",yes
"full-time maid in malviya nagar",/delhi/malviya-nagar/full-time-maid,delhi,high,"service x locality (full-time-maid)",yes
"part-time maid in malviya nagar",/delhi/malviya-nagar/part-time-maid,delhi,high,"service x locality (part-time-maid)",yes
"cook in malviya nagar",/delhi/malviya-nagar/cook,delhi,high,"service x locality (cook)",yes
"babysitter / nanny in malviya nagar",/delhi/malviya-nagar/babysitter-nanny,delhi,high,"service x locality (babysitter-nanny)",yes
"elder care in malviya nagar",/delhi/malviya-nagar/elder-care,delhi,high,"service x locality (elder-care)",yes
"maid service in kalkaji",/delhi/kalkaji,delhi,high,"locality hub",yes
"maid agency in kalkaji",/delhi/kalkaji,delhi,high,"locality hub",yes
"domestic help in kalkaji",/delhi/kalkaji,delhi,high,"locality hub",yes
"full-time maid in kalkaji",/delhi/kalkaji/full-time-maid,delhi,high,"service x locality (full-time-maid)",yes
"part-time maid in kalkaji",/delhi/kalkaji/part-time-maid,delhi,high,"service x locality (part-time-maid)",yes
"cook in kalkaji",/delhi/kalkaji/cook,delhi,high,"service x locality (cook)",yes
"babysitter / nanny in kalkaji",/delhi/kalkaji/babysitter-nanny,delhi,high,"service x locality (babysitter-nanny)",yes
"elder care in kalkaji",/delhi/kalkaji/elder-care,delhi,high,"service x locality (elder-care)",yes
"maid service in chanakyapuri",/delhi/chanakyapuri,delhi,very-high,"locality hub",yes
"maid agency in chanakyapuri",/delhi/chanakyapuri,delhi,very-high,"locality hub",yes
"maid provider in chanakyapuri",/delhi/chanakyapuri,delhi,very-high,"locality hub",yes
"house maid in chanakyapuri",/delhi/chanakyapuri,delhi,very-high,"locality hub",yes
"housemaid in chanakyapuri",/delhi/chanakyapuri,delhi,very-high,"locality hub",yes
"professional maid service in chanakyapuri",/delhi/chanakyapuri,delhi,very-high,"locality hub",yes
"best maid service in chanakyapuri",/delhi/chanakyapuri,delhi,very-high,"locality hub",yes
"verified maid service in chanakyapuri",/delhi/chanakyapuri,delhi,very-high,"locality hub",yes
"reliable maid service in chanakyapuri",/delhi/chanakyapuri,delhi,very-high,"locality hub",yes
"maid near me chanakyapuri",/delhi/chanakyapuri,delhi,very-high,"locality hub",yes
"maid service in diplomatic enclave",/delhi/chanakyapuri,delhi,very-high,"locality hub (alt name, same page)",yes
"full time maid in chanakyapuri",/delhi/chanakyapuri/full-time-maid,delhi,very-high,"service x locality (full-time-maid)",yes
"live in maid in chanakyapuri",/delhi/chanakyapuri/full-time-maid,delhi,very-high,"service x locality (full-time-maid)",yes
"24 hours maid in chanakyapuri",/delhi/chanakyapuri/full-time-maid,delhi,very-high,"service x locality (full-time-maid)",yes
"part time maid in chanakyapuri",/delhi/chanakyapuri/part-time-maid,delhi,very-high,"service x locality (part-time-maid)",yes
"hourly maid in chanakyapuri",/delhi/chanakyapuri/part-time-maid,delhi,very-high,"service x locality (part-time-maid)",yes
"morning maid in chanakyapuri",/delhi/chanakyapuri/part-time-maid,delhi,very-high,"service x locality (part-time-maid)",yes
"cook service in chanakyapuri",/delhi/chanakyapuri/cook,delhi,very-high,"service x locality (cook)",yes
"home cook in chanakyapuri",/delhi/chanakyapuri/cook,delhi,very-high,"service x locality (cook)",yes
"cook in chanakyapuri",/delhi/chanakyapuri/cook,delhi,very-high,"service x locality (cook)",yes
"babysitter in chanakyapuri",/delhi/chanakyapuri/babysitter-nanny,delhi,very-high,"service x locality (babysitter-nanny)",yes
"nanny service in chanakyapuri",/delhi/chanakyapuri/babysitter-nanny,delhi,very-high,"service x locality (babysitter-nanny)",yes
"japa maid in chanakyapuri",/delhi/chanakyapuri/babysitter-nanny,delhi,very-high,"service x locality (babysitter-nanny)",yes
"elder care maid in chanakyapuri",/delhi/chanakyapuri/elder-care,delhi,very-high,"service x locality (elder-care)",yes
"caretaker for elderly in chanakyapuri",/delhi/chanakyapuri/elder-care,delhi,very-high,"service x locality (elder-care)",yes
"domestic help in chanakyapuri",/delhi/chanakyapuri/domestic-help,delhi,very-high,"service x locality (domestic-help)",yes
"house help in chanakyapuri",/delhi/chanakyapuri/domestic-help,delhi,very-high,"service x locality (domestic-help)",yes
"maid service in r.k. puram",/delhi/rk-puram,delhi,very-high,"locality hub",yes
"maid agency in r.k. puram",/delhi/rk-puram,delhi,very-high,"locality hub",yes
"maid provider in r.k. puram",/delhi/rk-puram,delhi,very-high,"locality hub",yes
"house maid in r.k. puram",/delhi/rk-puram,delhi,very-high,"locality hub",yes
"housemaid in r.k. puram",/delhi/rk-puram,delhi,very-high,"locality hub",yes
"professional maid service in r.k. puram",/delhi/rk-puram,delhi,very-high,"locality hub",yes
"best maid service in r.k. puram",/delhi/rk-puram,delhi,very-high,"locality hub",yes
"verified maid service in r.k. puram",/delhi/rk-puram,delhi,very-high,"locality hub",yes
"reliable maid service in r.k. puram",/delhi/rk-puram,delhi,very-high,"locality hub",yes
"maid near me r.k. puram",/delhi/rk-puram,delhi,very-high,"locality hub",yes
"maid service in rama krishna puram",/delhi/rk-puram,delhi,very-high,"locality hub (alt name, same page)",yes
"full time maid in r.k. puram",/delhi/rk-puram/full-time-maid,delhi,very-high,"service x locality (full-time-maid)",yes
"live in maid in r.k. puram",/delhi/rk-puram/full-time-maid,delhi,very-high,"service x locality (full-time-maid)",yes
"24 hours maid in r.k. puram",/delhi/rk-puram/full-time-maid,delhi,very-high,"service x locality (full-time-maid)",yes
"part time maid in r.k. puram",/delhi/rk-puram/part-time-maid,delhi,very-high,"service x locality (part-time-maid)",yes
"hourly maid in r.k. puram",/delhi/rk-puram/part-time-maid,delhi,very-high,"service x locality (part-time-maid)",yes
"morning maid in r.k. puram",/delhi/rk-puram/part-time-maid,delhi,very-high,"service x locality (part-time-maid)",yes
"cook service in r.k. puram",/delhi/rk-puram/cook,delhi,very-high,"service x locality (cook)",yes
"home cook in r.k. puram",/delhi/rk-puram/cook,delhi,very-high,"service x locality (cook)",yes
"cook in r.k. puram",/delhi/rk-puram/cook,delhi,very-high,"service x locality (cook)",yes
"babysitter in r.k. puram",/delhi/rk-puram/babysitter-nanny,delhi,very-high,"service x locality (babysitter-nanny)",yes
"nanny service in r.k. puram",/delhi/rk-puram/babysitter-nanny,delhi,very-high,"service x locality (babysitter-nanny)",yes
"japa maid in r.k. puram",/delhi/rk-puram/babysitter-nanny,delhi,very-high,"service x locality (babysitter-nanny)",yes
"elder care maid in r.k. puram",/delhi/rk-puram/elder-care,delhi,very-high,"service x locality (elder-care)",yes
"caretaker for elderly in r.k. puram",/delhi/rk-puram/elder-care,delhi,very-high,"service x locality (elder-care)",yes
"domestic help in r.k. puram",/delhi/rk-puram/domestic-help,delhi,very-high,"service x locality (domestic-help)",yes
"house help in r.k. puram",/delhi/rk-puram/domestic-help,delhi,very-high,"service x locality (domestic-help)",yes
"maid service in lajpat nagar",/delhi/lajpat-nagar,delhi,very-high,"locality hub",yes
"maid agency in lajpat nagar",/delhi/lajpat-nagar,delhi,very-high,"locality hub",yes
"maid provider in lajpat nagar",/delhi/lajpat-nagar,delhi,very-high,"locality hub",yes
"house maid in lajpat nagar",/delhi/lajpat-nagar,delhi,very-high,"locality hub",yes
"housemaid in lajpat nagar",/delhi/lajpat-nagar,delhi,very-high,"locality hub",yes
"professional maid service in lajpat nagar",/delhi/lajpat-nagar,delhi,very-high,"locality hub",yes
"best maid service in lajpat nagar",/delhi/lajpat-nagar,delhi,very-high,"locality hub",yes
"verified maid service in lajpat nagar",/delhi/lajpat-nagar,delhi,very-high,"locality hub",yes
"reliable maid service in lajpat nagar",/delhi/lajpat-nagar,delhi,very-high,"locality hub",yes
"maid near me lajpat nagar",/delhi/lajpat-nagar,delhi,very-high,"locality hub",yes
"full time maid in lajpat nagar",/delhi/lajpat-nagar/full-time-maid,delhi,very-high,"service x locality (full-time-maid)",yes
"live in maid in lajpat nagar",/delhi/lajpat-nagar/full-time-maid,delhi,very-high,"service x locality (full-time-maid)",yes
"24 hours maid in lajpat nagar",/delhi/lajpat-nagar/full-time-maid,delhi,very-high,"service x locality (full-time-maid)",yes
"part time maid in lajpat nagar",/delhi/lajpat-nagar/part-time-maid,delhi,very-high,"service x locality (part-time-maid)",yes
"hourly maid in lajpat nagar",/delhi/lajpat-nagar/part-time-maid,delhi,very-high,"service x locality (part-time-maid)",yes
"morning maid in lajpat nagar",/delhi/lajpat-nagar/part-time-maid,delhi,very-high,"service x locality (part-time-maid)",yes
"cook service in lajpat nagar",/delhi/lajpat-nagar/cook,delhi,very-high,"service x locality (cook)",yes
"home cook in lajpat nagar",/delhi/lajpat-nagar/cook,delhi,very-high,"service x locality (cook)",yes
"cook in lajpat nagar",/delhi/lajpat-nagar/cook,delhi,very-high,"service x locality (cook)",yes
"babysitter in lajpat nagar",/delhi/lajpat-nagar/babysitter-nanny,delhi,very-high,"service x locality (babysitter-nanny)",yes
"nanny service in lajpat nagar",/delhi/lajpat-nagar/babysitter-nanny,delhi,very-high,"service x locality (babysitter-nanny)",yes
"japa maid in lajpat nagar",/delhi/lajpat-nagar/babysitter-nanny,delhi,very-high,"service x locality (babysitter-nanny)",yes
"elder care maid in lajpat nagar",/delhi/lajpat-nagar/elder-care,delhi,very-high,"service x locality (elder-care)",yes
"caretaker for elderly in lajpat nagar",/delhi/lajpat-nagar/elder-care,delhi,very-high,"service x locality (elder-care)",yes
"domestic help in lajpat nagar",/delhi/lajpat-nagar/domestic-help,delhi,very-high,"service x locality (domestic-help)",yes
"house help in lajpat nagar",/delhi/lajpat-nagar/domestic-help,delhi,very-high,"service x locality (domestic-help)",yes
"maid service in defence colony",/delhi/defence-colony,delhi,very-high,"locality hub",yes
"maid agency in defence colony",/delhi/defence-colony,delhi,very-high,"locality hub",yes
"maid provider in defence colony",/delhi/defence-colony,delhi,very-high,"locality hub",yes
"house maid in defence colony",/delhi/defence-colony,delhi,very-high,"locality hub",yes
"housemaid in defence colony",/delhi/defence-colony,delhi,very-high,"locality hub",yes
"professional maid service in defence colony",/delhi/defence-colony,delhi,very-high,"locality hub",yes
"best maid service in defence colony",/delhi/defence-colony,delhi,very-high,"locality hub",yes
"verified maid service in defence colony",/delhi/defence-colony,delhi,very-high,"locality hub",yes
"reliable maid service in defence colony",/delhi/defence-colony,delhi,very-high,"locality hub",yes
"maid near me defence colony",/delhi/defence-colony,delhi,very-high,"locality hub",yes
"full time maid in defence colony",/delhi/defence-colony/full-time-maid,delhi,very-high,"service x locality (full-time-maid)",yes
"live in maid in defence colony",/delhi/defence-colony/full-time-maid,delhi,very-high,"service x locality (full-time-maid)",yes
"24 hours maid in defence colony",/delhi/defence-colony/full-time-maid,delhi,very-high,"service x locality (full-time-maid)",yes
"part time maid in defence colony",/delhi/defence-colony/part-time-maid,delhi,very-high,"service x locality (part-time-maid)",yes
"hourly maid in defence colony",/delhi/defence-colony/part-time-maid,delhi,very-high,"service x locality (part-time-maid)",yes
"morning maid in defence colony",/delhi/defence-colony/part-time-maid,delhi,very-high,"service x locality (part-time-maid)",yes
"cook service in defence colony",/delhi/defence-colony/cook,delhi,very-high,"service x locality (cook)",yes
"home cook in defence colony",/delhi/defence-colony/cook,delhi,very-high,"service x locality (cook)",yes
"cook in defence colony",/delhi/defence-colony/cook,delhi,very-high,"service x locality (cook)",yes
"babysitter in defence colony",/delhi/defence-colony/babysitter-nanny,delhi,very-high,"service x locality (babysitter-nanny)",yes
"nanny service in defence colony",/delhi/defence-colony/babysitter-nanny,delhi,very-high,"service x locality (babysitter-nanny)",yes
"japa maid in defence colony",/delhi/defence-colony/babysitter-nanny,delhi,very-high,"service x locality (babysitter-nanny)",yes
"elder care maid in defence colony",/delhi/defence-colony/elder-care,delhi,very-high,"service x locality (elder-care)",yes
"caretaker for elderly in defence colony",/delhi/defence-colony/elder-care,delhi,very-high,"service x locality (elder-care)",yes
"domestic help in defence colony",/delhi/defence-colony/domestic-help,delhi,very-high,"service x locality (domestic-help)",yes
"house help in defence colony",/delhi/defence-colony/domestic-help,delhi,very-high,"service x locality (domestic-help)",yes
"maid service in new friends colony",/delhi/new-friends-colony,delhi,very-high,"locality hub",yes
"maid agency in new friends colony",/delhi/new-friends-colony,delhi,very-high,"locality hub",yes
"maid provider in new friends colony",/delhi/new-friends-colony,delhi,very-high,"locality hub",yes
"house maid in new friends colony",/delhi/new-friends-colony,delhi,very-high,"locality hub",yes
"housemaid in new friends colony",/delhi/new-friends-colony,delhi,very-high,"locality hub",yes
"professional maid service in new friends colony",/delhi/new-friends-colony,delhi,very-high,"locality hub",yes
"best maid service in new friends colony",/delhi/new-friends-colony,delhi,very-high,"locality hub",yes
"verified maid service in new friends colony",/delhi/new-friends-colony,delhi,very-high,"locality hub",yes
"reliable maid service in new friends colony",/delhi/new-friends-colony,delhi,very-high,"locality hub",yes
"maid near me new friends colony",/delhi/new-friends-colony,delhi,very-high,"locality hub",yes
"maid service in nfc",/delhi/new-friends-colony,delhi,very-high,"locality hub (alt name, same page)",yes
"full time maid in new friends colony",/delhi/new-friends-colony/full-time-maid,delhi,very-high,"service x locality (full-time-maid)",yes
"live in maid in new friends colony",/delhi/new-friends-colony/full-time-maid,delhi,very-high,"service x locality (full-time-maid)",yes
"24 hours maid in new friends colony",/delhi/new-friends-colony/full-time-maid,delhi,very-high,"service x locality (full-time-maid)",yes
"part time maid in new friends colony",/delhi/new-friends-colony/part-time-maid,delhi,very-high,"service x locality (part-time-maid)",yes
"hourly maid in new friends colony",/delhi/new-friends-colony/part-time-maid,delhi,very-high,"service x locality (part-time-maid)",yes
"morning maid in new friends colony",/delhi/new-friends-colony/part-time-maid,delhi,very-high,"service x locality (part-time-maid)",yes
"cook service in new friends colony",/delhi/new-friends-colony/cook,delhi,very-high,"service x locality (cook)",yes
"home cook in new friends colony",/delhi/new-friends-colony/cook,delhi,very-high,"service x locality (cook)",yes
"cook in new friends colony",/delhi/new-friends-colony/cook,delhi,very-high,"service x locality (cook)",yes
"babysitter in new friends colony",/delhi/new-friends-colony/babysitter-nanny,delhi,very-high,"service x locality (babysitter-nanny)",yes
"nanny service in new friends colony",/delhi/new-friends-colony/babysitter-nanny,delhi,very-high,"service x locality (babysitter-nanny)",yes
"japa maid in new friends colony",/delhi/new-friends-colony/babysitter-nanny,delhi,very-high,"service x locality (babysitter-nanny)",yes
"elder care maid in new friends colony",/delhi/new-friends-colony/elder-care,delhi,very-high,"service x locality (elder-care)",yes
"caretaker for elderly in new friends colony",/delhi/new-friends-colony/elder-care,delhi,very-high,"service x locality (elder-care)",yes
"domestic help in new friends colony",/delhi/new-friends-colony/domestic-help,delhi,very-high,"service x locality (domestic-help)",yes
"house help in new friends colony",/delhi/new-friends-colony/domestic-help,delhi,very-high,"service x locality (domestic-help)",yes
"maid service in okhla",/delhi/okhla,delhi,high,"locality hub",yes
"maid agency in okhla",/delhi/okhla,delhi,high,"locality hub",yes
"domestic help in okhla",/delhi/okhla,delhi,high,"locality hub",yes
"full-time maid in okhla",/delhi/okhla/full-time-maid,delhi,high,"service x locality (full-time-maid)",yes
"part-time maid in okhla",/delhi/okhla/part-time-maid,delhi,high,"service x locality (part-time-maid)",yes
"cook in okhla",/delhi/okhla/cook,delhi,high,"service x locality (cook)",yes
"babysitter / nanny in okhla",/delhi/okhla/babysitter-nanny,delhi,high,"service x locality (babysitter-nanny)",yes
"elder care in okhla",/delhi/okhla/elder-care,delhi,high,"service x locality (elder-care)",yes
"maid service in mehrauli",/delhi/mehrauli,delhi,high,"locality hub",yes
"maid agency in mehrauli",/delhi/mehrauli,delhi,high,"locality hub",yes
"domestic help in mehrauli",/delhi/mehrauli,delhi,high,"locality hub",yes
"full-time maid in mehrauli",/delhi/mehrauli/full-time-maid,delhi,high,"service x locality (full-time-maid)",yes
"part-time maid in mehrauli",/delhi/mehrauli/part-time-maid,delhi,high,"service x locality (part-time-maid)",yes
"cook in mehrauli",/delhi/mehrauli/cook,delhi,high,"service x locality (cook)",yes
"babysitter / nanny in mehrauli",/delhi/mehrauli/babysitter-nanny,delhi,high,"service x locality (babysitter-nanny)",yes
"elder care in mehrauli",/delhi/mehrauli/elder-care,delhi,high,"service x locality (elder-care)",yes
"maid service in greater kailash",/delhi/greater-kailash,delhi,very-high,"locality hub",yes
"maid agency in greater kailash",/delhi/greater-kailash,delhi,very-high,"locality hub",yes
"maid provider in greater kailash",/delhi/greater-kailash,delhi,very-high,"locality hub",yes
"house maid in greater kailash",/delhi/greater-kailash,delhi,very-high,"locality hub",yes
"housemaid in greater kailash",/delhi/greater-kailash,delhi,very-high,"locality hub",yes
"professional maid service in greater kailash",/delhi/greater-kailash,delhi,very-high,"locality hub",yes
"best maid service in greater kailash",/delhi/greater-kailash,delhi,very-high,"locality hub",yes
"verified maid service in greater kailash",/delhi/greater-kailash,delhi,very-high,"locality hub",yes
"reliable maid service in greater kailash",/delhi/greater-kailash,delhi,very-high,"locality hub",yes
"maid near me greater kailash",/delhi/greater-kailash,delhi,very-high,"locality hub",yes
"maid service in gk",/delhi/greater-kailash,delhi,very-high,"locality hub (alt name, same page)",yes
"maid service in gk 1",/delhi/greater-kailash,delhi,very-high,"locality hub (alt name, same page)",yes
"maid service in gk 2",/delhi/greater-kailash,delhi,very-high,"locality hub (alt name, same page)",yes
"full time maid in greater kailash",/delhi/greater-kailash/full-time-maid,delhi,very-high,"service x locality (full-time-maid)",yes
"live in maid in greater kailash",/delhi/greater-kailash/full-time-maid,delhi,very-high,"service x locality (full-time-maid)",yes
"24 hours maid in greater kailash",/delhi/greater-kailash/full-time-maid,delhi,very-high,"service x locality (full-time-maid)",yes
"part time maid in greater kailash",/delhi/greater-kailash/part-time-maid,delhi,very-high,"service x locality (part-time-maid)",yes
"hourly maid in greater kailash",/delhi/greater-kailash/part-time-maid,delhi,very-high,"service x locality (part-time-maid)",yes
"morning maid in greater kailash",/delhi/greater-kailash/part-time-maid,delhi,very-high,"service x locality (part-time-maid)",yes
"cook service in greater kailash",/delhi/greater-kailash/cook,delhi,very-high,"service x locality (cook)",yes
"home cook in greater kailash",/delhi/greater-kailash/cook,delhi,very-high,"service x locality (cook)",yes
"cook in greater kailash",/delhi/greater-kailash/cook,delhi,very-high,"service x locality (cook)",yes
"babysitter in greater kailash",/delhi/greater-kailash/babysitter-nanny,delhi,very-high,"service x locality (babysitter-nanny)",yes
"nanny service in greater kailash",/delhi/greater-kailash/babysitter-nanny,delhi,very-high,"service x locality (babysitter-nanny)",yes
"japa maid in greater kailash",/delhi/greater-kailash/babysitter-nanny,delhi,very-high,"service x locality (babysitter-nanny)",yes
"elder care maid in greater kailash",/delhi/greater-kailash/elder-care,delhi,very-high,"service x locality (elder-care)",yes
"caretaker for elderly in greater kailash",/delhi/greater-kailash/elder-care,delhi,very-high,"service x locality (elder-care)",yes
"domestic help in greater kailash",/delhi/greater-kailash/domestic-help,delhi,very-high,"service x locality (domestic-help)",yes
"house help in greater kailash",/delhi/greater-kailash/domestic-help,delhi,very-high,"service x locality (domestic-help)",yes
"maid service in andrews ganj",/delhi/andrews-ganj,delhi,high,"locality hub",yes
"maid agency in andrews ganj",/delhi/andrews-ganj,delhi,high,"locality hub",yes
"domestic help in andrews ganj",/delhi/andrews-ganj,delhi,high,"locality hub",yes
"full-time maid in andrews ganj",/delhi/andrews-ganj/full-time-maid,delhi,high,"service x locality (full-time-maid)",yes
"part-time maid in andrews ganj",/delhi/andrews-ganj/part-time-maid,delhi,high,"service x locality (part-time-maid)",yes
"cook in andrews ganj",/delhi/andrews-ganj/cook,delhi,high,"service x locality (cook)",yes
"babysitter / nanny in andrews ganj",/delhi/andrews-ganj/babysitter-nanny,delhi,high,"service x locality (babysitter-nanny)",yes
"elder care in andrews ganj",/delhi/andrews-ganj/elder-care,delhi,high,"service x locality (elder-care)",yes
"maid service in vasant vihar",/delhi/vasant-vihar,delhi,very-high,"locality hub",yes
"maid agency in vasant vihar",/delhi/vasant-vihar,delhi,very-high,"locality hub",yes
"maid provider in vasant vihar",/delhi/vasant-vihar,delhi,very-high,"locality hub",yes
"house maid in vasant vihar",/delhi/vasant-vihar,delhi,very-high,"locality hub",yes
"housemaid in vasant vihar",/delhi/vasant-vihar,delhi,very-high,"locality hub",yes
"professional maid service in vasant vihar",/delhi/vasant-vihar,delhi,very-high,"locality hub",yes
"best maid service in vasant vihar",/delhi/vasant-vihar,delhi,very-high,"locality hub",yes
"verified maid service in vasant vihar",/delhi/vasant-vihar,delhi,very-high,"locality hub",yes
"reliable maid service in vasant vihar",/delhi/vasant-vihar,delhi,very-high,"locality hub",yes
"maid near me vasant vihar",/delhi/vasant-vihar,delhi,very-high,"locality hub",yes
"full time maid in vasant vihar",/delhi/vasant-vihar/full-time-maid,delhi,very-high,"service x locality (full-time-maid)",yes
"live in maid in vasant vihar",/delhi/vasant-vihar/full-time-maid,delhi,very-high,"service x locality (full-time-maid)",yes
"24 hours maid in vasant vihar",/delhi/vasant-vihar/full-time-maid,delhi,very-high,"service x locality (full-time-maid)",yes
"part time maid in vasant vihar",/delhi/vasant-vihar/part-time-maid,delhi,very-high,"service x locality (part-time-maid)",yes
"hourly maid in vasant vihar",/delhi/vasant-vihar/part-time-maid,delhi,very-high,"service x locality (part-time-maid)",yes
"morning maid in vasant vihar",/delhi/vasant-vihar/part-time-maid,delhi,very-high,"service x locality (part-time-maid)",yes
"cook service in vasant vihar",/delhi/vasant-vihar/cook,delhi,very-high,"service x locality (cook)",yes
"home cook in vasant vihar",/delhi/vasant-vihar/cook,delhi,very-high,"service x locality (cook)",yes
"cook in vasant vihar",/delhi/vasant-vihar/cook,delhi,very-high,"service x locality (cook)",yes
"babysitter in vasant vihar",/delhi/vasant-vihar/babysitter-nanny,delhi,very-high,"service x locality (babysitter-nanny)",yes
"nanny service in vasant vihar",/delhi/vasant-vihar/babysitter-nanny,delhi,very-high,"service x locality (babysitter-nanny)",yes
"japa maid in vasant vihar",/delhi/vasant-vihar/babysitter-nanny,delhi,very-high,"service x locality (babysitter-nanny)",yes
"elder care maid in vasant vihar",/delhi/vasant-vihar/elder-care,delhi,very-high,"service x locality (elder-care)",yes
"caretaker for elderly in vasant vihar",/delhi/vasant-vihar/elder-care,delhi,very-high,"service x locality (elder-care)",yes
"domestic help in vasant vihar",/delhi/vasant-vihar/domestic-help,delhi,very-high,"service x locality (domestic-help)",yes
"house help in vasant vihar",/delhi/vasant-vihar/domestic-help,delhi,very-high,"service x locality (domestic-help)",yes
"maid service in pushp vihar",/delhi/pushp-vihar,delhi,high,"locality hub",yes
"maid agency in pushp vihar",/delhi/pushp-vihar,delhi,high,"locality hub",yes
"domestic help in pushp vihar",/delhi/pushp-vihar,delhi,high,"locality hub",yes
"full-time maid in pushp vihar",/delhi/pushp-vihar/full-time-maid,delhi,high,"service x locality (full-time-maid)",yes
"part-time maid in pushp vihar",/delhi/pushp-vihar/part-time-maid,delhi,high,"service x locality (part-time-maid)",yes
"cook in pushp vihar",/delhi/pushp-vihar/cook,delhi,high,"service x locality (cook)",yes
"babysitter / nanny in pushp vihar",/delhi/pushp-vihar/babysitter-nanny,delhi,high,"service x locality (babysitter-nanny)",yes
"elder care in pushp vihar",/delhi/pushp-vihar/elder-care,delhi,high,"service x locality (elder-care)",yes
"maid service in east of kailash",/delhi/east-of-kailash,delhi,very-high,"locality hub",yes
"maid agency in east of kailash",/delhi/east-of-kailash,delhi,very-high,"locality hub",yes
"maid provider in east of kailash",/delhi/east-of-kailash,delhi,very-high,"locality hub",yes
"house maid in east of kailash",/delhi/east-of-kailash,delhi,very-high,"locality hub",yes
"housemaid in east of kailash",/delhi/east-of-kailash,delhi,very-high,"locality hub",yes
"professional maid service in east of kailash",/delhi/east-of-kailash,delhi,very-high,"locality hub",yes
"best maid service in east of kailash",/delhi/east-of-kailash,delhi,very-high,"locality hub",yes
"verified maid service in east of kailash",/delhi/east-of-kailash,delhi,very-high,"locality hub",yes
"reliable maid service in east of kailash",/delhi/east-of-kailash,delhi,very-high,"locality hub",yes
"maid near me east of kailash",/delhi/east-of-kailash,delhi,very-high,"locality hub",yes
"full time maid in east of kailash",/delhi/east-of-kailash/full-time-maid,delhi,very-high,"service x locality (full-time-maid)",yes
"live in maid in east of kailash",/delhi/east-of-kailash/full-time-maid,delhi,very-high,"service x locality (full-time-maid)",yes
"24 hours maid in east of kailash",/delhi/east-of-kailash/full-time-maid,delhi,very-high,"service x locality (full-time-maid)",yes
"part time maid in east of kailash",/delhi/east-of-kailash/part-time-maid,delhi,very-high,"service x locality (part-time-maid)",yes
"hourly maid in east of kailash",/delhi/east-of-kailash/part-time-maid,delhi,very-high,"service x locality (part-time-maid)",yes
"morning maid in east of kailash",/delhi/east-of-kailash/part-time-maid,delhi,very-high,"service x locality (part-time-maid)",yes
"cook service in east of kailash",/delhi/east-of-kailash/cook,delhi,very-high,"service x locality (cook)",yes
"home cook in east of kailash",/delhi/east-of-kailash/cook,delhi,very-high,"service x locality (cook)",yes
"cook in east of kailash",/delhi/east-of-kailash/cook,delhi,very-high,"service x locality (cook)",yes
"babysitter in east of kailash",/delhi/east-of-kailash/babysitter-nanny,delhi,very-high,"service x locality (babysitter-nanny)",yes
"nanny service in east of kailash",/delhi/east-of-kailash/babysitter-nanny,delhi,very-high,"service x locality (babysitter-nanny)",yes
"japa maid in east of kailash",/delhi/east-of-kailash/babysitter-nanny,delhi,very-high,"service x locality (babysitter-nanny)",yes
"elder care maid in east of kailash",/delhi/east-of-kailash/elder-care,delhi,very-high,"service x locality (elder-care)",yes
"caretaker for elderly in east of kailash",/delhi/east-of-kailash/elder-care,delhi,very-high,"service x locality (elder-care)",yes
"domestic help in east of kailash",/delhi/east-of-kailash/domestic-help,delhi,very-high,"service x locality (domestic-help)",yes
"house help in east of kailash",/delhi/east-of-kailash/domestic-help,delhi,very-high,"service x locality (domestic-help)",yes
"maid service in munirka",/delhi/munirka,delhi,high,"locality hub",yes
"maid agency in munirka",/delhi/munirka,delhi,high,"locality hub",yes
"domestic help in munirka",/delhi/munirka,delhi,high,"locality hub",yes
"full-time maid in munirka",/delhi/munirka/full-time-maid,delhi,high,"service x locality (full-time-maid)",yes
"part-time maid in munirka",/delhi/munirka/part-time-maid,delhi,high,"service x locality (part-time-maid)",yes
"cook in munirka",/delhi/munirka/cook,delhi,high,"service x locality (cook)",yes
"babysitter / nanny in munirka",/delhi/munirka/babysitter-nanny,delhi,high,"service x locality (babysitter-nanny)",yes
"elder care in munirka",/delhi/munirka/elder-care,delhi,high,"service x locality (elder-care)",yes
"maid service in saket",/delhi/saket,delhi,very-high,"locality hub",yes
"maid agency in saket",/delhi/saket,delhi,very-high,"locality hub",yes
"maid provider in saket",/delhi/saket,delhi,very-high,"locality hub",yes
"house maid in saket",/delhi/saket,delhi,very-high,"locality hub",yes
"housemaid in saket",/delhi/saket,delhi,very-high,"locality hub",yes
"professional maid service in saket",/delhi/saket,delhi,very-high,"locality hub",yes
"best maid service in saket",/delhi/saket,delhi,very-high,"locality hub",yes
"verified maid service in saket",/delhi/saket,delhi,very-high,"locality hub",yes
"reliable maid service in saket",/delhi/saket,delhi,very-high,"locality hub",yes
"maid near me saket",/delhi/saket,delhi,very-high,"locality hub",yes
"maid service in ignou belt",/delhi/saket,delhi,very-high,"locality hub (alt name, same page)",yes
"full time maid in saket",/delhi/saket/full-time-maid,delhi,very-high,"service x locality (full-time-maid)",yes
"live in maid in saket",/delhi/saket/full-time-maid,delhi,very-high,"service x locality (full-time-maid)",yes
"24 hours maid in saket",/delhi/saket/full-time-maid,delhi,very-high,"service x locality (full-time-maid)",yes
"part time maid in saket",/delhi/saket/part-time-maid,delhi,very-high,"service x locality (part-time-maid)",yes
"hourly maid in saket",/delhi/saket/part-time-maid,delhi,very-high,"service x locality (part-time-maid)",yes
"morning maid in saket",/delhi/saket/part-time-maid,delhi,very-high,"service x locality (part-time-maid)",yes
"cook service in saket",/delhi/saket/cook,delhi,very-high,"service x locality (cook)",yes
"home cook in saket",/delhi/saket/cook,delhi,very-high,"service x locality (cook)",yes
"cook in saket",/delhi/saket/cook,delhi,very-high,"service x locality (cook)",yes
"babysitter in saket",/delhi/saket/babysitter-nanny,delhi,very-high,"service x locality (babysitter-nanny)",yes
"nanny service in saket",/delhi/saket/babysitter-nanny,delhi,very-high,"service x locality (babysitter-nanny)",yes
"japa maid in saket",/delhi/saket/babysitter-nanny,delhi,very-high,"service x locality (babysitter-nanny)",yes
"elder care maid in saket",/delhi/saket/elder-care,delhi,very-high,"service x locality (elder-care)",yes
"caretaker for elderly in saket",/delhi/saket/elder-care,delhi,very-high,"service x locality (elder-care)",yes
"domestic help in saket",/delhi/saket/domestic-help,delhi,very-high,"service x locality (domestic-help)",yes
"house help in saket",/delhi/saket/domestic-help,delhi,very-high,"service x locality (domestic-help)",yes
"maid service in vasant kunj",/delhi/vasant-kunj,delhi,very-high,"locality hub",yes
"maid agency in vasant kunj",/delhi/vasant-kunj,delhi,very-high,"locality hub",yes
"maid provider in vasant kunj",/delhi/vasant-kunj,delhi,very-high,"locality hub",yes
"house maid in vasant kunj",/delhi/vasant-kunj,delhi,very-high,"locality hub",yes
"housemaid in vasant kunj",/delhi/vasant-kunj,delhi,very-high,"locality hub",yes
"professional maid service in vasant kunj",/delhi/vasant-kunj,delhi,very-high,"locality hub",yes
"best maid service in vasant kunj",/delhi/vasant-kunj,delhi,very-high,"locality hub",yes
"verified maid service in vasant kunj",/delhi/vasant-kunj,delhi,very-high,"locality hub",yes
"reliable maid service in vasant kunj",/delhi/vasant-kunj,delhi,very-high,"locality hub",yes
"maid near me vasant kunj",/delhi/vasant-kunj,delhi,very-high,"locality hub",yes
"full time maid in vasant kunj",/delhi/vasant-kunj/full-time-maid,delhi,very-high,"service x locality (full-time-maid)",yes
"live in maid in vasant kunj",/delhi/vasant-kunj/full-time-maid,delhi,very-high,"service x locality (full-time-maid)",yes
"24 hours maid in vasant kunj",/delhi/vasant-kunj/full-time-maid,delhi,very-high,"service x locality (full-time-maid)",yes
"part time maid in vasant kunj",/delhi/vasant-kunj/part-time-maid,delhi,very-high,"service x locality (part-time-maid)",yes
"hourly maid in vasant kunj",/delhi/vasant-kunj/part-time-maid,delhi,very-high,"service x locality (part-time-maid)",yes
"morning maid in vasant kunj",/delhi/vasant-kunj/part-time-maid,delhi,very-high,"service x locality (part-time-maid)",yes
"cook service in vasant kunj",/delhi/vasant-kunj/cook,delhi,very-high,"service x locality (cook)",yes
"home cook in vasant kunj",/delhi/vasant-kunj/cook,delhi,very-high,"service x locality (cook)",yes
"cook in vasant kunj",/delhi/vasant-kunj/cook,delhi,very-high,"service x locality (cook)",yes
"babysitter in vasant kunj",/delhi/vasant-kunj/babysitter-nanny,delhi,very-high,"service x locality (babysitter-nanny)",yes
"nanny service in vasant kunj",/delhi/vasant-kunj/babysitter-nanny,delhi,very-high,"service x locality (babysitter-nanny)",yes
"japa maid in vasant kunj",/delhi/vasant-kunj/babysitter-nanny,delhi,very-high,"service x locality (babysitter-nanny)",yes
"elder care maid in vasant kunj",/delhi/vasant-kunj/elder-care,delhi,very-high,"service x locality (elder-care)",yes
"caretaker for elderly in vasant kunj",/delhi/vasant-kunj/elder-care,delhi,very-high,"service x locality (elder-care)",yes
"domestic help in vasant kunj",/delhi/vasant-kunj/domestic-help,delhi,very-high,"service x locality (domestic-help)",yes
"house help in vasant kunj",/delhi/vasant-kunj/domestic-help,delhi,very-high,"service x locality (domestic-help)",yes
"maid service in chhatarpur",/delhi/chhatarpur,delhi,high,"locality hub",yes
"maid agency in chhatarpur",/delhi/chhatarpur,delhi,high,"locality hub",yes
"domestic help in chhatarpur",/delhi/chhatarpur,delhi,high,"locality hub",yes
"full-time maid in chhatarpur",/delhi/chhatarpur/full-time-maid,delhi,high,"service x locality (full-time-maid)",yes
"part-time maid in chhatarpur",/delhi/chhatarpur/part-time-maid,delhi,high,"service x locality (part-time-maid)",yes
"cook in chhatarpur",/delhi/chhatarpur/cook,delhi,high,"service x locality (cook)",yes
"babysitter / nanny in chhatarpur",/delhi/chhatarpur/babysitter-nanny,delhi,high,"service x locality (babysitter-nanny)",yes
"elder care in chhatarpur",/delhi/chhatarpur/elder-care,delhi,high,"service x locality (elder-care)",yes
"maid service in sarita vihar",/delhi/sarita-vihar,delhi,high,"locality hub",yes
"maid agency in sarita vihar",/delhi/sarita-vihar,delhi,high,"locality hub",yes
"domestic help in sarita vihar",/delhi/sarita-vihar,delhi,high,"locality hub",yes
"full-time maid in sarita vihar",/delhi/sarita-vihar/full-time-maid,delhi,high,"service x locality (full-time-maid)",yes
"part-time maid in sarita vihar",/delhi/sarita-vihar/part-time-maid,delhi,high,"service x locality (part-time-maid)",yes
"cook in sarita vihar",/delhi/sarita-vihar/cook,delhi,high,"service x locality (cook)",yes
"babysitter / nanny in sarita vihar",/delhi/sarita-vihar/babysitter-nanny,delhi,high,"service x locality (babysitter-nanny)",yes
"elder care in sarita vihar",/delhi/sarita-vihar/elder-care,delhi,high,"service x locality (elder-care)",yes
"maid service in sangam vihar",/delhi/sangam-vihar,delhi,high,"locality hub",yes
"maid agency in sangam vihar",/delhi/sangam-vihar,delhi,high,"locality hub",yes
"domestic help in sangam vihar",/delhi/sangam-vihar,delhi,high,"locality hub",yes
"full-time maid in sangam vihar",/delhi/sangam-vihar/full-time-maid,delhi,high,"service x locality (full-time-maid)",yes
"part-time maid in sangam vihar",/delhi/sangam-vihar/part-time-maid,delhi,high,"service x locality (part-time-maid)",yes
"cook in sangam vihar",/delhi/sangam-vihar/cook,delhi,high,"service x locality (cook)",yes
"babysitter / nanny in sangam vihar",/delhi/sangam-vihar/babysitter-nanny,delhi,high,"service x locality (babysitter-nanny)",yes
"elder care in sangam vihar",/delhi/sangam-vihar/elder-care,delhi,high,"service x locality (elder-care)",yes
"maid service in sarojini nagar",/delhi/sarojini-nagar,delhi,medium,"locality hub",yes
"maid agency in sarojini nagar",/delhi/sarojini-nagar,delhi,medium,"locality hub",yes
"domestic help in sarojini nagar",/delhi/sarojini-nagar,delhi,medium,"locality hub",yes
"full-time maid in sarojini nagar",/delhi/sarojini-nagar/full-time-maid,delhi,medium,"service x locality (full-time-maid)",yes
"part-time maid in sarojini nagar",/delhi/sarojini-nagar/part-time-maid,delhi,medium,"service x locality (part-time-maid)",yes
"cook in sarojini nagar",/delhi/sarojini-nagar/cook,delhi,medium,"service x locality (cook)",yes
"babysitter / nanny in sarojini nagar",/delhi/sarojini-nagar/babysitter-nanny,delhi,medium,"service x locality (babysitter-nanny)",yes
"elder care in sarojini nagar",/delhi/sarojini-nagar/elder-care,delhi,medium,"service x locality (elder-care)",yes
"maid service in badarpur",/delhi/badarpur,delhi,medium,"locality hub",yes
"maid agency in badarpur",/delhi/badarpur,delhi,medium,"locality hub",yes
"domestic help in badarpur",/delhi/badarpur,delhi,medium,"locality hub",yes
"full-time maid in badarpur",/delhi/badarpur/full-time-maid,delhi,medium,"service x locality (full-time-maid)",yes
"part-time maid in badarpur",/delhi/badarpur/part-time-maid,delhi,medium,"service x locality (part-time-maid)",yes
"cook in badarpur",/delhi/badarpur/cook,delhi,medium,"service x locality (cook)",yes
"babysitter / nanny in badarpur",/delhi/badarpur/babysitter-nanny,delhi,medium,"service x locality (babysitter-nanny)",yes
"elder care in badarpur",/delhi/badarpur/elder-care,delhi,medium,"service x locality (elder-care)",yes
"maid service in dwarka",/delhi/dwarka,delhi,very-high,"locality hub",yes
"maid agency in dwarka",/delhi/dwarka,delhi,very-high,"locality hub",yes
"maid provider in dwarka",/delhi/dwarka,delhi,very-high,"locality hub",yes
"house maid in dwarka",/delhi/dwarka,delhi,very-high,"locality hub",yes
"housemaid in dwarka",/delhi/dwarka,delhi,very-high,"locality hub",yes
"professional maid service in dwarka",/delhi/dwarka,delhi,very-high,"locality hub",yes
"best maid service in dwarka",/delhi/dwarka,delhi,very-high,"locality hub",yes
"verified maid service in dwarka",/delhi/dwarka,delhi,very-high,"locality hub",yes
"reliable maid service in dwarka",/delhi/dwarka,delhi,very-high,"locality hub",yes
"maid near me dwarka",/delhi/dwarka,delhi,very-high,"locality hub",yes
"full time maid in dwarka",/delhi/dwarka/full-time-maid,delhi,very-high,"service x locality (full-time-maid)",yes
"live in maid in dwarka",/delhi/dwarka/full-time-maid,delhi,very-high,"service x locality (full-time-maid)",yes
"24 hours maid in dwarka",/delhi/dwarka/full-time-maid,delhi,very-high,"service x locality (full-time-maid)",yes
"part time maid in dwarka",/delhi/dwarka/part-time-maid,delhi,very-high,"service x locality (part-time-maid)",yes
"hourly maid in dwarka",/delhi/dwarka/part-time-maid,delhi,very-high,"service x locality (part-time-maid)",yes
"morning maid in dwarka",/delhi/dwarka/part-time-maid,delhi,very-high,"service x locality (part-time-maid)",yes
"cook service in dwarka",/delhi/dwarka/cook,delhi,very-high,"service x locality (cook)",yes
"home cook in dwarka",/delhi/dwarka/cook,delhi,very-high,"service x locality (cook)",yes
"cook in dwarka",/delhi/dwarka/cook,delhi,very-high,"service x locality (cook)",yes
"babysitter in dwarka",/delhi/dwarka/babysitter-nanny,delhi,very-high,"service x locality (babysitter-nanny)",yes
"nanny service in dwarka",/delhi/dwarka/babysitter-nanny,delhi,very-high,"service x locality (babysitter-nanny)",yes
"japa maid in dwarka",/delhi/dwarka/babysitter-nanny,delhi,very-high,"service x locality (babysitter-nanny)",yes
"elder care maid in dwarka",/delhi/dwarka/elder-care,delhi,very-high,"service x locality (elder-care)",yes
"caretaker for elderly in dwarka",/delhi/dwarka/elder-care,delhi,very-high,"service x locality (elder-care)",yes
"domestic help in dwarka",/delhi/dwarka/domestic-help,delhi,very-high,"service x locality (domestic-help)",yes
"house help in dwarka",/delhi/dwarka/domestic-help,delhi,very-high,"service x locality (domestic-help)",yes
"maid service in delhi cantt",/delhi/delhi-cantt,delhi,medium,"locality hub",yes
"maid agency in delhi cantt",/delhi/delhi-cantt,delhi,medium,"locality hub",yes
"domestic help in delhi cantt",/delhi/delhi-cantt,delhi,medium,"locality hub",yes
"full-time maid in delhi cantt",/delhi/delhi-cantt/full-time-maid,delhi,medium,"service x locality (full-time-maid)",yes
"part-time maid in delhi cantt",/delhi/delhi-cantt/part-time-maid,delhi,medium,"service x locality (part-time-maid)",yes
"cook in delhi cantt",/delhi/delhi-cantt/cook,delhi,medium,"service x locality (cook)",yes
"babysitter / nanny in delhi cantt",/delhi/delhi-cantt/babysitter-nanny,delhi,medium,"service x locality (babysitter-nanny)",yes
"elder care in delhi cantt",/delhi/delhi-cantt/elder-care,delhi,medium,"service x locality (elder-care)",yes
"maid service in mahipalpur",/delhi/mahipalpur,delhi,medium,"locality hub",yes
"maid agency in mahipalpur",/delhi/mahipalpur,delhi,medium,"locality hub",yes
"domestic help in mahipalpur",/delhi/mahipalpur,delhi,medium,"locality hub",yes
"full-time maid in mahipalpur",/delhi/mahipalpur/full-time-maid,delhi,medium,"service x locality (full-time-maid)",yes
"part-time maid in mahipalpur",/delhi/mahipalpur/part-time-maid,delhi,medium,"service x locality (part-time-maid)",yes
"cook in mahipalpur",/delhi/mahipalpur/cook,delhi,medium,"service x locality (cook)",yes
"babysitter / nanny in mahipalpur",/delhi/mahipalpur/babysitter-nanny,delhi,medium,"service x locality (babysitter-nanny)",yes
"elder care in mahipalpur",/delhi/mahipalpur/elder-care,delhi,medium,"service x locality (elder-care)",yes
"maid service in rajokari",/delhi/rajokari,delhi,medium,"locality hub",yes
"maid agency in rajokari",/delhi/rajokari,delhi,medium,"locality hub",yes
"domestic help in rajokari",/delhi/rajokari,delhi,medium,"locality hub",yes
"full-time maid in rajokari",/delhi/rajokari/full-time-maid,delhi,medium,"service x locality (full-time-maid)",no
"part-time maid in rajokari",/delhi/rajokari/part-time-maid,delhi,medium,"service x locality (part-time-maid)",no
"cook in rajokari",/delhi/rajokari/cook,delhi,medium,"service x locality (cook)",no
"babysitter / nanny in rajokari",/delhi/rajokari/babysitter-nanny,delhi,medium,"service x locality (babysitter-nanny)",no
"elder care in rajokari",/delhi/rajokari/elder-care,delhi,medium,"service x locality (elder-care)",no
"maid service in najafgarh",/delhi/najafgarh,delhi,medium,"locality hub",yes
"maid agency in najafgarh",/delhi/najafgarh,delhi,medium,"locality hub",yes
"domestic help in najafgarh",/delhi/najafgarh,delhi,medium,"locality hub",yes
"full-time maid in najafgarh",/delhi/najafgarh/full-time-maid,delhi,medium,"service x locality (full-time-maid)",yes
"part-time maid in najafgarh",/delhi/najafgarh/part-time-maid,delhi,medium,"service x locality (part-time-maid)",yes
"cook in najafgarh",/delhi/najafgarh/cook,delhi,medium,"service x locality (cook)",yes
"babysitter / nanny in najafgarh",/delhi/najafgarh/babysitter-nanny,delhi,medium,"service x locality (babysitter-nanny)",yes
"elder care in najafgarh",/delhi/najafgarh/elder-care,delhi,medium,"service x locality (elder-care)",yes
"maid service in palam",/delhi/palam,delhi,medium,"locality hub",yes
"maid agency in palam",/delhi/palam,delhi,medium,"locality hub",yes
"domestic help in palam",/delhi/palam,delhi,medium,"locality hub",yes
"full-time maid in palam",/delhi/palam/full-time-maid,delhi,medium,"service x locality (full-time-maid)",yes
"part-time maid in palam",/delhi/palam/part-time-maid,delhi,medium,"service x locality (part-time-maid)",yes
"cook in palam",/delhi/palam/cook,delhi,medium,"service x locality (cook)",yes
"babysitter / nanny in palam",/delhi/palam/babysitter-nanny,delhi,medium,"service x locality (babysitter-nanny)",yes
"elder care in palam",/delhi/palam/elder-care,delhi,medium,"service x locality (elder-care)",yes
"maid service in nangal raya",/delhi/nangal-raya,delhi,medium,"locality hub",yes
"maid agency in nangal raya",/delhi/nangal-raya,delhi,medium,"locality hub",yes
"domestic help in nangal raya",/delhi/nangal-raya,delhi,medium,"locality hub",yes
"full-time maid in nangal raya",/delhi/nangal-raya/full-time-maid,delhi,medium,"service x locality (full-time-maid)",yes
"part-time maid in nangal raya",/delhi/nangal-raya/part-time-maid,delhi,medium,"service x locality (part-time-maid)",yes
"cook in nangal raya",/delhi/nangal-raya/cook,delhi,medium,"service x locality (cook)",yes
"babysitter / nanny in nangal raya",/delhi/nangal-raya/babysitter-nanny,delhi,medium,"service x locality (babysitter-nanny)",yes
"elder care in nangal raya",/delhi/nangal-raya/elder-care,delhi,medium,"service x locality (elder-care)",yes
"maid service in arjun garh",/delhi/arjun-garh,delhi,medium,"locality hub",yes
"maid agency in arjun garh",/delhi/arjun-garh,delhi,medium,"locality hub",yes
"domestic help in arjun garh",/delhi/arjun-garh,delhi,medium,"locality hub",yes
"full-time maid in arjun garh",/delhi/arjun-garh/full-time-maid,delhi,medium,"service x locality (full-time-maid)",yes
"part-time maid in arjun garh",/delhi/arjun-garh/part-time-maid,delhi,medium,"service x locality (part-time-maid)",yes
"cook in arjun garh",/delhi/arjun-garh/cook,delhi,medium,"service x locality (cook)",yes
"babysitter / nanny in arjun garh",/delhi/arjun-garh/babysitter-nanny,delhi,medium,"service x locality (babysitter-nanny)",yes
"elder care in arjun garh",/delhi/arjun-garh/elder-care,delhi,medium,"service x locality (elder-care)",yes
"maid service in chhawla",/delhi/chhawla,delhi,medium,"locality hub",yes
"maid agency in chhawla",/delhi/chhawla,delhi,medium,"locality hub",yes
"domestic help in chhawla",/delhi/chhawla,delhi,medium,"locality hub",yes
"full-time maid in chhawla",/delhi/chhawla/full-time-maid,delhi,medium,"service x locality (full-time-maid)",yes
"part-time maid in chhawla",/delhi/chhawla/part-time-maid,delhi,medium,"service x locality (part-time-maid)",yes
"cook in chhawla",/delhi/chhawla/cook,delhi,medium,"service x locality (cook)",yes
"babysitter / nanny in chhawla",/delhi/chhawla/babysitter-nanny,delhi,medium,"service x locality (babysitter-nanny)",yes
"elder care in chhawla",/delhi/chhawla/elder-care,delhi,medium,"service x locality (elder-care)",yes
"maid service in mahavir enclave",/delhi/mahavir-enclave,delhi,medium,"locality hub",yes
"maid agency in mahavir enclave",/delhi/mahavir-enclave,delhi,medium,"locality hub",yes
"domestic help in mahavir enclave",/delhi/mahavir-enclave,delhi,medium,"locality hub",yes
"full-time maid in mahavir enclave",/delhi/mahavir-enclave/full-time-maid,delhi,medium,"service x locality (full-time-maid)",yes
"part-time maid in mahavir enclave",/delhi/mahavir-enclave/part-time-maid,delhi,medium,"service x locality (part-time-maid)",yes
"cook in mahavir enclave",/delhi/mahavir-enclave/cook,delhi,medium,"service x locality (cook)",yes
"babysitter / nanny in mahavir enclave",/delhi/mahavir-enclave/babysitter-nanny,delhi,medium,"service x locality (babysitter-nanny)",yes
"elder care in mahavir enclave",/delhi/mahavir-enclave/elder-care,delhi,medium,"service x locality (elder-care)",yes
"maid service in ramesh nagar",/delhi/ramesh-nagar,delhi,high,"locality hub",yes
"maid agency in ramesh nagar",/delhi/ramesh-nagar,delhi,high,"locality hub",yes
"domestic help in ramesh nagar",/delhi/ramesh-nagar,delhi,high,"locality hub",yes
"full-time maid in ramesh nagar",/delhi/ramesh-nagar/full-time-maid,delhi,high,"service x locality (full-time-maid)",yes
"part-time maid in ramesh nagar",/delhi/ramesh-nagar/part-time-maid,delhi,high,"service x locality (part-time-maid)",yes
"cook in ramesh nagar",/delhi/ramesh-nagar/cook,delhi,high,"service x locality (cook)",yes
"babysitter / nanny in ramesh nagar",/delhi/ramesh-nagar/babysitter-nanny,delhi,high,"service x locality (babysitter-nanny)",yes
"elder care in ramesh nagar",/delhi/ramesh-nagar/elder-care,delhi,high,"service x locality (elder-care)",yes
"maid service in punjabi bagh",/delhi/punjabi-bagh,delhi,high,"locality hub",yes
"maid agency in punjabi bagh",/delhi/punjabi-bagh,delhi,high,"locality hub",yes
"domestic help in punjabi bagh",/delhi/punjabi-bagh,delhi,high,"locality hub",yes
"full-time maid in punjabi bagh",/delhi/punjabi-bagh/full-time-maid,delhi,high,"service x locality (full-time-maid)",yes
"part-time maid in punjabi bagh",/delhi/punjabi-bagh/part-time-maid,delhi,high,"service x locality (part-time-maid)",yes
"cook in punjabi bagh",/delhi/punjabi-bagh/cook,delhi,high,"service x locality (cook)",yes
"babysitter / nanny in punjabi bagh",/delhi/punjabi-bagh/babysitter-nanny,delhi,high,"service x locality (babysitter-nanny)",yes
"elder care in punjabi bagh",/delhi/punjabi-bagh/elder-care,delhi,high,"service x locality (elder-care)",yes
"maid service in rajouri garden",/delhi/rajouri-garden,delhi,high,"locality hub",yes
"maid agency in rajouri garden",/delhi/rajouri-garden,delhi,high,"locality hub",yes
"domestic help in rajouri garden",/delhi/rajouri-garden,delhi,high,"locality hub",yes
"full-time maid in rajouri garden",/delhi/rajouri-garden/full-time-maid,delhi,high,"service x locality (full-time-maid)",yes
"part-time maid in rajouri garden",/delhi/rajouri-garden/part-time-maid,delhi,high,"service x locality (part-time-maid)",yes
"cook in rajouri garden",/delhi/rajouri-garden/cook,delhi,high,"service x locality (cook)",yes
"babysitter / nanny in rajouri garden",/delhi/rajouri-garden/babysitter-nanny,delhi,high,"service x locality (babysitter-nanny)",yes
"elder care in rajouri garden",/delhi/rajouri-garden/elder-care,delhi,high,"service x locality (elder-care)",yes
"maid service in tagore garden",/delhi/tagore-garden,delhi,high,"locality hub",yes
"maid agency in tagore garden",/delhi/tagore-garden,delhi,high,"locality hub",yes
"domestic help in tagore garden",/delhi/tagore-garden,delhi,high,"locality hub",yes
"full-time maid in tagore garden",/delhi/tagore-garden/full-time-maid,delhi,high,"service x locality (full-time-maid)",yes
"part-time maid in tagore garden",/delhi/tagore-garden/part-time-maid,delhi,high,"service x locality (part-time-maid)",yes
"cook in tagore garden",/delhi/tagore-garden/cook,delhi,high,"service x locality (cook)",yes
"babysitter / nanny in tagore garden",/delhi/tagore-garden/babysitter-nanny,delhi,high,"service x locality (babysitter-nanny)",yes
"elder care in tagore garden",/delhi/tagore-garden/elder-care,delhi,high,"service x locality (elder-care)",yes
"maid service in naraina",/delhi/naraina,delhi,high,"locality hub",yes
"maid agency in naraina",/delhi/naraina,delhi,high,"locality hub",yes
"domestic help in naraina",/delhi/naraina,delhi,high,"locality hub",yes
"full-time maid in naraina",/delhi/naraina/full-time-maid,delhi,high,"service x locality (full-time-maid)",yes
"part-time maid in naraina",/delhi/naraina/part-time-maid,delhi,high,"service x locality (part-time-maid)",yes
"cook in naraina",/delhi/naraina/cook,delhi,high,"service x locality (cook)",yes
"babysitter / nanny in naraina",/delhi/naraina/babysitter-nanny,delhi,high,"service x locality (babysitter-nanny)",yes
"elder care in naraina",/delhi/naraina/elder-care,delhi,high,"service x locality (elder-care)",yes
"maid service in janakpuri",/delhi/janakpuri,delhi,high,"locality hub",yes
"maid agency in janakpuri",/delhi/janakpuri,delhi,high,"locality hub",yes
"domestic help in janakpuri",/delhi/janakpuri,delhi,high,"locality hub",yes
"full-time maid in janakpuri",/delhi/janakpuri/full-time-maid,delhi,high,"service x locality (full-time-maid)",yes
"part-time maid in janakpuri",/delhi/janakpuri/part-time-maid,delhi,high,"service x locality (part-time-maid)",yes
"cook in janakpuri",/delhi/janakpuri/cook,delhi,high,"service x locality (cook)",yes
"babysitter / nanny in janakpuri",/delhi/janakpuri/babysitter-nanny,delhi,high,"service x locality (babysitter-nanny)",yes
"elder care in janakpuri",/delhi/janakpuri/elder-care,delhi,high,"service x locality (elder-care)",yes
"maid service in tilak nagar",/delhi/tilak-nagar,delhi,medium,"locality hub",yes
"maid agency in tilak nagar",/delhi/tilak-nagar,delhi,medium,"locality hub",yes
"domestic help in tilak nagar",/delhi/tilak-nagar,delhi,medium,"locality hub",yes
"full-time maid in tilak nagar",/delhi/tilak-nagar/full-time-maid,delhi,medium,"service x locality (full-time-maid)",yes
"part-time maid in tilak nagar",/delhi/tilak-nagar/part-time-maid,delhi,medium,"service x locality (part-time-maid)",yes
"cook in tilak nagar",/delhi/tilak-nagar/cook,delhi,medium,"service x locality (cook)",yes
"babysitter / nanny in tilak nagar",/delhi/tilak-nagar/babysitter-nanny,delhi,medium,"service x locality (babysitter-nanny)",yes
"elder care in tilak nagar",/delhi/tilak-nagar/elder-care,delhi,medium,"service x locality (elder-care)",yes
"maid service in nangloi",/delhi/nangloi,delhi,medium,"locality hub",yes
"maid agency in nangloi",/delhi/nangloi,delhi,medium,"locality hub",yes
"domestic help in nangloi",/delhi/nangloi,delhi,medium,"locality hub",yes
"full-time maid in nangloi",/delhi/nangloi/full-time-maid,delhi,medium,"service x locality (full-time-maid)",yes
"part-time maid in nangloi",/delhi/nangloi/part-time-maid,delhi,medium,"service x locality (part-time-maid)",yes
"cook in nangloi",/delhi/nangloi/cook,delhi,medium,"service x locality (cook)",yes
"babysitter / nanny in nangloi",/delhi/nangloi/babysitter-nanny,delhi,medium,"service x locality (babysitter-nanny)",yes
"elder care in nangloi",/delhi/nangloi/elder-care,delhi,medium,"service x locality (elder-care)",yes
"maid service in uttam nagar",/delhi/uttam-nagar,delhi,medium,"locality hub",yes
"maid agency in uttam nagar",/delhi/uttam-nagar,delhi,medium,"locality hub",yes
"domestic help in uttam nagar",/delhi/uttam-nagar,delhi,medium,"locality hub",yes
"full-time maid in uttam nagar",/delhi/uttam-nagar/full-time-maid,delhi,medium,"service x locality (full-time-maid)",yes
"part-time maid in uttam nagar",/delhi/uttam-nagar/part-time-maid,delhi,medium,"service x locality (part-time-maid)",yes
"cook in uttam nagar",/delhi/uttam-nagar/cook,delhi,medium,"service x locality (cook)",yes
"babysitter / nanny in uttam nagar",/delhi/uttam-nagar/babysitter-nanny,delhi,medium,"service x locality (babysitter-nanny)",yes
"elder care in uttam nagar",/delhi/uttam-nagar/elder-care,delhi,medium,"service x locality (elder-care)",yes
"maid service in paschim vihar",/delhi/paschim-vihar,delhi,medium,"locality hub",yes
"maid agency in paschim vihar",/delhi/paschim-vihar,delhi,medium,"locality hub",yes
"domestic help in paschim vihar",/delhi/paschim-vihar,delhi,medium,"locality hub",yes
"full-time maid in paschim vihar",/delhi/paschim-vihar/full-time-maid,delhi,medium,"service x locality (full-time-maid)",yes
"part-time maid in paschim vihar",/delhi/paschim-vihar/part-time-maid,delhi,medium,"service x locality (part-time-maid)",yes
"cook in paschim vihar",/delhi/paschim-vihar/cook,delhi,medium,"service x locality (cook)",yes
"babysitter / nanny in paschim vihar",/delhi/paschim-vihar/babysitter-nanny,delhi,medium,"service x locality (babysitter-nanny)",yes
"elder care in paschim vihar",/delhi/paschim-vihar/elder-care,delhi,medium,"service x locality (elder-care)",yes
"maid service in hari nagar",/delhi/hari-nagar,delhi,medium,"locality hub",yes
"maid agency in hari nagar",/delhi/hari-nagar,delhi,medium,"locality hub",yes
"domestic help in hari nagar",/delhi/hari-nagar,delhi,medium,"locality hub",yes
"full-time maid in hari nagar",/delhi/hari-nagar/full-time-maid,delhi,medium,"service x locality (full-time-maid)",yes
"part-time maid in hari nagar",/delhi/hari-nagar/part-time-maid,delhi,medium,"service x locality (part-time-maid)",yes
"cook in hari nagar",/delhi/hari-nagar/cook,delhi,medium,"service x locality (cook)",yes
"babysitter / nanny in hari nagar",/delhi/hari-nagar/babysitter-nanny,delhi,medium,"service x locality (babysitter-nanny)",yes
"elder care in hari nagar",/delhi/hari-nagar/elder-care,delhi,medium,"service x locality (elder-care)",yes
"maid service in kamla nagar",/delhi/kamla-nagar,delhi,high,"locality hub",yes
"maid agency in kamla nagar",/delhi/kamla-nagar,delhi,high,"locality hub",yes
"domestic help in kamla nagar",/delhi/kamla-nagar,delhi,high,"locality hub",yes
"full-time maid in kamla nagar",/delhi/kamla-nagar/full-time-maid,delhi,high,"service x locality (full-time-maid)",yes
"part-time maid in kamla nagar",/delhi/kamla-nagar/part-time-maid,delhi,high,"service x locality (part-time-maid)",yes
"cook in kamla nagar",/delhi/kamla-nagar/cook,delhi,high,"service x locality (cook)",yes
"babysitter / nanny in kamla nagar",/delhi/kamla-nagar/babysitter-nanny,delhi,high,"service x locality (babysitter-nanny)",yes
"elder care in kamla nagar",/delhi/kamla-nagar/elder-care,delhi,high,"service x locality (elder-care)",yes
"maid service in model town",/delhi/model-town,delhi,medium,"locality hub",yes
"maid agency in model town",/delhi/model-town,delhi,medium,"locality hub",yes
"domestic help in model town",/delhi/model-town,delhi,medium,"locality hub",yes
"full-time maid in model town",/delhi/model-town/full-time-maid,delhi,medium,"service x locality (full-time-maid)",yes
"part-time maid in model town",/delhi/model-town/part-time-maid,delhi,medium,"service x locality (part-time-maid)",yes
"cook in model town",/delhi/model-town/cook,delhi,medium,"service x locality (cook)",yes
"babysitter / nanny in model town",/delhi/model-town/babysitter-nanny,delhi,medium,"service x locality (babysitter-nanny)",yes
"elder care in model town",/delhi/model-town/elder-care,delhi,medium,"service x locality (elder-care)",yes
"maid service in azadpur",/delhi/azadpur,delhi,medium,"locality hub",yes
"maid agency in azadpur",/delhi/azadpur,delhi,medium,"locality hub",yes
"domestic help in azadpur",/delhi/azadpur,delhi,medium,"locality hub",yes
"full-time maid in azadpur",/delhi/azadpur/full-time-maid,delhi,medium,"service x locality (full-time-maid)",yes
"part-time maid in azadpur",/delhi/azadpur/part-time-maid,delhi,medium,"service x locality (part-time-maid)",yes
"cook in azadpur",/delhi/azadpur/cook,delhi,medium,"service x locality (cook)",yes
"babysitter / nanny in azadpur",/delhi/azadpur/babysitter-nanny,delhi,medium,"service x locality (babysitter-nanny)",yes
"elder care in azadpur",/delhi/azadpur/elder-care,delhi,medium,"service x locality (elder-care)",yes
"maid service in civil lines",/delhi/civil-lines,delhi,medium,"locality hub",yes
"maid agency in civil lines",/delhi/civil-lines,delhi,medium,"locality hub",yes
"domestic help in civil lines",/delhi/civil-lines,delhi,medium,"locality hub",yes
"full-time maid in civil lines",/delhi/civil-lines/full-time-maid,delhi,medium,"service x locality (full-time-maid)",yes
"part-time maid in civil lines",/delhi/civil-lines/part-time-maid,delhi,medium,"service x locality (part-time-maid)",yes
"cook in civil lines",/delhi/civil-lines/cook,delhi,medium,"service x locality (cook)",yes
"babysitter / nanny in civil lines",/delhi/civil-lines/babysitter-nanny,delhi,medium,"service x locality (babysitter-nanny)",yes
"elder care in civil lines",/delhi/civil-lines/elder-care,delhi,medium,"service x locality (elder-care)",yes
"maid service in burari",/delhi/burari,delhi,medium,"locality hub",yes
"maid agency in burari",/delhi/burari,delhi,medium,"locality hub",yes
"domestic help in burari",/delhi/burari,delhi,medium,"locality hub",yes
"full-time maid in burari",/delhi/burari/full-time-maid,delhi,medium,"service x locality (full-time-maid)",yes
"part-time maid in burari",/delhi/burari/part-time-maid,delhi,medium,"service x locality (part-time-maid)",yes
"cook in burari",/delhi/burari/cook,delhi,medium,"service x locality (cook)",yes
"babysitter / nanny in burari",/delhi/burari/babysitter-nanny,delhi,medium,"service x locality (babysitter-nanny)",yes
"elder care in burari",/delhi/burari/elder-care,delhi,medium,"service x locality (elder-care)",yes
"maid service in ashok vihar",/delhi/ashok-vihar,delhi,high,"locality hub",yes
"maid agency in ashok vihar",/delhi/ashok-vihar,delhi,high,"locality hub",yes
"domestic help in ashok vihar",/delhi/ashok-vihar,delhi,high,"locality hub",yes
"full-time maid in ashok vihar",/delhi/ashok-vihar/full-time-maid,delhi,high,"service x locality (full-time-maid)",yes
"part-time maid in ashok vihar",/delhi/ashok-vihar/part-time-maid,delhi,high,"service x locality (part-time-maid)",yes
"cook in ashok vihar",/delhi/ashok-vihar/cook,delhi,high,"service x locality (cook)",yes
"babysitter / nanny in ashok vihar",/delhi/ashok-vihar/babysitter-nanny,delhi,high,"service x locality (babysitter-nanny)",yes
"elder care in ashok vihar",/delhi/ashok-vihar/elder-care,delhi,high,"service x locality (elder-care)",yes
"maid service in pitampura",/delhi/pitampura,delhi,medium,"locality hub",yes
"maid agency in pitampura",/delhi/pitampura,delhi,medium,"locality hub",yes
"domestic help in pitampura",/delhi/pitampura,delhi,medium,"locality hub",yes
"full-time maid in pitampura",/delhi/pitampura/full-time-maid,delhi,medium,"service x locality (full-time-maid)",yes
"part-time maid in pitampura",/delhi/pitampura/part-time-maid,delhi,medium,"service x locality (part-time-maid)",yes
"cook in pitampura",/delhi/pitampura/cook,delhi,medium,"service x locality (cook)",yes
"babysitter / nanny in pitampura",/delhi/pitampura/babysitter-nanny,delhi,medium,"service x locality (babysitter-nanny)",yes
"elder care in pitampura",/delhi/pitampura/elder-care,delhi,medium,"service x locality (elder-care)",yes
"maid service in shakurpur",/delhi/shakurpur,delhi,medium,"locality hub",yes
"maid agency in shakurpur",/delhi/shakurpur,delhi,medium,"locality hub",yes
"domestic help in shakurpur",/delhi/shakurpur,delhi,medium,"locality hub",yes
"full-time maid in shakurpur",/delhi/shakurpur/full-time-maid,delhi,medium,"service x locality (full-time-maid)",yes
"part-time maid in shakurpur",/delhi/shakurpur/part-time-maid,delhi,medium,"service x locality (part-time-maid)",yes
"cook in shakurpur",/delhi/shakurpur/cook,delhi,medium,"service x locality (cook)",yes
"babysitter / nanny in shakurpur",/delhi/shakurpur/babysitter-nanny,delhi,medium,"service x locality (babysitter-nanny)",yes
"elder care in shakurpur",/delhi/shakurpur/elder-care,delhi,medium,"service x locality (elder-care)",yes
"maid service in alipur",/delhi/alipur,delhi,medium,"locality hub",yes
"maid agency in alipur",/delhi/alipur,delhi,medium,"locality hub",yes
"domestic help in alipur",/delhi/alipur,delhi,medium,"locality hub",yes
"full-time maid in alipur",/delhi/alipur/full-time-maid,delhi,medium,"service x locality (full-time-maid)",yes
"part-time maid in alipur",/delhi/alipur/part-time-maid,delhi,medium,"service x locality (part-time-maid)",yes
"cook in alipur",/delhi/alipur/cook,delhi,medium,"service x locality (cook)",yes
"babysitter / nanny in alipur",/delhi/alipur/babysitter-nanny,delhi,medium,"service x locality (babysitter-nanny)",yes
"elder care in alipur",/delhi/alipur/elder-care,delhi,medium,"service x locality (elder-care)",yes
"maid service in bawana",/delhi/bawana,delhi,medium,"locality hub",yes
"maid agency in bawana",/delhi/bawana,delhi,medium,"locality hub",yes
"domestic help in bawana",/delhi/bawana,delhi,medium,"locality hub",yes
"full-time maid in bawana",/delhi/bawana/full-time-maid,delhi,medium,"service x locality (full-time-maid)",yes
"part-time maid in bawana",/delhi/bawana/part-time-maid,delhi,medium,"service x locality (part-time-maid)",yes
"cook in bawana",/delhi/bawana/cook,delhi,medium,"service x locality (cook)",no
"babysitter / nanny in bawana",/delhi/bawana/babysitter-nanny,delhi,medium,"service x locality (babysitter-nanny)",yes
"elder care in bawana",/delhi/bawana/elder-care,delhi,medium,"service x locality (elder-care)",yes
"maid service in narela",/delhi/narela,delhi,medium,"locality hub",yes
"maid agency in narela",/delhi/narela,delhi,medium,"locality hub",yes
"domestic help in narela",/delhi/narela,delhi,medium,"locality hub",yes
"full-time maid in narela",/delhi/narela/full-time-maid,delhi,medium,"service x locality (full-time-maid)",yes
"part-time maid in narela",/delhi/narela/part-time-maid,delhi,medium,"service x locality (part-time-maid)",yes
"cook in narela",/delhi/narela/cook,delhi,medium,"service x locality (cook)",no
"babysitter / nanny in narela",/delhi/narela/babysitter-nanny,delhi,medium,"service x locality (babysitter-nanny)",yes
"elder care in narela",/delhi/narela/elder-care,delhi,medium,"service x locality (elder-care)",yes
"maid service in samaypur badli",/delhi/samaypur-badli,delhi,medium,"locality hub",yes
"maid agency in samaypur badli",/delhi/samaypur-badli,delhi,medium,"locality hub",yes
"domestic help in samaypur badli",/delhi/samaypur-badli,delhi,medium,"locality hub",yes
"full-time maid in samaypur badli",/delhi/samaypur-badli/full-time-maid,delhi,medium,"service x locality (full-time-maid)",yes
"part-time maid in samaypur badli",/delhi/samaypur-badli/part-time-maid,delhi,medium,"service x locality (part-time-maid)",yes
"cook in samaypur badli",/delhi/samaypur-badli/cook,delhi,medium,"service x locality (cook)",yes
"babysitter / nanny in samaypur badli",/delhi/samaypur-badli/babysitter-nanny,delhi,medium,"service x locality (babysitter-nanny)",yes
"elder care in samaypur badli",/delhi/samaypur-badli/elder-care,delhi,medium,"service x locality (elder-care)",yes
"maid service in shakur basti",/delhi/shakur-basti,delhi,medium,"locality hub",yes
"maid agency in shakur basti",/delhi/shakur-basti,delhi,medium,"locality hub",yes
"domestic help in shakur basti",/delhi/shakur-basti,delhi,medium,"locality hub",yes
"full-time maid in shakur basti",/delhi/shakur-basti/full-time-maid,delhi,medium,"service x locality (full-time-maid)",yes
"part-time maid in shakur basti",/delhi/shakur-basti/part-time-maid,delhi,medium,"service x locality (part-time-maid)",yes
"cook in shakur basti",/delhi/shakur-basti/cook,delhi,medium,"service x locality (cook)",yes
"babysitter / nanny in shakur basti",/delhi/shakur-basti/babysitter-nanny,delhi,medium,"service x locality (babysitter-nanny)",yes
"elder care in shakur basti",/delhi/shakur-basti/elder-care,delhi,medium,"service x locality (elder-care)",yes
"maid service in kanjhawala",/delhi/kanjhawala,delhi,medium,"locality hub",yes
"maid agency in kanjhawala",/delhi/kanjhawala,delhi,medium,"locality hub",yes
"domestic help in kanjhawala",/delhi/kanjhawala,delhi,medium,"locality hub",yes
"full-time maid in kanjhawala",/delhi/kanjhawala/full-time-maid,delhi,medium,"service x locality (full-time-maid)",yes
"part-time maid in kanjhawala",/delhi/kanjhawala/part-time-maid,delhi,medium,"service x locality (part-time-maid)",yes
"cook in kanjhawala",/delhi/kanjhawala/cook,delhi,medium,"service x locality (cook)",yes
"babysitter / nanny in kanjhawala",/delhi/kanjhawala/babysitter-nanny,delhi,medium,"service x locality (babysitter-nanny)",yes
"elder care in kanjhawala",/delhi/kanjhawala/elder-care,delhi,medium,"service x locality (elder-care)",yes
"maid service in rohini",/delhi/rohini,delhi,medium,"locality hub",yes
"maid agency in rohini",/delhi/rohini,delhi,medium,"locality hub",yes
"domestic help in rohini",/delhi/rohini,delhi,medium,"locality hub",yes
"full-time maid in rohini",/delhi/rohini/full-time-maid,delhi,medium,"service x locality (full-time-maid)",yes
"part-time maid in rohini",/delhi/rohini/part-time-maid,delhi,medium,"service x locality (part-time-maid)",yes
"cook in rohini",/delhi/rohini/cook,delhi,medium,"service x locality (cook)",yes
"babysitter / nanny in rohini",/delhi/rohini/babysitter-nanny,delhi,medium,"service x locality (babysitter-nanny)",yes
"elder care in rohini",/delhi/rohini/elder-care,delhi,medium,"service x locality (elder-care)",yes
"maid service in shalimar bagh",/delhi/shalimar-bagh,delhi,medium,"locality hub",yes
"maid agency in shalimar bagh",/delhi/shalimar-bagh,delhi,medium,"locality hub",yes
"domestic help in shalimar bagh",/delhi/shalimar-bagh,delhi,medium,"locality hub",yes
"full-time maid in shalimar bagh",/delhi/shalimar-bagh/full-time-maid,delhi,medium,"service x locality (full-time-maid)",yes
"part-time maid in shalimar bagh",/delhi/shalimar-bagh/part-time-maid,delhi,medium,"service x locality (part-time-maid)",yes
"cook in shalimar bagh",/delhi/shalimar-bagh/cook,delhi,medium,"service x locality (cook)",yes
"babysitter / nanny in shalimar bagh",/delhi/shalimar-bagh/babysitter-nanny,delhi,medium,"service x locality (babysitter-nanny)",yes
"elder care in shalimar bagh",/delhi/shalimar-bagh/elder-care,delhi,medium,"service x locality (elder-care)",yes
"maid service in mayur vihar",/delhi/mayur-vihar,delhi,high,"locality hub",yes
"maid agency in mayur vihar",/delhi/mayur-vihar,delhi,high,"locality hub",yes
"domestic help in mayur vihar",/delhi/mayur-vihar,delhi,high,"locality hub",yes
"full-time maid in mayur vihar",/delhi/mayur-vihar/full-time-maid,delhi,high,"service x locality (full-time-maid)",yes
"part-time maid in mayur vihar",/delhi/mayur-vihar/part-time-maid,delhi,high,"service x locality (part-time-maid)",yes
"cook in mayur vihar",/delhi/mayur-vihar/cook,delhi,high,"service x locality (cook)",yes
"babysitter / nanny in mayur vihar",/delhi/mayur-vihar/babysitter-nanny,delhi,high,"service x locality (babysitter-nanny)",yes
"elder care in mayur vihar",/delhi/mayur-vihar/elder-care,delhi,high,"service x locality (elder-care)",yes
"maid service in mayur vihar phase iii",/delhi/mayur-vihar-phase-3,delhi,medium,"locality hub",yes
"maid agency in mayur vihar phase iii",/delhi/mayur-vihar-phase-3,delhi,medium,"locality hub",yes
"domestic help in mayur vihar phase iii",/delhi/mayur-vihar-phase-3,delhi,medium,"locality hub",yes
"full-time maid in mayur vihar phase iii",/delhi/mayur-vihar-phase-3/full-time-maid,delhi,medium,"service x locality (full-time-maid)",yes
"part-time maid in mayur vihar phase iii",/delhi/mayur-vihar-phase-3/part-time-maid,delhi,medium,"service x locality (part-time-maid)",yes
"cook in mayur vihar phase iii",/delhi/mayur-vihar-phase-3/cook,delhi,medium,"service x locality (cook)",yes
"babysitter / nanny in mayur vihar phase iii",/delhi/mayur-vihar-phase-3/babysitter-nanny,delhi,medium,"service x locality (babysitter-nanny)",yes
"elder care in mayur vihar phase iii",/delhi/mayur-vihar-phase-3/elder-care,delhi,medium,"service x locality (elder-care)",yes
"maid service in preet vihar",/delhi/preet-vihar,delhi,high,"locality hub",yes
"maid agency in preet vihar",/delhi/preet-vihar,delhi,high,"locality hub",yes
"domestic help in preet vihar",/delhi/preet-vihar,delhi,high,"locality hub",yes
"full-time maid in preet vihar",/delhi/preet-vihar/full-time-maid,delhi,high,"service x locality (full-time-maid)",yes
"part-time maid in preet vihar",/delhi/preet-vihar/part-time-maid,delhi,high,"service x locality (part-time-maid)",yes
"cook in preet vihar",/delhi/preet-vihar/cook,delhi,high,"service x locality (cook)",yes
"babysitter / nanny in preet vihar",/delhi/preet-vihar/babysitter-nanny,delhi,high,"service x locality (babysitter-nanny)",yes
"elder care in preet vihar",/delhi/preet-vihar/elder-care,delhi,high,"service x locality (elder-care)",yes
"maid service in laxmi nagar",/delhi/laxmi-nagar,delhi,high,"locality hub",yes
"maid agency in laxmi nagar",/delhi/laxmi-nagar,delhi,high,"locality hub",yes
"domestic help in laxmi nagar",/delhi/laxmi-nagar,delhi,high,"locality hub",yes
"full-time maid in laxmi nagar",/delhi/laxmi-nagar/full-time-maid,delhi,high,"service x locality (full-time-maid)",yes
"part-time maid in laxmi nagar",/delhi/laxmi-nagar/part-time-maid,delhi,high,"service x locality (part-time-maid)",yes
"cook in laxmi nagar",/delhi/laxmi-nagar/cook,delhi,high,"service x locality (cook)",yes
"babysitter / nanny in laxmi nagar",/delhi/laxmi-nagar/babysitter-nanny,delhi,high,"service x locality (babysitter-nanny)",yes
"elder care in laxmi nagar",/delhi/laxmi-nagar/elder-care,delhi,high,"service x locality (elder-care)",yes
"maid service in vasundhara enclave",/delhi/vasundhara-enclave,delhi,high,"locality hub",yes
"maid agency in vasundhara enclave",/delhi/vasundhara-enclave,delhi,high,"locality hub",yes
"domestic help in vasundhara enclave",/delhi/vasundhara-enclave,delhi,high,"locality hub",yes
"full-time maid in vasundhara enclave",/delhi/vasundhara-enclave/full-time-maid,delhi,high,"service x locality (full-time-maid)",yes
"part-time maid in vasundhara enclave",/delhi/vasundhara-enclave/part-time-maid,delhi,high,"service x locality (part-time-maid)",yes
"cook in vasundhara enclave",/delhi/vasundhara-enclave/cook,delhi,high,"service x locality (cook)",yes
"babysitter / nanny in vasundhara enclave",/delhi/vasundhara-enclave/babysitter-nanny,delhi,high,"service x locality (babysitter-nanny)",yes
"elder care in vasundhara enclave",/delhi/vasundhara-enclave/elder-care,delhi,high,"service x locality (elder-care)",yes
"maid service in gandhi nagar",/delhi/gandhi-nagar,delhi,medium,"locality hub",yes
"maid agency in gandhi nagar",/delhi/gandhi-nagar,delhi,medium,"locality hub",yes
"domestic help in gandhi nagar",/delhi/gandhi-nagar,delhi,medium,"locality hub",yes
"full-time maid in gandhi nagar",/delhi/gandhi-nagar/full-time-maid,delhi,medium,"service x locality (full-time-maid)",yes
"part-time maid in gandhi nagar",/delhi/gandhi-nagar/part-time-maid,delhi,medium,"service x locality (part-time-maid)",yes
"cook in gandhi nagar",/delhi/gandhi-nagar/cook,delhi,medium,"service x locality (cook)",yes
"babysitter / nanny in gandhi nagar",/delhi/gandhi-nagar/babysitter-nanny,delhi,medium,"service x locality (babysitter-nanny)",yes
"elder care in gandhi nagar",/delhi/gandhi-nagar/elder-care,delhi,medium,"service x locality (elder-care)",yes
"maid service in vivek vihar",/delhi/vivek-vihar,delhi,high,"locality hub",yes
"maid agency in vivek vihar",/delhi/vivek-vihar,delhi,high,"locality hub",yes
"domestic help in vivek vihar",/delhi/vivek-vihar,delhi,high,"locality hub",yes
"full-time maid in vivek vihar",/delhi/vivek-vihar/full-time-maid,delhi,high,"service x locality (full-time-maid)",yes
"part-time maid in vivek vihar",/delhi/vivek-vihar/part-time-maid,delhi,high,"service x locality (part-time-maid)",yes
"cook in vivek vihar",/delhi/vivek-vihar/cook,delhi,high,"service x locality (cook)",yes
"babysitter / nanny in vivek vihar",/delhi/vivek-vihar/babysitter-nanny,delhi,high,"service x locality (babysitter-nanny)",yes
"elder care in vivek vihar",/delhi/vivek-vihar/elder-care,delhi,high,"service x locality (elder-care)",yes
"maid service in shahdara",/delhi/shahdara,delhi,medium,"locality hub",yes
"maid agency in shahdara",/delhi/shahdara,delhi,medium,"locality hub",yes
"domestic help in shahdara",/delhi/shahdara,delhi,medium,"locality hub",yes
"full-time maid in shahdara",/delhi/shahdara/full-time-maid,delhi,medium,"service x locality (full-time-maid)",yes
"part-time maid in shahdara",/delhi/shahdara/part-time-maid,delhi,medium,"service x locality (part-time-maid)",yes
"cook in shahdara",/delhi/shahdara/cook,delhi,medium,"service x locality (cook)",yes
"babysitter / nanny in shahdara",/delhi/shahdara/babysitter-nanny,delhi,medium,"service x locality (babysitter-nanny)",yes
"elder care in shahdara",/delhi/shahdara/elder-care,delhi,medium,"service x locality (elder-care)",yes
"maid service in bhajanpura",/delhi/bhajanpura,delhi,medium,"locality hub",yes
"maid agency in bhajanpura",/delhi/bhajanpura,delhi,medium,"locality hub",yes
"domestic help in bhajanpura",/delhi/bhajanpura,delhi,medium,"locality hub",yes
"full-time maid in bhajanpura",/delhi/bhajanpura/full-time-maid,delhi,medium,"service x locality (full-time-maid)",yes
"part-time maid in bhajanpura",/delhi/bhajanpura/part-time-maid,delhi,medium,"service x locality (part-time-maid)",yes
"cook in bhajanpura",/delhi/bhajanpura/cook,delhi,medium,"service x locality (cook)",yes
"babysitter / nanny in bhajanpura",/delhi/bhajanpura/babysitter-nanny,delhi,medium,"service x locality (babysitter-nanny)",yes
"elder care in bhajanpura",/delhi/bhajanpura/elder-care,delhi,medium,"service x locality (elder-care)",yes
"maid service in seelampur",/delhi/seelampur,delhi,medium,"locality hub",yes
"maid agency in seelampur",/delhi/seelampur,delhi,medium,"locality hub",yes
"domestic help in seelampur",/delhi/seelampur,delhi,medium,"locality hub",yes
"full-time maid in seelampur",/delhi/seelampur/full-time-maid,delhi,medium,"service x locality (full-time-maid)",yes
"part-time maid in seelampur",/delhi/seelampur/part-time-maid,delhi,medium,"service x locality (part-time-maid)",yes
"cook in seelampur",/delhi/seelampur/cook,delhi,medium,"service x locality (cook)",yes
"babysitter / nanny in seelampur",/delhi/seelampur/babysitter-nanny,delhi,medium,"service x locality (babysitter-nanny)",yes
"elder care in seelampur",/delhi/seelampur/elder-care,delhi,medium,"service x locality (elder-care)",yes
"maid service in karawal nagar",/delhi/karawal-nagar,delhi,medium,"locality hub",yes
"maid agency in karawal nagar",/delhi/karawal-nagar,delhi,medium,"locality hub",yes
"domestic help in karawal nagar",/delhi/karawal-nagar,delhi,medium,"locality hub",yes
"full-time maid in karawal nagar",/delhi/karawal-nagar/full-time-maid,delhi,medium,"service x locality (full-time-maid)",yes
"part-time maid in karawal nagar",/delhi/karawal-nagar/part-time-maid,delhi,medium,"service x locality (part-time-maid)",yes
"cook in karawal nagar",/delhi/karawal-nagar/cook,delhi,medium,"service x locality (cook)",yes
"babysitter / nanny in karawal nagar",/delhi/karawal-nagar/babysitter-nanny,delhi,medium,"service x locality (babysitter-nanny)",yes
"elder care in karawal nagar",/delhi/karawal-nagar/elder-care,delhi,medium,"service x locality (elder-care)",yes
"maid service in sector 12",/noida/sector-12,noida,high,"locality hub",yes
"maid agency in sector 12",/noida/sector-12,noida,high,"locality hub",yes
"domestic help in sector 12",/noida/sector-12,noida,high,"locality hub",yes
"full-time maid in sector 12",/noida/sector-12/full-time-maid,noida,high,"service x locality (full-time-maid)",yes
"part-time maid in sector 12",/noida/sector-12/part-time-maid,noida,high,"service x locality (part-time-maid)",yes
"cook in sector 12",/noida/sector-12/cook,noida,high,"service x locality (cook)",yes
"babysitter / nanny in sector 12",/noida/sector-12/babysitter-nanny,noida,high,"service x locality (babysitter-nanny)",yes
"elder care in sector 12",/noida/sector-12/elder-care,noida,high,"service x locality (elder-care)",yes
"maid service in sector 15",/noida/sector-15,noida,high,"locality hub",yes
"maid agency in sector 15",/noida/sector-15,noida,high,"locality hub",yes
"domestic help in sector 15",/noida/sector-15,noida,high,"locality hub",yes
"full-time maid in sector 15",/noida/sector-15/full-time-maid,noida,high,"service x locality (full-time-maid)",yes
"part-time maid in sector 15",/noida/sector-15/part-time-maid,noida,high,"service x locality (part-time-maid)",yes
"cook in sector 15",/noida/sector-15/cook,noida,high,"service x locality (cook)",yes
"babysitter / nanny in sector 15",/noida/sector-15/babysitter-nanny,noida,high,"service x locality (babysitter-nanny)",yes
"elder care in sector 15",/noida/sector-15/elder-care,noida,high,"service x locality (elder-care)",yes
"maid service in sector 16",/noida/sector-16,noida,high,"locality hub",yes
"maid agency in sector 16",/noida/sector-16,noida,high,"locality hub",yes
"domestic help in sector 16",/noida/sector-16,noida,high,"locality hub",yes
"full-time maid in sector 16",/noida/sector-16/full-time-maid,noida,high,"service x locality (full-time-maid)",yes
"part-time maid in sector 16",/noida/sector-16/part-time-maid,noida,high,"service x locality (part-time-maid)",yes
"cook in sector 16",/noida/sector-16/cook,noida,high,"service x locality (cook)",yes
"babysitter / nanny in sector 16",/noida/sector-16/babysitter-nanny,noida,high,"service x locality (babysitter-nanny)",yes
"elder care in sector 16",/noida/sector-16/elder-care,noida,high,"service x locality (elder-care)",yes
"maid service in sector 18",/noida/sector-18,noida,high,"locality hub",yes
"maid agency in sector 18",/noida/sector-18,noida,high,"locality hub",yes
"domestic help in sector 18",/noida/sector-18,noida,high,"locality hub",yes
"full-time maid in sector 18",/noida/sector-18/full-time-maid,noida,high,"service x locality (full-time-maid)",yes
"part-time maid in sector 18",/noida/sector-18/part-time-maid,noida,high,"service x locality (part-time-maid)",yes
"cook in sector 18",/noida/sector-18/cook,noida,high,"service x locality (cook)",yes
"babysitter / nanny in sector 18",/noida/sector-18/babysitter-nanny,noida,high,"service x locality (babysitter-nanny)",yes
"elder care in sector 18",/noida/sector-18/elder-care,noida,high,"service x locality (elder-care)",yes
"maid service in sector 19",/noida/sector-19,noida,high,"locality hub",yes
"maid agency in sector 19",/noida/sector-19,noida,high,"locality hub",yes
"domestic help in sector 19",/noida/sector-19,noida,high,"locality hub",yes
"full-time maid in sector 19",/noida/sector-19/full-time-maid,noida,high,"service x locality (full-time-maid)",yes
"part-time maid in sector 19",/noida/sector-19/part-time-maid,noida,high,"service x locality (part-time-maid)",yes
"cook in sector 19",/noida/sector-19/cook,noida,high,"service x locality (cook)",yes
"babysitter / nanny in sector 19",/noida/sector-19/babysitter-nanny,noida,high,"service x locality (babysitter-nanny)",yes
"elder care in sector 19",/noida/sector-19/elder-care,noida,high,"service x locality (elder-care)",yes
"maid service in sector 20",/noida/sector-20,noida,high,"locality hub",yes
"maid agency in sector 20",/noida/sector-20,noida,high,"locality hub",yes
"domestic help in sector 20",/noida/sector-20,noida,high,"locality hub",yes
"full-time maid in sector 20",/noida/sector-20/full-time-maid,noida,high,"service x locality (full-time-maid)",yes
"part-time maid in sector 20",/noida/sector-20/part-time-maid,noida,high,"service x locality (part-time-maid)",yes
"cook in sector 20",/noida/sector-20/cook,noida,high,"service x locality (cook)",yes
"babysitter / nanny in sector 20",/noida/sector-20/babysitter-nanny,noida,high,"service x locality (babysitter-nanny)",yes
"elder care in sector 20",/noida/sector-20/elder-care,noida,high,"service x locality (elder-care)",yes
"maid service in sector 21",/noida/sector-21,noida,high,"locality hub",yes
"maid agency in sector 21",/noida/sector-21,noida,high,"locality hub",yes
"domestic help in sector 21",/noida/sector-21,noida,high,"locality hub",yes
"full-time maid in sector 21",/noida/sector-21/full-time-maid,noida,high,"service x locality (full-time-maid)",yes
"part-time maid in sector 21",/noida/sector-21/part-time-maid,noida,high,"service x locality (part-time-maid)",yes
"cook in sector 21",/noida/sector-21/cook,noida,high,"service x locality (cook)",yes
"babysitter / nanny in sector 21",/noida/sector-21/babysitter-nanny,noida,high,"service x locality (babysitter-nanny)",yes
"elder care in sector 21",/noida/sector-21/elder-care,noida,high,"service x locality (elder-care)",yes
"maid service in sector 22",/noida/sector-22,noida,high,"locality hub",yes
"maid agency in sector 22",/noida/sector-22,noida,high,"locality hub",yes
"domestic help in sector 22",/noida/sector-22,noida,high,"locality hub",yes
"full-time maid in sector 22",/noida/sector-22/full-time-maid,noida,high,"service x locality (full-time-maid)",yes
"part-time maid in sector 22",/noida/sector-22/part-time-maid,noida,high,"service x locality (part-time-maid)",yes
"cook in sector 22",/noida/sector-22/cook,noida,high,"service x locality (cook)",yes
"babysitter / nanny in sector 22",/noida/sector-22/babysitter-nanny,noida,high,"service x locality (babysitter-nanny)",yes
"elder care in sector 22",/noida/sector-22/elder-care,noida,high,"service x locality (elder-care)",yes
"maid service in sector 27",/noida/sector-27,noida,high,"locality hub",yes
"maid agency in sector 27",/noida/sector-27,noida,high,"locality hub",yes
"domestic help in sector 27",/noida/sector-27,noida,high,"locality hub",yes
"full-time maid in sector 27",/noida/sector-27/full-time-maid,noida,high,"service x locality (full-time-maid)",yes
"part-time maid in sector 27",/noida/sector-27/part-time-maid,noida,high,"service x locality (part-time-maid)",yes
"cook in sector 27",/noida/sector-27/cook,noida,high,"service x locality (cook)",yes
"babysitter / nanny in sector 27",/noida/sector-27/babysitter-nanny,noida,high,"service x locality (babysitter-nanny)",yes
"elder care in sector 27",/noida/sector-27/elder-care,noida,high,"service x locality (elder-care)",yes
"maid service in sector 28",/noida/sector-28,noida,high,"locality hub",yes
"maid agency in sector 28",/noida/sector-28,noida,high,"locality hub",yes
"domestic help in sector 28",/noida/sector-28,noida,high,"locality hub",yes
"full-time maid in sector 28",/noida/sector-28/full-time-maid,noida,high,"service x locality (full-time-maid)",yes
"part-time maid in sector 28",/noida/sector-28/part-time-maid,noida,high,"service x locality (part-time-maid)",yes
"cook in sector 28",/noida/sector-28/cook,noida,high,"service x locality (cook)",yes
"babysitter / nanny in sector 28",/noida/sector-28/babysitter-nanny,noida,high,"service x locality (babysitter-nanny)",yes
"elder care in sector 28",/noida/sector-28/elder-care,noida,high,"service x locality (elder-care)",yes
"maid service in sector 29",/noida/sector-29,noida,high,"locality hub",yes
"maid agency in sector 29",/noida/sector-29,noida,high,"locality hub",yes
"domestic help in sector 29",/noida/sector-29,noida,high,"locality hub",yes
"full-time maid in sector 29",/noida/sector-29/full-time-maid,noida,high,"service x locality (full-time-maid)",yes
"part-time maid in sector 29",/noida/sector-29/part-time-maid,noida,high,"service x locality (part-time-maid)",yes
"cook in sector 29",/noida/sector-29/cook,noida,high,"service x locality (cook)",yes
"babysitter / nanny in sector 29",/noida/sector-29/babysitter-nanny,noida,high,"service x locality (babysitter-nanny)",yes
"elder care in sector 29",/noida/sector-29/elder-care,noida,high,"service x locality (elder-care)",yes
"maid service in sector 30",/noida/sector-30,noida,high,"locality hub",yes
"maid agency in sector 30",/noida/sector-30,noida,high,"locality hub",yes
"domestic help in sector 30",/noida/sector-30,noida,high,"locality hub",yes
"full-time maid in sector 30",/noida/sector-30/full-time-maid,noida,high,"service x locality (full-time-maid)",yes
"part-time maid in sector 30",/noida/sector-30/part-time-maid,noida,high,"service x locality (part-time-maid)",yes
"cook in sector 30",/noida/sector-30/cook,noida,high,"service x locality (cook)",yes
"babysitter / nanny in sector 30",/noida/sector-30/babysitter-nanny,noida,high,"service x locality (babysitter-nanny)",yes
"elder care in sector 30",/noida/sector-30/elder-care,noida,high,"service x locality (elder-care)",yes
"maid service in sector 37",/noida/sector-37,noida,high,"locality hub",yes
"maid agency in sector 37",/noida/sector-37,noida,high,"locality hub",yes
"domestic help in sector 37",/noida/sector-37,noida,high,"locality hub",yes
"full-time maid in sector 37",/noida/sector-37/full-time-maid,noida,high,"service x locality (full-time-maid)",yes
"part-time maid in sector 37",/noida/sector-37/part-time-maid,noida,high,"service x locality (part-time-maid)",yes
"cook in sector 37",/noida/sector-37/cook,noida,high,"service x locality (cook)",yes
"babysitter / nanny in sector 37",/noida/sector-37/babysitter-nanny,noida,high,"service x locality (babysitter-nanny)",yes
"elder care in sector 37",/noida/sector-37/elder-care,noida,high,"service x locality (elder-care)",yes
"maid service in sector 41",/noida/sector-41,noida,high,"locality hub",yes
"maid agency in sector 41",/noida/sector-41,noida,high,"locality hub",yes
"domestic help in sector 41",/noida/sector-41,noida,high,"locality hub",yes
"full-time maid in sector 41",/noida/sector-41/full-time-maid,noida,high,"service x locality (full-time-maid)",no
"part-time maid in sector 41",/noida/sector-41/part-time-maid,noida,high,"service x locality (part-time-maid)",yes
"cook in sector 41",/noida/sector-41/cook,noida,high,"service x locality (cook)",yes
"babysitter / nanny in sector 41",/noida/sector-41/babysitter-nanny,noida,high,"service x locality (babysitter-nanny)",yes
"elder care in sector 41",/noida/sector-41/elder-care,noida,high,"service x locality (elder-care)",yes
"maid service in sector 43",/noida/sector-43,noida,high,"locality hub",yes
"maid agency in sector 43",/noida/sector-43,noida,high,"locality hub",yes
"domestic help in sector 43",/noida/sector-43,noida,high,"locality hub",yes
"full-time maid in sector 43",/noida/sector-43/full-time-maid,noida,high,"service x locality (full-time-maid)",yes
"part-time maid in sector 43",/noida/sector-43/part-time-maid,noida,high,"service x locality (part-time-maid)",yes
"cook in sector 43",/noida/sector-43/cook,noida,high,"service x locality (cook)",yes
"babysitter / nanny in sector 43",/noida/sector-43/babysitter-nanny,noida,high,"service x locality (babysitter-nanny)",yes
"elder care in sector 43",/noida/sector-43/elder-care,noida,high,"service x locality (elder-care)",yes
"maid service in sector 44",/noida/sector-44,noida,high,"locality hub",yes
"maid agency in sector 44",/noida/sector-44,noida,high,"locality hub",yes
"domestic help in sector 44",/noida/sector-44,noida,high,"locality hub",yes
"full-time maid in sector 44",/noida/sector-44/full-time-maid,noida,high,"service x locality (full-time-maid)",yes
"part-time maid in sector 44",/noida/sector-44/part-time-maid,noida,high,"service x locality (part-time-maid)",yes
"cook in sector 44",/noida/sector-44/cook,noida,high,"service x locality (cook)",yes
"babysitter / nanny in sector 44",/noida/sector-44/babysitter-nanny,noida,high,"service x locality (babysitter-nanny)",yes
"elder care in sector 44",/noida/sector-44/elder-care,noida,high,"service x locality (elder-care)",yes
"maid service in sector 45",/noida/sector-45,noida,high,"locality hub",yes
"maid agency in sector 45",/noida/sector-45,noida,high,"locality hub",yes
"domestic help in sector 45",/noida/sector-45,noida,high,"locality hub",yes
"full-time maid in sector 45",/noida/sector-45/full-time-maid,noida,high,"service x locality (full-time-maid)",yes
"part-time maid in sector 45",/noida/sector-45/part-time-maid,noida,high,"service x locality (part-time-maid)",yes
"cook in sector 45",/noida/sector-45/cook,noida,high,"service x locality (cook)",yes
"babysitter / nanny in sector 45",/noida/sector-45/babysitter-nanny,noida,high,"service x locality (babysitter-nanny)",yes
"elder care in sector 45",/noida/sector-45/elder-care,noida,high,"service x locality (elder-care)",yes
"maid service in sector 46",/noida/sector-46,noida,high,"locality hub",yes
"maid agency in sector 46",/noida/sector-46,noida,high,"locality hub",yes
"domestic help in sector 46",/noida/sector-46,noida,high,"locality hub",yes
"full-time maid in sector 46",/noida/sector-46/full-time-maid,noida,high,"service x locality (full-time-maid)",yes
"part-time maid in sector 46",/noida/sector-46/part-time-maid,noida,high,"service x locality (part-time-maid)",yes
"cook in sector 46",/noida/sector-46/cook,noida,high,"service x locality (cook)",yes
"babysitter / nanny in sector 46",/noida/sector-46/babysitter-nanny,noida,high,"service x locality (babysitter-nanny)",yes
"elder care in sector 46",/noida/sector-46/elder-care,noida,high,"service x locality (elder-care)",yes
"maid service in sector 47",/noida/sector-47,noida,high,"locality hub",yes
"maid agency in sector 47",/noida/sector-47,noida,high,"locality hub",yes
"domestic help in sector 47",/noida/sector-47,noida,high,"locality hub",yes
"full-time maid in sector 47",/noida/sector-47/full-time-maid,noida,high,"service x locality (full-time-maid)",yes
"part-time maid in sector 47",/noida/sector-47/part-time-maid,noida,high,"service x locality (part-time-maid)",yes
"cook in sector 47",/noida/sector-47/cook,noida,high,"service x locality (cook)",yes
"babysitter / nanny in sector 47",/noida/sector-47/babysitter-nanny,noida,high,"service x locality (babysitter-nanny)",yes
"elder care in sector 47",/noida/sector-47/elder-care,noida,high,"service x locality (elder-care)",yes
"maid service in sector 50",/noida/sector-50,noida,very-high,"locality hub",yes
"maid agency in sector 50",/noida/sector-50,noida,very-high,"locality hub",yes
"maid provider in sector 50",/noida/sector-50,noida,very-high,"locality hub",yes
"house maid in sector 50",/noida/sector-50,noida,very-high,"locality hub",yes
"housemaid in sector 50",/noida/sector-50,noida,very-high,"locality hub",yes
"professional maid service in sector 50",/noida/sector-50,noida,very-high,"locality hub",yes
"best maid service in sector 50",/noida/sector-50,noida,very-high,"locality hub",yes
"verified maid service in sector 50",/noida/sector-50,noida,very-high,"locality hub",yes
"reliable maid service in sector 50",/noida/sector-50,noida,very-high,"locality hub",yes
"maid near me sector 50",/noida/sector-50,noida,very-high,"locality hub",yes
"maid service in sector 50 noida",/noida/sector-50,noida,very-high,"locality hub (alt name, same page)",yes
"full time maid in sector 50",/noida/sector-50/full-time-maid,noida,very-high,"service x locality (full-time-maid)",yes
"live in maid in sector 50",/noida/sector-50/full-time-maid,noida,very-high,"service x locality (full-time-maid)",yes
"24 hours maid in sector 50",/noida/sector-50/full-time-maid,noida,very-high,"service x locality (full-time-maid)",yes
"part time maid in sector 50",/noida/sector-50/part-time-maid,noida,very-high,"service x locality (part-time-maid)",yes
"hourly maid in sector 50",/noida/sector-50/part-time-maid,noida,very-high,"service x locality (part-time-maid)",yes
"morning maid in sector 50",/noida/sector-50/part-time-maid,noida,very-high,"service x locality (part-time-maid)",yes
"cook service in sector 50",/noida/sector-50/cook,noida,very-high,"service x locality (cook)",yes
"home cook in sector 50",/noida/sector-50/cook,noida,very-high,"service x locality (cook)",yes
"cook in sector 50",/noida/sector-50/cook,noida,very-high,"service x locality (cook)",yes
"babysitter in sector 50",/noida/sector-50/babysitter-nanny,noida,very-high,"service x locality (babysitter-nanny)",yes
"nanny service in sector 50",/noida/sector-50/babysitter-nanny,noida,very-high,"service x locality (babysitter-nanny)",yes
"japa maid in sector 50",/noida/sector-50/babysitter-nanny,noida,very-high,"service x locality (babysitter-nanny)",yes
"elder care maid in sector 50",/noida/sector-50/elder-care,noida,very-high,"service x locality (elder-care)",yes
"caretaker for elderly in sector 50",/noida/sector-50/elder-care,noida,very-high,"service x locality (elder-care)",yes
"domestic help in sector 50",/noida/sector-50/domestic-help,noida,very-high,"service x locality (domestic-help)",yes
"house help in sector 50",/noida/sector-50/domestic-help,noida,very-high,"service x locality (domestic-help)",yes
"maid service in sector 51",/noida/sector-51,noida,very-high,"locality hub",yes
"maid agency in sector 51",/noida/sector-51,noida,very-high,"locality hub",yes
"maid provider in sector 51",/noida/sector-51,noida,very-high,"locality hub",yes
"house maid in sector 51",/noida/sector-51,noida,very-high,"locality hub",yes
"housemaid in sector 51",/noida/sector-51,noida,very-high,"locality hub",yes
"professional maid service in sector 51",/noida/sector-51,noida,very-high,"locality hub",yes
"best maid service in sector 51",/noida/sector-51,noida,very-high,"locality hub",yes
"verified maid service in sector 51",/noida/sector-51,noida,very-high,"locality hub",yes
"reliable maid service in sector 51",/noida/sector-51,noida,very-high,"locality hub",yes
"maid near me sector 51",/noida/sector-51,noida,very-high,"locality hub",yes
"maid service in sector 51 noida",/noida/sector-51,noida,very-high,"locality hub (alt name, same page)",yes
"full time maid in sector 51",/noida/sector-51/full-time-maid,noida,very-high,"service x locality (full-time-maid)",yes
"live in maid in sector 51",/noida/sector-51/full-time-maid,noida,very-high,"service x locality (full-time-maid)",yes
"24 hours maid in sector 51",/noida/sector-51/full-time-maid,noida,very-high,"service x locality (full-time-maid)",yes
"part time maid in sector 51",/noida/sector-51/part-time-maid,noida,very-high,"service x locality (part-time-maid)",yes
"hourly maid in sector 51",/noida/sector-51/part-time-maid,noida,very-high,"service x locality (part-time-maid)",yes
"morning maid in sector 51",/noida/sector-51/part-time-maid,noida,very-high,"service x locality (part-time-maid)",yes
"cook service in sector 51",/noida/sector-51/cook,noida,very-high,"service x locality (cook)",yes
"home cook in sector 51",/noida/sector-51/cook,noida,very-high,"service x locality (cook)",yes
"cook in sector 51",/noida/sector-51/cook,noida,very-high,"service x locality (cook)",yes
"babysitter in sector 51",/noida/sector-51/babysitter-nanny,noida,very-high,"service x locality (babysitter-nanny)",yes
"nanny service in sector 51",/noida/sector-51/babysitter-nanny,noida,very-high,"service x locality (babysitter-nanny)",yes
"japa maid in sector 51",/noida/sector-51/babysitter-nanny,noida,very-high,"service x locality (babysitter-nanny)",yes
"elder care maid in sector 51",/noida/sector-51/elder-care,noida,very-high,"service x locality (elder-care)",yes
"caretaker for elderly in sector 51",/noida/sector-51/elder-care,noida,very-high,"service x locality (elder-care)",yes
"domestic help in sector 51",/noida/sector-51/domestic-help,noida,very-high,"service x locality (domestic-help)",yes
"house help in sector 51",/noida/sector-51/domestic-help,noida,very-high,"service x locality (domestic-help)",yes
"maid service in sector 52",/noida/sector-52,noida,very-high,"locality hub",yes
"maid agency in sector 52",/noida/sector-52,noida,very-high,"locality hub",yes
"maid provider in sector 52",/noida/sector-52,noida,very-high,"locality hub",yes
"house maid in sector 52",/noida/sector-52,noida,very-high,"locality hub",yes
"housemaid in sector 52",/noida/sector-52,noida,very-high,"locality hub",yes
"professional maid service in sector 52",/noida/sector-52,noida,very-high,"locality hub",yes
"best maid service in sector 52",/noida/sector-52,noida,very-high,"locality hub",yes
"verified maid service in sector 52",/noida/sector-52,noida,very-high,"locality hub",yes
"reliable maid service in sector 52",/noida/sector-52,noida,very-high,"locality hub",yes
"maid near me sector 52",/noida/sector-52,noida,very-high,"locality hub",yes
"maid service in sector 52 noida",/noida/sector-52,noida,very-high,"locality hub (alt name, same page)",yes
"full time maid in sector 52",/noida/sector-52/full-time-maid,noida,very-high,"service x locality (full-time-maid)",yes
"live in maid in sector 52",/noida/sector-52/full-time-maid,noida,very-high,"service x locality (full-time-maid)",yes
"24 hours maid in sector 52",/noida/sector-52/full-time-maid,noida,very-high,"service x locality (full-time-maid)",yes
"part time maid in sector 52",/noida/sector-52/part-time-maid,noida,very-high,"service x locality (part-time-maid)",yes
"hourly maid in sector 52",/noida/sector-52/part-time-maid,noida,very-high,"service x locality (part-time-maid)",yes
"morning maid in sector 52",/noida/sector-52/part-time-maid,noida,very-high,"service x locality (part-time-maid)",yes
"cook service in sector 52",/noida/sector-52/cook,noida,very-high,"service x locality (cook)",yes
"home cook in sector 52",/noida/sector-52/cook,noida,very-high,"service x locality (cook)",yes
"cook in sector 52",/noida/sector-52/cook,noida,very-high,"service x locality (cook)",yes
"babysitter in sector 52",/noida/sector-52/babysitter-nanny,noida,very-high,"service x locality (babysitter-nanny)",yes
"nanny service in sector 52",/noida/sector-52/babysitter-nanny,noida,very-high,"service x locality (babysitter-nanny)",yes
"japa maid in sector 52",/noida/sector-52/babysitter-nanny,noida,very-high,"service x locality (babysitter-nanny)",yes
"elder care maid in sector 52",/noida/sector-52/elder-care,noida,very-high,"service x locality (elder-care)",yes
"caretaker for elderly in sector 52",/noida/sector-52/elder-care,noida,very-high,"service x locality (elder-care)",yes
"domestic help in sector 52",/noida/sector-52/domestic-help,noida,very-high,"service x locality (domestic-help)",yes
"house help in sector 52",/noida/sector-52/domestic-help,noida,very-high,"service x locality (domestic-help)",yes
"maid service in sector 55",/noida/sector-55,noida,high,"locality hub",yes
"maid agency in sector 55",/noida/sector-55,noida,high,"locality hub",yes
"domestic help in sector 55",/noida/sector-55,noida,high,"locality hub",yes
"full-time maid in sector 55",/noida/sector-55/full-time-maid,noida,high,"service x locality (full-time-maid)",yes
"part-time maid in sector 55",/noida/sector-55/part-time-maid,noida,high,"service x locality (part-time-maid)",yes
"cook in sector 55",/noida/sector-55/cook,noida,high,"service x locality (cook)",yes
"babysitter / nanny in sector 55",/noida/sector-55/babysitter-nanny,noida,high,"service x locality (babysitter-nanny)",yes
"elder care in sector 55",/noida/sector-55/elder-care,noida,high,"service x locality (elder-care)",yes
"maid service in sector 56",/noida/sector-56,noida,high,"locality hub",yes
"maid agency in sector 56",/noida/sector-56,noida,high,"locality hub",yes
"domestic help in sector 56",/noida/sector-56,noida,high,"locality hub",yes
"full-time maid in sector 56",/noida/sector-56/full-time-maid,noida,high,"service x locality (full-time-maid)",yes
"part-time maid in sector 56",/noida/sector-56/part-time-maid,noida,high,"service x locality (part-time-maid)",yes
"cook in sector 56",/noida/sector-56/cook,noida,high,"service x locality (cook)",yes
"babysitter / nanny in sector 56",/noida/sector-56/babysitter-nanny,noida,high,"service x locality (babysitter-nanny)",yes
"elder care in sector 56",/noida/sector-56/elder-care,noida,high,"service x locality (elder-care)",yes
"maid service in sector 61",/noida/sector-61,noida,very-high,"locality hub",yes
"maid agency in sector 61",/noida/sector-61,noida,very-high,"locality hub",yes
"maid provider in sector 61",/noida/sector-61,noida,very-high,"locality hub",yes
"house maid in sector 61",/noida/sector-61,noida,very-high,"locality hub",yes
"housemaid in sector 61",/noida/sector-61,noida,very-high,"locality hub",yes
"professional maid service in sector 61",/noida/sector-61,noida,very-high,"locality hub",yes
"best maid service in sector 61",/noida/sector-61,noida,very-high,"locality hub",yes
"verified maid service in sector 61",/noida/sector-61,noida,very-high,"locality hub",yes
"reliable maid service in sector 61",/noida/sector-61,noida,very-high,"locality hub",yes
"maid near me sector 61",/noida/sector-61,noida,very-high,"locality hub",yes
"maid service in sector 61 noida",/noida/sector-61,noida,very-high,"locality hub (alt name, same page)",yes
"full time maid in sector 61",/noida/sector-61/full-time-maid,noida,very-high,"service x locality (full-time-maid)",yes
"live in maid in sector 61",/noida/sector-61/full-time-maid,noida,very-high,"service x locality (full-time-maid)",yes
"24 hours maid in sector 61",/noida/sector-61/full-time-maid,noida,very-high,"service x locality (full-time-maid)",yes
"part time maid in sector 61",/noida/sector-61/part-time-maid,noida,very-high,"service x locality (part-time-maid)",yes
"hourly maid in sector 61",/noida/sector-61/part-time-maid,noida,very-high,"service x locality (part-time-maid)",yes
"morning maid in sector 61",/noida/sector-61/part-time-maid,noida,very-high,"service x locality (part-time-maid)",yes
"cook service in sector 61",/noida/sector-61/cook,noida,very-high,"service x locality (cook)",yes
"home cook in sector 61",/noida/sector-61/cook,noida,very-high,"service x locality (cook)",yes
"cook in sector 61",/noida/sector-61/cook,noida,very-high,"service x locality (cook)",yes
"babysitter in sector 61",/noida/sector-61/babysitter-nanny,noida,very-high,"service x locality (babysitter-nanny)",yes
"nanny service in sector 61",/noida/sector-61/babysitter-nanny,noida,very-high,"service x locality (babysitter-nanny)",yes
"japa maid in sector 61",/noida/sector-61/babysitter-nanny,noida,very-high,"service x locality (babysitter-nanny)",yes
"elder care maid in sector 61",/noida/sector-61/elder-care,noida,very-high,"service x locality (elder-care)",yes
"caretaker for elderly in sector 61",/noida/sector-61/elder-care,noida,very-high,"service x locality (elder-care)",yes
"domestic help in sector 61",/noida/sector-61/domestic-help,noida,very-high,"service x locality (domestic-help)",yes
"house help in sector 61",/noida/sector-61/domestic-help,noida,very-high,"service x locality (domestic-help)",yes
"maid service in sector 62",/noida/sector-62,noida,very-high,"locality hub",yes
"maid agency in sector 62",/noida/sector-62,noida,very-high,"locality hub",yes
"maid provider in sector 62",/noida/sector-62,noida,very-high,"locality hub",yes
"house maid in sector 62",/noida/sector-62,noida,very-high,"locality hub",yes
"housemaid in sector 62",/noida/sector-62,noida,very-high,"locality hub",yes
"professional maid service in sector 62",/noida/sector-62,noida,very-high,"locality hub",yes
"best maid service in sector 62",/noida/sector-62,noida,very-high,"locality hub",yes
"verified maid service in sector 62",/noida/sector-62,noida,very-high,"locality hub",yes
"reliable maid service in sector 62",/noida/sector-62,noida,very-high,"locality hub",yes
"maid near me sector 62",/noida/sector-62,noida,very-high,"locality hub",yes
"maid service in sector 62 noida",/noida/sector-62,noida,very-high,"locality hub (alt name, same page)",yes
"full time maid in sector 62",/noida/sector-62/full-time-maid,noida,very-high,"service x locality (full-time-maid)",yes
"live in maid in sector 62",/noida/sector-62/full-time-maid,noida,very-high,"service x locality (full-time-maid)",yes
"24 hours maid in sector 62",/noida/sector-62/full-time-maid,noida,very-high,"service x locality (full-time-maid)",yes
"part time maid in sector 62",/noida/sector-62/part-time-maid,noida,very-high,"service x locality (part-time-maid)",yes
"hourly maid in sector 62",/noida/sector-62/part-time-maid,noida,very-high,"service x locality (part-time-maid)",yes
"morning maid in sector 62",/noida/sector-62/part-time-maid,noida,very-high,"service x locality (part-time-maid)",yes
"cook service in sector 62",/noida/sector-62/cook,noida,very-high,"service x locality (cook)",yes
"home cook in sector 62",/noida/sector-62/cook,noida,very-high,"service x locality (cook)",yes
"cook in sector 62",/noida/sector-62/cook,noida,very-high,"service x locality (cook)",yes
"babysitter in sector 62",/noida/sector-62/babysitter-nanny,noida,very-high,"service x locality (babysitter-nanny)",yes
"nanny service in sector 62",/noida/sector-62/babysitter-nanny,noida,very-high,"service x locality (babysitter-nanny)",yes
"japa maid in sector 62",/noida/sector-62/babysitter-nanny,noida,very-high,"service x locality (babysitter-nanny)",yes
"elder care maid in sector 62",/noida/sector-62/elder-care,noida,very-high,"service x locality (elder-care)",yes
"caretaker for elderly in sector 62",/noida/sector-62/elder-care,noida,very-high,"service x locality (elder-care)",yes
"domestic help in sector 62",/noida/sector-62/domestic-help,noida,very-high,"service x locality (domestic-help)",yes
"house help in sector 62",/noida/sector-62/domestic-help,noida,very-high,"service x locality (domestic-help)",yes
"maid service in sector 63",/noida/sector-63,noida,high,"locality hub",yes
"maid agency in sector 63",/noida/sector-63,noida,high,"locality hub",yes
"domestic help in sector 63",/noida/sector-63,noida,high,"locality hub",yes
"full-time maid in sector 63",/noida/sector-63/full-time-maid,noida,high,"service x locality (full-time-maid)",yes
"part-time maid in sector 63",/noida/sector-63/part-time-maid,noida,high,"service x locality (part-time-maid)",yes
"cook in sector 63",/noida/sector-63/cook,noida,high,"service x locality (cook)",yes
"babysitter / nanny in sector 63",/noida/sector-63/babysitter-nanny,noida,high,"service x locality (babysitter-nanny)",yes
"elder care in sector 63",/noida/sector-63/elder-care,noida,high,"service x locality (elder-care)",yes
"maid service in sector 71",/noida/sector-71,noida,high,"locality hub",yes
"maid agency in sector 71",/noida/sector-71,noida,high,"locality hub",yes
"domestic help in sector 71",/noida/sector-71,noida,high,"locality hub",yes
"full-time maid in sector 71",/noida/sector-71/full-time-maid,noida,high,"service x locality (full-time-maid)",yes
"part-time maid in sector 71",/noida/sector-71/part-time-maid,noida,high,"service x locality (part-time-maid)",yes
"cook in sector 71",/noida/sector-71/cook,noida,high,"service x locality (cook)",yes
"babysitter / nanny in sector 71",/noida/sector-71/babysitter-nanny,noida,high,"service x locality (babysitter-nanny)",yes
"elder care in sector 71",/noida/sector-71/elder-care,noida,high,"service x locality (elder-care)",yes
"maid service in sector 72",/noida/sector-72,noida,high,"locality hub",yes
"maid agency in sector 72",/noida/sector-72,noida,high,"locality hub",yes
"domestic help in sector 72",/noida/sector-72,noida,high,"locality hub",yes
"full-time maid in sector 72",/noida/sector-72/full-time-maid,noida,high,"service x locality (full-time-maid)",yes
"part-time maid in sector 72",/noida/sector-72/part-time-maid,noida,high,"service x locality (part-time-maid)",yes
"cook in sector 72",/noida/sector-72/cook,noida,high,"service x locality (cook)",yes
"babysitter / nanny in sector 72",/noida/sector-72/babysitter-nanny,noida,high,"service x locality (babysitter-nanny)",yes
"elder care in sector 72",/noida/sector-72/elder-care,noida,high,"service x locality (elder-care)",yes
"maid service in sector 74",/noida/sector-74,noida,very-high,"locality hub",yes
"maid agency in sector 74",/noida/sector-74,noida,very-high,"locality hub",yes
"maid provider in sector 74",/noida/sector-74,noida,very-high,"locality hub",yes
"house maid in sector 74",/noida/sector-74,noida,very-high,"locality hub",yes
"housemaid in sector 74",/noida/sector-74,noida,very-high,"locality hub",yes
"professional maid service in sector 74",/noida/sector-74,noida,very-high,"locality hub",yes
"best maid service in sector 74",/noida/sector-74,noida,very-high,"locality hub",yes
"verified maid service in sector 74",/noida/sector-74,noida,very-high,"locality hub",yes
"reliable maid service in sector 74",/noida/sector-74,noida,very-high,"locality hub",yes
"maid near me sector 74",/noida/sector-74,noida,very-high,"locality hub",yes
"maid service in sector 74 noida",/noida/sector-74,noida,very-high,"locality hub (alt name, same page)",yes
"full time maid in sector 74",/noida/sector-74/full-time-maid,noida,very-high,"service x locality (full-time-maid)",yes
"live in maid in sector 74",/noida/sector-74/full-time-maid,noida,very-high,"service x locality (full-time-maid)",yes
"24 hours maid in sector 74",/noida/sector-74/full-time-maid,noida,very-high,"service x locality (full-time-maid)",yes
"part time maid in sector 74",/noida/sector-74/part-time-maid,noida,very-high,"service x locality (part-time-maid)",yes
"hourly maid in sector 74",/noida/sector-74/part-time-maid,noida,very-high,"service x locality (part-time-maid)",yes
"morning maid in sector 74",/noida/sector-74/part-time-maid,noida,very-high,"service x locality (part-time-maid)",yes
"cook service in sector 74",/noida/sector-74/cook,noida,very-high,"service x locality (cook)",yes
"home cook in sector 74",/noida/sector-74/cook,noida,very-high,"service x locality (cook)",yes
"cook in sector 74",/noida/sector-74/cook,noida,very-high,"service x locality (cook)",yes
"babysitter in sector 74",/noida/sector-74/babysitter-nanny,noida,very-high,"service x locality (babysitter-nanny)",yes
"nanny service in sector 74",/noida/sector-74/babysitter-nanny,noida,very-high,"service x locality (babysitter-nanny)",yes
"japa maid in sector 74",/noida/sector-74/babysitter-nanny,noida,very-high,"service x locality (babysitter-nanny)",yes
"elder care maid in sector 74",/noida/sector-74/elder-care,noida,very-high,"service x locality (elder-care)",yes
"caretaker for elderly in sector 74",/noida/sector-74/elder-care,noida,very-high,"service x locality (elder-care)",yes
"domestic help in sector 74",/noida/sector-74/domestic-help,noida,very-high,"service x locality (domestic-help)",yes
"house help in sector 74",/noida/sector-74/domestic-help,noida,very-high,"service x locality (domestic-help)",yes
"maid service in sector 75",/noida/sector-75,noida,very-high,"locality hub",yes
"maid agency in sector 75",/noida/sector-75,noida,very-high,"locality hub",yes
"maid provider in sector 75",/noida/sector-75,noida,very-high,"locality hub",yes
"house maid in sector 75",/noida/sector-75,noida,very-high,"locality hub",yes
"housemaid in sector 75",/noida/sector-75,noida,very-high,"locality hub",yes
"professional maid service in sector 75",/noida/sector-75,noida,very-high,"locality hub",yes
"best maid service in sector 75",/noida/sector-75,noida,very-high,"locality hub",yes
"verified maid service in sector 75",/noida/sector-75,noida,very-high,"locality hub",yes
"reliable maid service in sector 75",/noida/sector-75,noida,very-high,"locality hub",yes
"maid near me sector 75",/noida/sector-75,noida,very-high,"locality hub",yes
"maid service in sector 75 noida",/noida/sector-75,noida,very-high,"locality hub (alt name, same page)",yes
"full time maid in sector 75",/noida/sector-75/full-time-maid,noida,very-high,"service x locality (full-time-maid)",yes
"live in maid in sector 75",/noida/sector-75/full-time-maid,noida,very-high,"service x locality (full-time-maid)",yes
"24 hours maid in sector 75",/noida/sector-75/full-time-maid,noida,very-high,"service x locality (full-time-maid)",yes
"part time maid in sector 75",/noida/sector-75/part-time-maid,noida,very-high,"service x locality (part-time-maid)",yes
"hourly maid in sector 75",/noida/sector-75/part-time-maid,noida,very-high,"service x locality (part-time-maid)",yes
"morning maid in sector 75",/noida/sector-75/part-time-maid,noida,very-high,"service x locality (part-time-maid)",yes
"cook service in sector 75",/noida/sector-75/cook,noida,very-high,"service x locality (cook)",yes
"home cook in sector 75",/noida/sector-75/cook,noida,very-high,"service x locality (cook)",yes
"cook in sector 75",/noida/sector-75/cook,noida,very-high,"service x locality (cook)",yes
"babysitter in sector 75",/noida/sector-75/babysitter-nanny,noida,very-high,"service x locality (babysitter-nanny)",yes
"nanny service in sector 75",/noida/sector-75/babysitter-nanny,noida,very-high,"service x locality (babysitter-nanny)",yes
"japa maid in sector 75",/noida/sector-75/babysitter-nanny,noida,very-high,"service x locality (babysitter-nanny)",yes
"elder care maid in sector 75",/noida/sector-75/elder-care,noida,very-high,"service x locality (elder-care)",yes
"caretaker for elderly in sector 75",/noida/sector-75/elder-care,noida,very-high,"service x locality (elder-care)",yes
"domestic help in sector 75",/noida/sector-75/domestic-help,noida,very-high,"service x locality (domestic-help)",yes
"house help in sector 75",/noida/sector-75/domestic-help,noida,very-high,"service x locality (domestic-help)",yes
"maid service in sector 76",/noida/sector-76,noida,very-high,"locality hub",yes
"maid agency in sector 76",/noida/sector-76,noida,very-high,"locality hub",yes
"maid provider in sector 76",/noida/sector-76,noida,very-high,"locality hub",yes
"house maid in sector 76",/noida/sector-76,noida,very-high,"locality hub",yes
"housemaid in sector 76",/noida/sector-76,noida,very-high,"locality hub",yes
"professional maid service in sector 76",/noida/sector-76,noida,very-high,"locality hub",yes
"best maid service in sector 76",/noida/sector-76,noida,very-high,"locality hub",yes
"verified maid service in sector 76",/noida/sector-76,noida,very-high,"locality hub",yes
"reliable maid service in sector 76",/noida/sector-76,noida,very-high,"locality hub",yes
"maid near me sector 76",/noida/sector-76,noida,very-high,"locality hub",yes
"maid service in sector 76 noida",/noida/sector-76,noida,very-high,"locality hub (alt name, same page)",yes
"full time maid in sector 76",/noida/sector-76/full-time-maid,noida,very-high,"service x locality (full-time-maid)",yes
"live in maid in sector 76",/noida/sector-76/full-time-maid,noida,very-high,"service x locality (full-time-maid)",yes
"24 hours maid in sector 76",/noida/sector-76/full-time-maid,noida,very-high,"service x locality (full-time-maid)",yes
"part time maid in sector 76",/noida/sector-76/part-time-maid,noida,very-high,"service x locality (part-time-maid)",yes
"hourly maid in sector 76",/noida/sector-76/part-time-maid,noida,very-high,"service x locality (part-time-maid)",yes
"morning maid in sector 76",/noida/sector-76/part-time-maid,noida,very-high,"service x locality (part-time-maid)",yes
"cook service in sector 76",/noida/sector-76/cook,noida,very-high,"service x locality (cook)",yes
"home cook in sector 76",/noida/sector-76/cook,noida,very-high,"service x locality (cook)",yes
"cook in sector 76",/noida/sector-76/cook,noida,very-high,"service x locality (cook)",yes
"babysitter in sector 76",/noida/sector-76/babysitter-nanny,noida,very-high,"service x locality (babysitter-nanny)",yes
"nanny service in sector 76",/noida/sector-76/babysitter-nanny,noida,very-high,"service x locality (babysitter-nanny)",yes
"japa maid in sector 76",/noida/sector-76/babysitter-nanny,noida,very-high,"service x locality (babysitter-nanny)",yes
"elder care maid in sector 76",/noida/sector-76/elder-care,noida,very-high,"service x locality (elder-care)",yes
"caretaker for elderly in sector 76",/noida/sector-76/elder-care,noida,very-high,"service x locality (elder-care)",yes
"domestic help in sector 76",/noida/sector-76/domestic-help,noida,very-high,"service x locality (domestic-help)",yes
"house help in sector 76",/noida/sector-76/domestic-help,noida,very-high,"service x locality (domestic-help)",yes
"maid service in sector 77",/noida/sector-77,noida,very-high,"locality hub",yes
"maid agency in sector 77",/noida/sector-77,noida,very-high,"locality hub",yes
"maid provider in sector 77",/noida/sector-77,noida,very-high,"locality hub",yes
"house maid in sector 77",/noida/sector-77,noida,very-high,"locality hub",yes
"housemaid in sector 77",/noida/sector-77,noida,very-high,"locality hub",yes
"professional maid service in sector 77",/noida/sector-77,noida,very-high,"locality hub",yes
"best maid service in sector 77",/noida/sector-77,noida,very-high,"locality hub",yes
"verified maid service in sector 77",/noida/sector-77,noida,very-high,"locality hub",yes
"reliable maid service in sector 77",/noida/sector-77,noida,very-high,"locality hub",yes
"maid near me sector 77",/noida/sector-77,noida,very-high,"locality hub",yes
"maid service in sector 77 noida",/noida/sector-77,noida,very-high,"locality hub (alt name, same page)",yes
"full time maid in sector 77",/noida/sector-77/full-time-maid,noida,very-high,"service x locality (full-time-maid)",yes
"live in maid in sector 77",/noida/sector-77/full-time-maid,noida,very-high,"service x locality (full-time-maid)",yes
"24 hours maid in sector 77",/noida/sector-77/full-time-maid,noida,very-high,"service x locality (full-time-maid)",yes
"part time maid in sector 77",/noida/sector-77/part-time-maid,noida,very-high,"service x locality (part-time-maid)",yes
"hourly maid in sector 77",/noida/sector-77/part-time-maid,noida,very-high,"service x locality (part-time-maid)",yes
"morning maid in sector 77",/noida/sector-77/part-time-maid,noida,very-high,"service x locality (part-time-maid)",yes
"cook service in sector 77",/noida/sector-77/cook,noida,very-high,"service x locality (cook)",yes
"home cook in sector 77",/noida/sector-77/cook,noida,very-high,"service x locality (cook)",yes
"cook in sector 77",/noida/sector-77/cook,noida,very-high,"service x locality (cook)",yes
"babysitter in sector 77",/noida/sector-77/babysitter-nanny,noida,very-high,"service x locality (babysitter-nanny)",yes
"nanny service in sector 77",/noida/sector-77/babysitter-nanny,noida,very-high,"service x locality (babysitter-nanny)",yes
"japa maid in sector 77",/noida/sector-77/babysitter-nanny,noida,very-high,"service x locality (babysitter-nanny)",yes
"elder care maid in sector 77",/noida/sector-77/elder-care,noida,very-high,"service x locality (elder-care)",yes
"caretaker for elderly in sector 77",/noida/sector-77/elder-care,noida,very-high,"service x locality (elder-care)",yes
"domestic help in sector 77",/noida/sector-77/domestic-help,noida,very-high,"service x locality (domestic-help)",yes
"house help in sector 77",/noida/sector-77/domestic-help,noida,very-high,"service x locality (domestic-help)",yes
"maid service in sector 78",/noida/sector-78,noida,very-high,"locality hub",yes
"maid agency in sector 78",/noida/sector-78,noida,very-high,"locality hub",yes
"maid provider in sector 78",/noida/sector-78,noida,very-high,"locality hub",yes
"house maid in sector 78",/noida/sector-78,noida,very-high,"locality hub",yes
"housemaid in sector 78",/noida/sector-78,noida,very-high,"locality hub",yes
"professional maid service in sector 78",/noida/sector-78,noida,very-high,"locality hub",yes
"best maid service in sector 78",/noida/sector-78,noida,very-high,"locality hub",yes
"verified maid service in sector 78",/noida/sector-78,noida,very-high,"locality hub",yes
"reliable maid service in sector 78",/noida/sector-78,noida,very-high,"locality hub",yes
"maid near me sector 78",/noida/sector-78,noida,very-high,"locality hub",yes
"maid service in sector 78 noida",/noida/sector-78,noida,very-high,"locality hub (alt name, same page)",yes
"full time maid in sector 78",/noida/sector-78/full-time-maid,noida,very-high,"service x locality (full-time-maid)",yes
"live in maid in sector 78",/noida/sector-78/full-time-maid,noida,very-high,"service x locality (full-time-maid)",yes
"24 hours maid in sector 78",/noida/sector-78/full-time-maid,noida,very-high,"service x locality (full-time-maid)",yes
"part time maid in sector 78",/noida/sector-78/part-time-maid,noida,very-high,"service x locality (part-time-maid)",yes
"hourly maid in sector 78",/noida/sector-78/part-time-maid,noida,very-high,"service x locality (part-time-maid)",yes
"morning maid in sector 78",/noida/sector-78/part-time-maid,noida,very-high,"service x locality (part-time-maid)",yes
"cook service in sector 78",/noida/sector-78/cook,noida,very-high,"service x locality (cook)",yes
"home cook in sector 78",/noida/sector-78/cook,noida,very-high,"service x locality (cook)",yes
"cook in sector 78",/noida/sector-78/cook,noida,very-high,"service x locality (cook)",yes
"babysitter in sector 78",/noida/sector-78/babysitter-nanny,noida,very-high,"service x locality (babysitter-nanny)",yes
"nanny service in sector 78",/noida/sector-78/babysitter-nanny,noida,very-high,"service x locality (babysitter-nanny)",yes
"japa maid in sector 78",/noida/sector-78/babysitter-nanny,noida,very-high,"service x locality (babysitter-nanny)",yes
"elder care maid in sector 78",/noida/sector-78/elder-care,noida,very-high,"service x locality (elder-care)",yes
"caretaker for elderly in sector 78",/noida/sector-78/elder-care,noida,very-high,"service x locality (elder-care)",yes
"domestic help in sector 78",/noida/sector-78/domestic-help,noida,very-high,"service x locality (domestic-help)",yes
"house help in sector 78",/noida/sector-78/domestic-help,noida,very-high,"service x locality (domestic-help)",yes
"maid service in sector 79",/noida/sector-79,noida,very-high,"locality hub",yes
"maid agency in sector 79",/noida/sector-79,noida,very-high,"locality hub",yes
"maid provider in sector 79",/noida/sector-79,noida,very-high,"locality hub",yes
"house maid in sector 79",/noida/sector-79,noida,very-high,"locality hub",yes
"housemaid in sector 79",/noida/sector-79,noida,very-high,"locality hub",yes
"professional maid service in sector 79",/noida/sector-79,noida,very-high,"locality hub",yes
"best maid service in sector 79",/noida/sector-79,noida,very-high,"locality hub",yes
"verified maid service in sector 79",/noida/sector-79,noida,very-high,"locality hub",yes
"reliable maid service in sector 79",/noida/sector-79,noida,very-high,"locality hub",yes
"maid near me sector 79",/noida/sector-79,noida,very-high,"locality hub",yes
"maid service in sector 79 noida",/noida/sector-79,noida,very-high,"locality hub (alt name, same page)",yes
"full time maid in sector 79",/noida/sector-79/full-time-maid,noida,very-high,"service x locality (full-time-maid)",yes
"live in maid in sector 79",/noida/sector-79/full-time-maid,noida,very-high,"service x locality (full-time-maid)",yes
"24 hours maid in sector 79",/noida/sector-79/full-time-maid,noida,very-high,"service x locality (full-time-maid)",yes
"part time maid in sector 79",/noida/sector-79/part-time-maid,noida,very-high,"service x locality (part-time-maid)",yes
"hourly maid in sector 79",/noida/sector-79/part-time-maid,noida,very-high,"service x locality (part-time-maid)",yes
"morning maid in sector 79",/noida/sector-79/part-time-maid,noida,very-high,"service x locality (part-time-maid)",yes
"cook service in sector 79",/noida/sector-79/cook,noida,very-high,"service x locality (cook)",yes
"home cook in sector 79",/noida/sector-79/cook,noida,very-high,"service x locality (cook)",yes
"cook in sector 79",/noida/sector-79/cook,noida,very-high,"service x locality (cook)",yes
"babysitter in sector 79",/noida/sector-79/babysitter-nanny,noida,very-high,"service x locality (babysitter-nanny)",yes
"nanny service in sector 79",/noida/sector-79/babysitter-nanny,noida,very-high,"service x locality (babysitter-nanny)",yes
"japa maid in sector 79",/noida/sector-79/babysitter-nanny,noida,very-high,"service x locality (babysitter-nanny)",yes
"elder care maid in sector 79",/noida/sector-79/elder-care,noida,very-high,"service x locality (elder-care)",yes
"caretaker for elderly in sector 79",/noida/sector-79/elder-care,noida,very-high,"service x locality (elder-care)",yes
"domestic help in sector 79",/noida/sector-79/domestic-help,noida,very-high,"service x locality (domestic-help)",yes
"house help in sector 79",/noida/sector-79/domestic-help,noida,very-high,"service x locality (domestic-help)",yes
"maid service in sector 93",/noida/sector-93,noida,very-high,"locality hub",yes
"maid agency in sector 93",/noida/sector-93,noida,very-high,"locality hub",yes
"maid provider in sector 93",/noida/sector-93,noida,very-high,"locality hub",yes
"house maid in sector 93",/noida/sector-93,noida,very-high,"locality hub",yes
"housemaid in sector 93",/noida/sector-93,noida,very-high,"locality hub",yes
"professional maid service in sector 93",/noida/sector-93,noida,very-high,"locality hub",yes
"best maid service in sector 93",/noida/sector-93,noida,very-high,"locality hub",yes
"verified maid service in sector 93",/noida/sector-93,noida,very-high,"locality hub",yes
"reliable maid service in sector 93",/noida/sector-93,noida,very-high,"locality hub",yes
"maid near me sector 93",/noida/sector-93,noida,very-high,"locality hub",yes
"maid service in sector 93 noida",/noida/sector-93,noida,very-high,"locality hub (alt name, same page)",yes
"full time maid in sector 93",/noida/sector-93/full-time-maid,noida,very-high,"service x locality (full-time-maid)",yes
"live in maid in sector 93",/noida/sector-93/full-time-maid,noida,very-high,"service x locality (full-time-maid)",yes
"24 hours maid in sector 93",/noida/sector-93/full-time-maid,noida,very-high,"service x locality (full-time-maid)",yes
"part time maid in sector 93",/noida/sector-93/part-time-maid,noida,very-high,"service x locality (part-time-maid)",yes
"hourly maid in sector 93",/noida/sector-93/part-time-maid,noida,very-high,"service x locality (part-time-maid)",yes
"morning maid in sector 93",/noida/sector-93/part-time-maid,noida,very-high,"service x locality (part-time-maid)",yes
"cook service in sector 93",/noida/sector-93/cook,noida,very-high,"service x locality (cook)",yes
"home cook in sector 93",/noida/sector-93/cook,noida,very-high,"service x locality (cook)",yes
"cook in sector 93",/noida/sector-93/cook,noida,very-high,"service x locality (cook)",yes
"babysitter in sector 93",/noida/sector-93/babysitter-nanny,noida,very-high,"service x locality (babysitter-nanny)",yes
"nanny service in sector 93",/noida/sector-93/babysitter-nanny,noida,very-high,"service x locality (babysitter-nanny)",yes
"japa maid in sector 93",/noida/sector-93/babysitter-nanny,noida,very-high,"service x locality (babysitter-nanny)",yes
"elder care maid in sector 93",/noida/sector-93/elder-care,noida,very-high,"service x locality (elder-care)",yes
"caretaker for elderly in sector 93",/noida/sector-93/elder-care,noida,very-high,"service x locality (elder-care)",yes
"domestic help in sector 93",/noida/sector-93/domestic-help,noida,very-high,"service x locality (domestic-help)",yes
"house help in sector 93",/noida/sector-93/domestic-help,noida,very-high,"service x locality (domestic-help)",yes
"maid service in sector 100",/noida/sector-100,noida,very-high,"locality hub",yes
"maid agency in sector 100",/noida/sector-100,noida,very-high,"locality hub",yes
"maid provider in sector 100",/noida/sector-100,noida,very-high,"locality hub",yes
"house maid in sector 100",/noida/sector-100,noida,very-high,"locality hub",yes
"housemaid in sector 100",/noida/sector-100,noida,very-high,"locality hub",yes
"professional maid service in sector 100",/noida/sector-100,noida,very-high,"locality hub",yes
"best maid service in sector 100",/noida/sector-100,noida,very-high,"locality hub",yes
"verified maid service in sector 100",/noida/sector-100,noida,very-high,"locality hub",yes
"reliable maid service in sector 100",/noida/sector-100,noida,very-high,"locality hub",yes
"maid near me sector 100",/noida/sector-100,noida,very-high,"locality hub",yes
"maid service in sector 100 noida",/noida/sector-100,noida,very-high,"locality hub (alt name, same page)",yes
"full time maid in sector 100",/noida/sector-100/full-time-maid,noida,very-high,"service x locality (full-time-maid)",yes
"live in maid in sector 100",/noida/sector-100/full-time-maid,noida,very-high,"service x locality (full-time-maid)",yes
"24 hours maid in sector 100",/noida/sector-100/full-time-maid,noida,very-high,"service x locality (full-time-maid)",yes
"part time maid in sector 100",/noida/sector-100/part-time-maid,noida,very-high,"service x locality (part-time-maid)",yes
"hourly maid in sector 100",/noida/sector-100/part-time-maid,noida,very-high,"service x locality (part-time-maid)",yes
"morning maid in sector 100",/noida/sector-100/part-time-maid,noida,very-high,"service x locality (part-time-maid)",yes
"cook service in sector 100",/noida/sector-100/cook,noida,very-high,"service x locality (cook)",yes
"home cook in sector 100",/noida/sector-100/cook,noida,very-high,"service x locality (cook)",yes
"cook in sector 100",/noida/sector-100/cook,noida,very-high,"service x locality (cook)",yes
"babysitter in sector 100",/noida/sector-100/babysitter-nanny,noida,very-high,"service x locality (babysitter-nanny)",yes
"nanny service in sector 100",/noida/sector-100/babysitter-nanny,noida,very-high,"service x locality (babysitter-nanny)",yes
"japa maid in sector 100",/noida/sector-100/babysitter-nanny,noida,very-high,"service x locality (babysitter-nanny)",yes
"elder care maid in sector 100",/noida/sector-100/elder-care,noida,very-high,"service x locality (elder-care)",yes
"caretaker for elderly in sector 100",/noida/sector-100/elder-care,noida,very-high,"service x locality (elder-care)",yes
"domestic help in sector 100",/noida/sector-100/domestic-help,noida,very-high,"service x locality (domestic-help)",yes
"house help in sector 100",/noida/sector-100/domestic-help,noida,very-high,"service x locality (domestic-help)",yes
"maid service in sector 104",/noida/sector-104,noida,very-high,"locality hub",yes
"maid agency in sector 104",/noida/sector-104,noida,very-high,"locality hub",yes
"maid provider in sector 104",/noida/sector-104,noida,very-high,"locality hub",yes
"house maid in sector 104",/noida/sector-104,noida,very-high,"locality hub",yes
"housemaid in sector 104",/noida/sector-104,noida,very-high,"locality hub",yes
"professional maid service in sector 104",/noida/sector-104,noida,very-high,"locality hub",yes
"best maid service in sector 104",/noida/sector-104,noida,very-high,"locality hub",yes
"verified maid service in sector 104",/noida/sector-104,noida,very-high,"locality hub",yes
"reliable maid service in sector 104",/noida/sector-104,noida,very-high,"locality hub",yes
"maid near me sector 104",/noida/sector-104,noida,very-high,"locality hub",yes
"maid service in sector 104 noida",/noida/sector-104,noida,very-high,"locality hub (alt name, same page)",yes
"full time maid in sector 104",/noida/sector-104/full-time-maid,noida,very-high,"service x locality (full-time-maid)",yes
"live in maid in sector 104",/noida/sector-104/full-time-maid,noida,very-high,"service x locality (full-time-maid)",yes
"24 hours maid in sector 104",/noida/sector-104/full-time-maid,noida,very-high,"service x locality (full-time-maid)",yes
"part time maid in sector 104",/noida/sector-104/part-time-maid,noida,very-high,"service x locality (part-time-maid)",yes
"hourly maid in sector 104",/noida/sector-104/part-time-maid,noida,very-high,"service x locality (part-time-maid)",yes
"morning maid in sector 104",/noida/sector-104/part-time-maid,noida,very-high,"service x locality (part-time-maid)",yes
"cook service in sector 104",/noida/sector-104/cook,noida,very-high,"service x locality (cook)",yes
"home cook in sector 104",/noida/sector-104/cook,noida,very-high,"service x locality (cook)",yes
"cook in sector 104",/noida/sector-104/cook,noida,very-high,"service x locality (cook)",yes
"babysitter in sector 104",/noida/sector-104/babysitter-nanny,noida,very-high,"service x locality (babysitter-nanny)",yes
"nanny service in sector 104",/noida/sector-104/babysitter-nanny,noida,very-high,"service x locality (babysitter-nanny)",yes
"japa maid in sector 104",/noida/sector-104/babysitter-nanny,noida,very-high,"service x locality (babysitter-nanny)",yes
"elder care maid in sector 104",/noida/sector-104/elder-care,noida,very-high,"service x locality (elder-care)",yes
"caretaker for elderly in sector 104",/noida/sector-104/elder-care,noida,very-high,"service x locality (elder-care)",yes
"domestic help in sector 104",/noida/sector-104/domestic-help,noida,very-high,"service x locality (domestic-help)",yes
"house help in sector 104",/noida/sector-104/domestic-help,noida,very-high,"service x locality (domestic-help)",yes
"maid service in sector 107",/noida/sector-107,noida,very-high,"locality hub",yes
"maid agency in sector 107",/noida/sector-107,noida,very-high,"locality hub",yes
"maid provider in sector 107",/noida/sector-107,noida,very-high,"locality hub",yes
"house maid in sector 107",/noida/sector-107,noida,very-high,"locality hub",yes
"housemaid in sector 107",/noida/sector-107,noida,very-high,"locality hub",yes
"professional maid service in sector 107",/noida/sector-107,noida,very-high,"locality hub",yes
"best maid service in sector 107",/noida/sector-107,noida,very-high,"locality hub",yes
"verified maid service in sector 107",/noida/sector-107,noida,very-high,"locality hub",yes
"reliable maid service in sector 107",/noida/sector-107,noida,very-high,"locality hub",yes
"maid near me sector 107",/noida/sector-107,noida,very-high,"locality hub",yes
"maid service in sector 107 noida",/noida/sector-107,noida,very-high,"locality hub (alt name, same page)",yes
"full time maid in sector 107",/noida/sector-107/full-time-maid,noida,very-high,"service x locality (full-time-maid)",yes
"live in maid in sector 107",/noida/sector-107/full-time-maid,noida,very-high,"service x locality (full-time-maid)",yes
"24 hours maid in sector 107",/noida/sector-107/full-time-maid,noida,very-high,"service x locality (full-time-maid)",yes
"part time maid in sector 107",/noida/sector-107/part-time-maid,noida,very-high,"service x locality (part-time-maid)",yes
"hourly maid in sector 107",/noida/sector-107/part-time-maid,noida,very-high,"service x locality (part-time-maid)",yes
"morning maid in sector 107",/noida/sector-107/part-time-maid,noida,very-high,"service x locality (part-time-maid)",yes
"cook service in sector 107",/noida/sector-107/cook,noida,very-high,"service x locality (cook)",yes
"home cook in sector 107",/noida/sector-107/cook,noida,very-high,"service x locality (cook)",yes
"cook in sector 107",/noida/sector-107/cook,noida,very-high,"service x locality (cook)",yes
"babysitter in sector 107",/noida/sector-107/babysitter-nanny,noida,very-high,"service x locality (babysitter-nanny)",yes
"nanny service in sector 107",/noida/sector-107/babysitter-nanny,noida,very-high,"service x locality (babysitter-nanny)",yes
"japa maid in sector 107",/noida/sector-107/babysitter-nanny,noida,very-high,"service x locality (babysitter-nanny)",yes
"elder care maid in sector 107",/noida/sector-107/elder-care,noida,very-high,"service x locality (elder-care)",yes
"caretaker for elderly in sector 107",/noida/sector-107/elder-care,noida,very-high,"service x locality (elder-care)",yes
"domestic help in sector 107",/noida/sector-107/domestic-help,noida,very-high,"service x locality (domestic-help)",yes
"house help in sector 107",/noida/sector-107/domestic-help,noida,very-high,"service x locality (domestic-help)",yes
"maid service in sector 108",/noida/sector-108,noida,very-high,"locality hub",yes
"maid agency in sector 108",/noida/sector-108,noida,very-high,"locality hub",yes
"maid provider in sector 108",/noida/sector-108,noida,very-high,"locality hub",yes
"house maid in sector 108",/noida/sector-108,noida,very-high,"locality hub",yes
"housemaid in sector 108",/noida/sector-108,noida,very-high,"locality hub",yes
"professional maid service in sector 108",/noida/sector-108,noida,very-high,"locality hub",yes
"best maid service in sector 108",/noida/sector-108,noida,very-high,"locality hub",yes
"verified maid service in sector 108",/noida/sector-108,noida,very-high,"locality hub",yes
"reliable maid service in sector 108",/noida/sector-108,noida,very-high,"locality hub",yes
"maid near me sector 108",/noida/sector-108,noida,very-high,"locality hub",yes
"maid service in sector 108 noida",/noida/sector-108,noida,very-high,"locality hub (alt name, same page)",yes
"full time maid in sector 108",/noida/sector-108/full-time-maid,noida,very-high,"service x locality (full-time-maid)",yes
"live in maid in sector 108",/noida/sector-108/full-time-maid,noida,very-high,"service x locality (full-time-maid)",yes
"24 hours maid in sector 108",/noida/sector-108/full-time-maid,noida,very-high,"service x locality (full-time-maid)",yes
"part time maid in sector 108",/noida/sector-108/part-time-maid,noida,very-high,"service x locality (part-time-maid)",yes
"hourly maid in sector 108",/noida/sector-108/part-time-maid,noida,very-high,"service x locality (part-time-maid)",yes
"morning maid in sector 108",/noida/sector-108/part-time-maid,noida,very-high,"service x locality (part-time-maid)",yes
"cook service in sector 108",/noida/sector-108/cook,noida,very-high,"service x locality (cook)",yes
"home cook in sector 108",/noida/sector-108/cook,noida,very-high,"service x locality (cook)",yes
"cook in sector 108",/noida/sector-108/cook,noida,very-high,"service x locality (cook)",yes
"babysitter in sector 108",/noida/sector-108/babysitter-nanny,noida,very-high,"service x locality (babysitter-nanny)",yes
"nanny service in sector 108",/noida/sector-108/babysitter-nanny,noida,very-high,"service x locality (babysitter-nanny)",yes
"japa maid in sector 108",/noida/sector-108/babysitter-nanny,noida,very-high,"service x locality (babysitter-nanny)",yes
"elder care maid in sector 108",/noida/sector-108/elder-care,noida,very-high,"service x locality (elder-care)",yes
"caretaker for elderly in sector 108",/noida/sector-108/elder-care,noida,very-high,"service x locality (elder-care)",yes
"domestic help in sector 108",/noida/sector-108/domestic-help,noida,very-high,"service x locality (domestic-help)",yes
"house help in sector 108",/noida/sector-108/domestic-help,noida,very-high,"service x locality (domestic-help)",yes
"maid service in sector 110",/noida/sector-110,noida,high,"locality hub",yes
"maid agency in sector 110",/noida/sector-110,noida,high,"locality hub",yes
"domestic help in sector 110",/noida/sector-110,noida,high,"locality hub",yes
"full-time maid in sector 110",/noida/sector-110/full-time-maid,noida,high,"service x locality (full-time-maid)",yes
"part-time maid in sector 110",/noida/sector-110/part-time-maid,noida,high,"service x locality (part-time-maid)",yes
"cook in sector 110",/noida/sector-110/cook,noida,high,"service x locality (cook)",yes
"babysitter / nanny in sector 110",/noida/sector-110/babysitter-nanny,noida,high,"service x locality (babysitter-nanny)",yes
"elder care in sector 110",/noida/sector-110/elder-care,noida,high,"service x locality (elder-care)",yes
"maid service in sector 135",/noida/sector-135,noida,medium,"locality hub",yes
"maid agency in sector 135",/noida/sector-135,noida,medium,"locality hub",yes
"domestic help in sector 135",/noida/sector-135,noida,medium,"locality hub",yes
"full-time maid in sector 135",/noida/sector-135/full-time-maid,noida,medium,"service x locality (full-time-maid)",yes
"part-time maid in sector 135",/noida/sector-135/part-time-maid,noida,medium,"service x locality (part-time-maid)",yes
"cook in sector 135",/noida/sector-135/cook,noida,medium,"service x locality (cook)",yes
"babysitter / nanny in sector 135",/noida/sector-135/babysitter-nanny,noida,medium,"service x locality (babysitter-nanny)",yes
"elder care in sector 135",/noida/sector-135/elder-care,noida,medium,"service x locality (elder-care)",yes
"maid service in sector 136",/noida/sector-136,noida,medium,"locality hub",yes
"maid agency in sector 136",/noida/sector-136,noida,medium,"locality hub",yes
"domestic help in sector 136",/noida/sector-136,noida,medium,"locality hub",yes
"full-time maid in sector 136",/noida/sector-136/full-time-maid,noida,medium,"service x locality (full-time-maid)",yes
"part-time maid in sector 136",/noida/sector-136/part-time-maid,noida,medium,"service x locality (part-time-maid)",yes
"cook in sector 136",/noida/sector-136/cook,noida,medium,"service x locality (cook)",yes
"babysitter / nanny in sector 136",/noida/sector-136/babysitter-nanny,noida,medium,"service x locality (babysitter-nanny)",yes
"elder care in sector 136",/noida/sector-136/elder-care,noida,medium,"service x locality (elder-care)",yes
"maid service in sector 137",/noida/sector-137,noida,very-high,"locality hub",yes
"maid agency in sector 137",/noida/sector-137,noida,very-high,"locality hub",yes
"maid provider in sector 137",/noida/sector-137,noida,very-high,"locality hub",yes
"house maid in sector 137",/noida/sector-137,noida,very-high,"locality hub",yes
"housemaid in sector 137",/noida/sector-137,noida,very-high,"locality hub",yes
"professional maid service in sector 137",/noida/sector-137,noida,very-high,"locality hub",yes
"best maid service in sector 137",/noida/sector-137,noida,very-high,"locality hub",yes
"verified maid service in sector 137",/noida/sector-137,noida,very-high,"locality hub",yes
"reliable maid service in sector 137",/noida/sector-137,noida,very-high,"locality hub",yes
"maid near me sector 137",/noida/sector-137,noida,very-high,"locality hub",yes
"maid service in sector 137 noida",/noida/sector-137,noida,very-high,"locality hub (alt name, same page)",yes
"full time maid in sector 137",/noida/sector-137/full-time-maid,noida,very-high,"service x locality (full-time-maid)",yes
"live in maid in sector 137",/noida/sector-137/full-time-maid,noida,very-high,"service x locality (full-time-maid)",yes
"24 hours maid in sector 137",/noida/sector-137/full-time-maid,noida,very-high,"service x locality (full-time-maid)",yes
"part time maid in sector 137",/noida/sector-137/part-time-maid,noida,very-high,"service x locality (part-time-maid)",yes
"hourly maid in sector 137",/noida/sector-137/part-time-maid,noida,very-high,"service x locality (part-time-maid)",yes
"morning maid in sector 137",/noida/sector-137/part-time-maid,noida,very-high,"service x locality (part-time-maid)",yes
"cook service in sector 137",/noida/sector-137/cook,noida,very-high,"service x locality (cook)",yes
"home cook in sector 137",/noida/sector-137/cook,noida,very-high,"service x locality (cook)",yes
"cook in sector 137",/noida/sector-137/cook,noida,very-high,"service x locality (cook)",yes
"babysitter in sector 137",/noida/sector-137/babysitter-nanny,noida,very-high,"service x locality (babysitter-nanny)",yes
"nanny service in sector 137",/noida/sector-137/babysitter-nanny,noida,very-high,"service x locality (babysitter-nanny)",yes
"japa maid in sector 137",/noida/sector-137/babysitter-nanny,noida,very-high,"service x locality (babysitter-nanny)",yes
"elder care maid in sector 137",/noida/sector-137/elder-care,noida,very-high,"service x locality (elder-care)",yes
"caretaker for elderly in sector 137",/noida/sector-137/elder-care,noida,very-high,"service x locality (elder-care)",yes
"domestic help in sector 137",/noida/sector-137/domestic-help,noida,very-high,"service x locality (domestic-help)",yes
"house help in sector 137",/noida/sector-137/domestic-help,noida,very-high,"service x locality (domestic-help)",yes
"maid service in sector 140",/noida/sector-140,noida,medium,"locality hub",yes
"maid agency in sector 140",/noida/sector-140,noida,medium,"locality hub",yes
"domestic help in sector 140",/noida/sector-140,noida,medium,"locality hub",yes
"full-time maid in sector 140",/noida/sector-140/full-time-maid,noida,medium,"service x locality (full-time-maid)",yes
"part-time maid in sector 140",/noida/sector-140/part-time-maid,noida,medium,"service x locality (part-time-maid)",yes
"cook in sector 140",/noida/sector-140/cook,noida,medium,"service x locality (cook)",yes
"babysitter / nanny in sector 140",/noida/sector-140/babysitter-nanny,noida,medium,"service x locality (babysitter-nanny)",yes
"elder care in sector 140",/noida/sector-140/elder-care,noida,medium,"service x locality (elder-care)",yes
"maid service in sector 141",/noida/sector-141,noida,medium,"locality hub",yes
"maid agency in sector 141",/noida/sector-141,noida,medium,"locality hub",yes
"domestic help in sector 141",/noida/sector-141,noida,medium,"locality hub",yes
"full-time maid in sector 141",/noida/sector-141/full-time-maid,noida,medium,"service x locality (full-time-maid)",yes
"part-time maid in sector 141",/noida/sector-141/part-time-maid,noida,medium,"service x locality (part-time-maid)",yes
"cook in sector 141",/noida/sector-141/cook,noida,medium,"service x locality (cook)",yes
"babysitter / nanny in sector 141",/noida/sector-141/babysitter-nanny,noida,medium,"service x locality (babysitter-nanny)",yes
"elder care in sector 141",/noida/sector-141/elder-care,noida,medium,"service x locality (elder-care)",yes
"maid service in sector 142",/noida/sector-142,noida,medium,"locality hub",yes
"maid agency in sector 142",/noida/sector-142,noida,medium,"locality hub",yes
"domestic help in sector 142",/noida/sector-142,noida,medium,"locality hub",yes
"full-time maid in sector 142",/noida/sector-142/full-time-maid,noida,medium,"service x locality (full-time-maid)",yes
"part-time maid in sector 142",/noida/sector-142/part-time-maid,noida,medium,"service x locality (part-time-maid)",yes
"cook in sector 142",/noida/sector-142/cook,noida,medium,"service x locality (cook)",yes
"babysitter / nanny in sector 142",/noida/sector-142/babysitter-nanny,noida,medium,"service x locality (babysitter-nanny)",yes
"elder care in sector 142",/noida/sector-142/elder-care,noida,medium,"service x locality (elder-care)",yes
"maid service in sector 143",/noida/sector-143,noida,very-high,"locality hub",yes
"maid agency in sector 143",/noida/sector-143,noida,very-high,"locality hub",yes
"maid provider in sector 143",/noida/sector-143,noida,very-high,"locality hub",yes
"house maid in sector 143",/noida/sector-143,noida,very-high,"locality hub",yes
"housemaid in sector 143",/noida/sector-143,noida,very-high,"locality hub",yes
"professional maid service in sector 143",/noida/sector-143,noida,very-high,"locality hub",yes
"best maid service in sector 143",/noida/sector-143,noida,very-high,"locality hub",yes
"verified maid service in sector 143",/noida/sector-143,noida,very-high,"locality hub",yes
"reliable maid service in sector 143",/noida/sector-143,noida,very-high,"locality hub",yes
"maid near me sector 143",/noida/sector-143,noida,very-high,"locality hub",yes
"maid service in sector 143 noida",/noida/sector-143,noida,very-high,"locality hub (alt name, same page)",yes
"full time maid in sector 143",/noida/sector-143/full-time-maid,noida,very-high,"service x locality (full-time-maid)",yes
"live in maid in sector 143",/noida/sector-143/full-time-maid,noida,very-high,"service x locality (full-time-maid)",yes
"24 hours maid in sector 143",/noida/sector-143/full-time-maid,noida,very-high,"service x locality (full-time-maid)",yes
"part time maid in sector 143",/noida/sector-143/part-time-maid,noida,very-high,"service x locality (part-time-maid)",yes
"hourly maid in sector 143",/noida/sector-143/part-time-maid,noida,very-high,"service x locality (part-time-maid)",yes
"morning maid in sector 143",/noida/sector-143/part-time-maid,noida,very-high,"service x locality (part-time-maid)",yes
"cook service in sector 143",/noida/sector-143/cook,noida,very-high,"service x locality (cook)",yes
"home cook in sector 143",/noida/sector-143/cook,noida,very-high,"service x locality (cook)",yes
"cook in sector 143",/noida/sector-143/cook,noida,very-high,"service x locality (cook)",yes
"babysitter in sector 143",/noida/sector-143/babysitter-nanny,noida,very-high,"service x locality (babysitter-nanny)",yes
"nanny service in sector 143",/noida/sector-143/babysitter-nanny,noida,very-high,"service x locality (babysitter-nanny)",yes
"japa maid in sector 143",/noida/sector-143/babysitter-nanny,noida,very-high,"service x locality (babysitter-nanny)",yes
"elder care maid in sector 143",/noida/sector-143/elder-care,noida,very-high,"service x locality (elder-care)",yes
"caretaker for elderly in sector 143",/noida/sector-143/elder-care,noida,very-high,"service x locality (elder-care)",yes
"domestic help in sector 143",/noida/sector-143/domestic-help,noida,very-high,"service x locality (domestic-help)",yes
"house help in sector 143",/noida/sector-143/domestic-help,noida,very-high,"service x locality (domestic-help)",yes
"maid service in sector 144",/noida/sector-144,noida,medium,"locality hub",yes
"maid agency in sector 144",/noida/sector-144,noida,medium,"locality hub",yes
"domestic help in sector 144",/noida/sector-144,noida,medium,"locality hub",yes
"full-time maid in sector 144",/noida/sector-144/full-time-maid,noida,medium,"service x locality (full-time-maid)",yes
"part-time maid in sector 144",/noida/sector-144/part-time-maid,noida,medium,"service x locality (part-time-maid)",yes
"cook in sector 144",/noida/sector-144/cook,noida,medium,"service x locality (cook)",yes
"babysitter / nanny in sector 144",/noida/sector-144/babysitter-nanny,noida,medium,"service x locality (babysitter-nanny)",yes
"elder care in sector 144",/noida/sector-144/elder-care,noida,medium,"service x locality (elder-care)",yes
"maid service in sector 145",/noida/sector-145,noida,medium,"locality hub",yes
"maid agency in sector 145",/noida/sector-145,noida,medium,"locality hub",yes
"domestic help in sector 145",/noida/sector-145,noida,medium,"locality hub",yes
"full-time maid in sector 145",/noida/sector-145/full-time-maid,noida,medium,"service x locality (full-time-maid)",yes
"part-time maid in sector 145",/noida/sector-145/part-time-maid,noida,medium,"service x locality (part-time-maid)",yes
"cook in sector 145",/noida/sector-145/cook,noida,medium,"service x locality (cook)",yes
"babysitter / nanny in sector 145",/noida/sector-145/babysitter-nanny,noida,medium,"service x locality (babysitter-nanny)",yes
"elder care in sector 145",/noida/sector-145/elder-care,noida,medium,"service x locality (elder-care)",yes
"maid service in sector 146",/noida/sector-146,noida,medium,"locality hub",yes
"maid agency in sector 146",/noida/sector-146,noida,medium,"locality hub",yes
"domestic help in sector 146",/noida/sector-146,noida,medium,"locality hub",yes
"full-time maid in sector 146",/noida/sector-146/full-time-maid,noida,medium,"service x locality (full-time-maid)",yes
"part-time maid in sector 146",/noida/sector-146/part-time-maid,noida,medium,"service x locality (part-time-maid)",yes
"cook in sector 146",/noida/sector-146/cook,noida,medium,"service x locality (cook)",yes
"babysitter / nanny in sector 146",/noida/sector-146/babysitter-nanny,noida,medium,"service x locality (babysitter-nanny)",yes
"elder care in sector 146",/noida/sector-146/elder-care,noida,medium,"service x locality (elder-care)",yes
"maid service in sector 147",/noida/sector-147,noida,medium,"locality hub",yes
"maid agency in sector 147",/noida/sector-147,noida,medium,"locality hub",yes
"domestic help in sector 147",/noida/sector-147,noida,medium,"locality hub",yes
"full-time maid in sector 147",/noida/sector-147/full-time-maid,noida,medium,"service x locality (full-time-maid)",yes
"part-time maid in sector 147",/noida/sector-147/part-time-maid,noida,medium,"service x locality (part-time-maid)",yes
"cook in sector 147",/noida/sector-147/cook,noida,medium,"service x locality (cook)",yes
"babysitter / nanny in sector 147",/noida/sector-147/babysitter-nanny,noida,medium,"service x locality (babysitter-nanny)",yes
"elder care in sector 147",/noida/sector-147/elder-care,noida,medium,"service x locality (elder-care)",yes
"maid service in sector 148",/noida/sector-148,noida,medium,"locality hub",yes
"maid agency in sector 148",/noida/sector-148,noida,medium,"locality hub",yes
"domestic help in sector 148",/noida/sector-148,noida,medium,"locality hub",yes
"full-time maid in sector 148",/noida/sector-148/full-time-maid,noida,medium,"service x locality (full-time-maid)",yes
"part-time maid in sector 148",/noida/sector-148/part-time-maid,noida,medium,"service x locality (part-time-maid)",yes
"cook in sector 148",/noida/sector-148/cook,noida,medium,"service x locality (cook)",yes
"babysitter / nanny in sector 148",/noida/sector-148/babysitter-nanny,noida,medium,"service x locality (babysitter-nanny)",yes
"elder care in sector 148",/noida/sector-148/elder-care,noida,medium,"service x locality (elder-care)",yes
"maid service in sector 149",/noida/sector-149,noida,medium,"locality hub",yes
"maid agency in sector 149",/noida/sector-149,noida,medium,"locality hub",yes
"domestic help in sector 149",/noida/sector-149,noida,medium,"locality hub",yes
"full-time maid in sector 149",/noida/sector-149/full-time-maid,noida,medium,"service x locality (full-time-maid)",yes
"part-time maid in sector 149",/noida/sector-149/part-time-maid,noida,medium,"service x locality (part-time-maid)",yes
"cook in sector 149",/noida/sector-149/cook,noida,medium,"service x locality (cook)",yes
"babysitter / nanny in sector 149",/noida/sector-149/babysitter-nanny,noida,medium,"service x locality (babysitter-nanny)",yes
"elder care in sector 149",/noida/sector-149/elder-care,noida,medium,"service x locality (elder-care)",yes
"maid service in sector 150",/noida/sector-150,noida,very-high,"locality hub",yes
"maid agency in sector 150",/noida/sector-150,noida,very-high,"locality hub",yes
"maid provider in sector 150",/noida/sector-150,noida,very-high,"locality hub",yes
"house maid in sector 150",/noida/sector-150,noida,very-high,"locality hub",yes
"housemaid in sector 150",/noida/sector-150,noida,very-high,"locality hub",yes
"professional maid service in sector 150",/noida/sector-150,noida,very-high,"locality hub",yes
"best maid service in sector 150",/noida/sector-150,noida,very-high,"locality hub",yes
"verified maid service in sector 150",/noida/sector-150,noida,very-high,"locality hub",yes
"reliable maid service in sector 150",/noida/sector-150,noida,very-high,"locality hub",yes
"maid near me sector 150",/noida/sector-150,noida,very-high,"locality hub",yes
"maid service in sector 150 noida",/noida/sector-150,noida,very-high,"locality hub (alt name, same page)",yes
"full time maid in sector 150",/noida/sector-150/full-time-maid,noida,very-high,"service x locality (full-time-maid)",yes
"live in maid in sector 150",/noida/sector-150/full-time-maid,noida,very-high,"service x locality (full-time-maid)",yes
"24 hours maid in sector 150",/noida/sector-150/full-time-maid,noida,very-high,"service x locality (full-time-maid)",yes
"part time maid in sector 150",/noida/sector-150/part-time-maid,noida,very-high,"service x locality (part-time-maid)",yes
"hourly maid in sector 150",/noida/sector-150/part-time-maid,noida,very-high,"service x locality (part-time-maid)",yes
"morning maid in sector 150",/noida/sector-150/part-time-maid,noida,very-high,"service x locality (part-time-maid)",yes
"cook service in sector 150",/noida/sector-150/cook,noida,very-high,"service x locality (cook)",yes
"home cook in sector 150",/noida/sector-150/cook,noida,very-high,"service x locality (cook)",yes
"cook in sector 150",/noida/sector-150/cook,noida,very-high,"service x locality (cook)",yes
"babysitter in sector 150",/noida/sector-150/babysitter-nanny,noida,very-high,"service x locality (babysitter-nanny)",yes
"nanny service in sector 150",/noida/sector-150/babysitter-nanny,noida,very-high,"service x locality (babysitter-nanny)",yes
"japa maid in sector 150",/noida/sector-150/babysitter-nanny,noida,very-high,"service x locality (babysitter-nanny)",yes
"elder care maid in sector 150",/noida/sector-150/elder-care,noida,very-high,"service x locality (elder-care)",yes
"caretaker for elderly in sector 150",/noida/sector-150/elder-care,noida,very-high,"service x locality (elder-care)",yes
"domestic help in sector 150",/noida/sector-150/domestic-help,noida,very-high,"service x locality (domestic-help)",yes
"house help in sector 150",/noida/sector-150/domestic-help,noida,very-high,"service x locality (domestic-help)",yes
"maid service in sector 151",/noida/sector-151,noida,medium,"locality hub",yes
"maid agency in sector 151",/noida/sector-151,noida,medium,"locality hub",yes
"domestic help in sector 151",/noida/sector-151,noida,medium,"locality hub",yes
"full-time maid in sector 151",/noida/sector-151/full-time-maid,noida,medium,"service x locality (full-time-maid)",yes
"part-time maid in sector 151",/noida/sector-151/part-time-maid,noida,medium,"service x locality (part-time-maid)",yes
"cook in sector 151",/noida/sector-151/cook,noida,medium,"service x locality (cook)",yes
"babysitter / nanny in sector 151",/noida/sector-151/babysitter-nanny,noida,medium,"service x locality (babysitter-nanny)",yes
"elder care in sector 151",/noida/sector-151/elder-care,noida,medium,"service x locality (elder-care)",yes
"maid service in sector 152",/noida/sector-152,noida,high,"locality hub",yes
"maid agency in sector 152",/noida/sector-152,noida,high,"locality hub",yes
"domestic help in sector 152",/noida/sector-152,noida,high,"locality hub",yes
"full-time maid in sector 152",/noida/sector-152/full-time-maid,noida,high,"service x locality (full-time-maid)",yes
"part-time maid in sector 152",/noida/sector-152/part-time-maid,noida,high,"service x locality (part-time-maid)",yes
"cook in sector 152",/noida/sector-152/cook,noida,high,"service x locality (cook)",yes
"babysitter / nanny in sector 152",/noida/sector-152/babysitter-nanny,noida,high,"service x locality (babysitter-nanny)",yes
"elder care in sector 152",/noida/sector-152/elder-care,noida,high,"service x locality (elder-care)",yes
"maid service in gaur city",/greater-noida/gaur-city,greater-noida,very-high,"locality hub",yes
"maid agency in gaur city",/greater-noida/gaur-city,greater-noida,very-high,"locality hub",yes
"maid provider in gaur city",/greater-noida/gaur-city,greater-noida,very-high,"locality hub",yes
"house maid in gaur city",/greater-noida/gaur-city,greater-noida,very-high,"locality hub",yes
"housemaid in gaur city",/greater-noida/gaur-city,greater-noida,very-high,"locality hub",yes
"professional maid service in gaur city",/greater-noida/gaur-city,greater-noida,very-high,"locality hub",yes
"best maid service in gaur city",/greater-noida/gaur-city,greater-noida,very-high,"locality hub",yes
"verified maid service in gaur city",/greater-noida/gaur-city,greater-noida,very-high,"locality hub",yes
"reliable maid service in gaur city",/greater-noida/gaur-city,greater-noida,very-high,"locality hub",yes
"maid near me gaur city",/greater-noida/gaur-city,greater-noida,very-high,"locality hub",yes
"maid service in gaur city 1",/greater-noida/gaur-city,greater-noida,very-high,"locality hub (alt name, same page)",yes
"maid service in gaur city 2",/greater-noida/gaur-city,greater-noida,very-high,"locality hub (alt name, same page)",yes
"full time maid in gaur city",/greater-noida/gaur-city/full-time-maid,greater-noida,very-high,"service x locality (full-time-maid)",yes
"live in maid in gaur city",/greater-noida/gaur-city/full-time-maid,greater-noida,very-high,"service x locality (full-time-maid)",yes
"24 hours maid in gaur city",/greater-noida/gaur-city/full-time-maid,greater-noida,very-high,"service x locality (full-time-maid)",yes
"part time maid in gaur city",/greater-noida/gaur-city/part-time-maid,greater-noida,very-high,"service x locality (part-time-maid)",yes
"hourly maid in gaur city",/greater-noida/gaur-city/part-time-maid,greater-noida,very-high,"service x locality (part-time-maid)",yes
"morning maid in gaur city",/greater-noida/gaur-city/part-time-maid,greater-noida,very-high,"service x locality (part-time-maid)",yes
"cook service in gaur city",/greater-noida/gaur-city/cook,greater-noida,very-high,"service x locality (cook)",yes
"home cook in gaur city",/greater-noida/gaur-city/cook,greater-noida,very-high,"service x locality (cook)",yes
"cook in gaur city",/greater-noida/gaur-city/cook,greater-noida,very-high,"service x locality (cook)",yes
"babysitter in gaur city",/greater-noida/gaur-city/babysitter-nanny,greater-noida,very-high,"service x locality (babysitter-nanny)",yes
"nanny service in gaur city",/greater-noida/gaur-city/babysitter-nanny,greater-noida,very-high,"service x locality (babysitter-nanny)",yes
"japa maid in gaur city",/greater-noida/gaur-city/babysitter-nanny,greater-noida,very-high,"service x locality (babysitter-nanny)",yes
"elder care maid in gaur city",/greater-noida/gaur-city/elder-care,greater-noida,very-high,"service x locality (elder-care)",yes
"caretaker for elderly in gaur city",/greater-noida/gaur-city/elder-care,greater-noida,very-high,"service x locality (elder-care)",yes
"domestic help in gaur city",/greater-noida/gaur-city/domestic-help,greater-noida,very-high,"service x locality (domestic-help)",yes
"house help in gaur city",/greater-noida/gaur-city/domestic-help,greater-noida,very-high,"service x locality (domestic-help)",yes
"maid service in techzone",/greater-noida/techzone,greater-noida,very-high,"locality hub",yes
"maid agency in techzone",/greater-noida/techzone,greater-noida,very-high,"locality hub",yes
"maid provider in techzone",/greater-noida/techzone,greater-noida,very-high,"locality hub",yes
"house maid in techzone",/greater-noida/techzone,greater-noida,very-high,"locality hub",yes
"housemaid in techzone",/greater-noida/techzone,greater-noida,very-high,"locality hub",yes
"professional maid service in techzone",/greater-noida/techzone,greater-noida,very-high,"locality hub",yes
"best maid service in techzone",/greater-noida/techzone,greater-noida,very-high,"locality hub",yes
"verified maid service in techzone",/greater-noida/techzone,greater-noida,very-high,"locality hub",yes
"reliable maid service in techzone",/greater-noida/techzone,greater-noida,very-high,"locality hub",yes
"maid near me techzone",/greater-noida/techzone,greater-noida,very-high,"locality hub",yes
"maid service in techzone 4",/greater-noida/techzone,greater-noida,very-high,"locality hub (alt name, same page)",yes
"full time maid in techzone",/greater-noida/techzone/full-time-maid,greater-noida,very-high,"service x locality (full-time-maid)",yes
"live in maid in techzone",/greater-noida/techzone/full-time-maid,greater-noida,very-high,"service x locality (full-time-maid)",yes
"24 hours maid in techzone",/greater-noida/techzone/full-time-maid,greater-noida,very-high,"service x locality (full-time-maid)",yes
"part time maid in techzone",/greater-noida/techzone/part-time-maid,greater-noida,very-high,"service x locality (part-time-maid)",yes
"hourly maid in techzone",/greater-noida/techzone/part-time-maid,greater-noida,very-high,"service x locality (part-time-maid)",yes
"morning maid in techzone",/greater-noida/techzone/part-time-maid,greater-noida,very-high,"service x locality (part-time-maid)",yes
"cook service in techzone",/greater-noida/techzone/cook,greater-noida,very-high,"service x locality (cook)",yes
"home cook in techzone",/greater-noida/techzone/cook,greater-noida,very-high,"service x locality (cook)",yes
"cook in techzone",/greater-noida/techzone/cook,greater-noida,very-high,"service x locality (cook)",yes
"babysitter in techzone",/greater-noida/techzone/babysitter-nanny,greater-noida,very-high,"service x locality (babysitter-nanny)",yes
"nanny service in techzone",/greater-noida/techzone/babysitter-nanny,greater-noida,very-high,"service x locality (babysitter-nanny)",yes
"japa maid in techzone",/greater-noida/techzone/babysitter-nanny,greater-noida,very-high,"service x locality (babysitter-nanny)",yes
"elder care maid in techzone",/greater-noida/techzone/elder-care,greater-noida,very-high,"service x locality (elder-care)",yes
"caretaker for elderly in techzone",/greater-noida/techzone/elder-care,greater-noida,very-high,"service x locality (elder-care)",yes
"domestic help in techzone",/greater-noida/techzone/domestic-help,greater-noida,very-high,"service x locality (domestic-help)",yes
"house help in techzone",/greater-noida/techzone/domestic-help,greater-noida,very-high,"service x locality (domestic-help)",yes
"maid service in surajpur",/greater-noida/surajpur,greater-noida,high,"locality hub",yes
"maid agency in surajpur",/greater-noida/surajpur,greater-noida,high,"locality hub",yes
"domestic help in surajpur",/greater-noida/surajpur,greater-noida,high,"locality hub",yes
"full-time maid in surajpur",/greater-noida/surajpur/full-time-maid,greater-noida,high,"service x locality (full-time-maid)",yes
"part-time maid in surajpur",/greater-noida/surajpur/part-time-maid,greater-noida,high,"service x locality (part-time-maid)",yes
"cook in surajpur",/greater-noida/surajpur/cook,greater-noida,high,"service x locality (cook)",no
"babysitter / nanny in surajpur",/greater-noida/surajpur/babysitter-nanny,greater-noida,high,"service x locality (babysitter-nanny)",yes
"elder care in surajpur",/greater-noida/surajpur/elder-care,greater-noida,high,"service x locality (elder-care)",yes
"maid service in alpha",/greater-noida/alpha,greater-noida,very-high,"locality hub",yes
"maid agency in alpha",/greater-noida/alpha,greater-noida,very-high,"locality hub",yes
"maid provider in alpha",/greater-noida/alpha,greater-noida,very-high,"locality hub",yes
"house maid in alpha",/greater-noida/alpha,greater-noida,very-high,"locality hub",yes
"housemaid in alpha",/greater-noida/alpha,greater-noida,very-high,"locality hub",yes
"professional maid service in alpha",/greater-noida/alpha,greater-noida,very-high,"locality hub",yes
"best maid service in alpha",/greater-noida/alpha,greater-noida,very-high,"locality hub",yes
"verified maid service in alpha",/greater-noida/alpha,greater-noida,very-high,"locality hub",yes
"reliable maid service in alpha",/greater-noida/alpha,greater-noida,very-high,"locality hub",yes
"maid near me alpha",/greater-noida/alpha,greater-noida,very-high,"locality hub",yes
"maid service in alpha 1",/greater-noida/alpha,greater-noida,very-high,"locality hub (alt name, same page)",yes
"maid service in alpha 2",/greater-noida/alpha,greater-noida,very-high,"locality hub (alt name, same page)",yes
"maid service in alpha greater noida",/greater-noida/alpha,greater-noida,very-high,"locality hub (alt name, same page)",yes
"full time maid in alpha",/greater-noida/alpha/full-time-maid,greater-noida,very-high,"service x locality (full-time-maid)",yes
"live in maid in alpha",/greater-noida/alpha/full-time-maid,greater-noida,very-high,"service x locality (full-time-maid)",yes
"24 hours maid in alpha",/greater-noida/alpha/full-time-maid,greater-noida,very-high,"service x locality (full-time-maid)",yes
"part time maid in alpha",/greater-noida/alpha/part-time-maid,greater-noida,very-high,"service x locality (part-time-maid)",yes
"hourly maid in alpha",/greater-noida/alpha/part-time-maid,greater-noida,very-high,"service x locality (part-time-maid)",yes
"morning maid in alpha",/greater-noida/alpha/part-time-maid,greater-noida,very-high,"service x locality (part-time-maid)",yes
"cook service in alpha",/greater-noida/alpha/cook,greater-noida,very-high,"service x locality (cook)",yes
"home cook in alpha",/greater-noida/alpha/cook,greater-noida,very-high,"service x locality (cook)",yes
"cook in alpha",/greater-noida/alpha/cook,greater-noida,very-high,"service x locality (cook)",yes
"babysitter in alpha",/greater-noida/alpha/babysitter-nanny,greater-noida,very-high,"service x locality (babysitter-nanny)",yes
"nanny service in alpha",/greater-noida/alpha/babysitter-nanny,greater-noida,very-high,"service x locality (babysitter-nanny)",yes
"japa maid in alpha",/greater-noida/alpha/babysitter-nanny,greater-noida,very-high,"service x locality (babysitter-nanny)",yes
"elder care maid in alpha",/greater-noida/alpha/elder-care,greater-noida,very-high,"service x locality (elder-care)",yes
"caretaker for elderly in alpha",/greater-noida/alpha/elder-care,greater-noida,very-high,"service x locality (elder-care)",yes
"domestic help in alpha",/greater-noida/alpha/domestic-help,greater-noida,very-high,"service x locality (domestic-help)",yes
"house help in alpha",/greater-noida/alpha/domestic-help,greater-noida,very-high,"service x locality (domestic-help)",yes
"maid service in beta",/greater-noida/beta,greater-noida,very-high,"locality hub",yes
"maid agency in beta",/greater-noida/beta,greater-noida,very-high,"locality hub",yes
"maid provider in beta",/greater-noida/beta,greater-noida,very-high,"locality hub",yes
"house maid in beta",/greater-noida/beta,greater-noida,very-high,"locality hub",yes
"housemaid in beta",/greater-noida/beta,greater-noida,very-high,"locality hub",yes
"professional maid service in beta",/greater-noida/beta,greater-noida,very-high,"locality hub",yes
"best maid service in beta",/greater-noida/beta,greater-noida,very-high,"locality hub",yes
"verified maid service in beta",/greater-noida/beta,greater-noida,very-high,"locality hub",yes
"reliable maid service in beta",/greater-noida/beta,greater-noida,very-high,"locality hub",yes
"maid near me beta",/greater-noida/beta,greater-noida,very-high,"locality hub",yes
"maid service in beta 1",/greater-noida/beta,greater-noida,very-high,"locality hub (alt name, same page)",yes
"maid service in beta 2",/greater-noida/beta,greater-noida,very-high,"locality hub (alt name, same page)",yes
"maid service in beta greater noida",/greater-noida/beta,greater-noida,very-high,"locality hub (alt name, same page)",yes
"full time maid in beta",/greater-noida/beta/full-time-maid,greater-noida,very-high,"service x locality (full-time-maid)",yes
"live in maid in beta",/greater-noida/beta/full-time-maid,greater-noida,very-high,"service x locality (full-time-maid)",yes
"24 hours maid in beta",/greater-noida/beta/full-time-maid,greater-noida,very-high,"service x locality (full-time-maid)",yes
"part time maid in beta",/greater-noida/beta/part-time-maid,greater-noida,very-high,"service x locality (part-time-maid)",yes
"hourly maid in beta",/greater-noida/beta/part-time-maid,greater-noida,very-high,"service x locality (part-time-maid)",yes
"morning maid in beta",/greater-noida/beta/part-time-maid,greater-noida,very-high,"service x locality (part-time-maid)",yes
"cook service in beta",/greater-noida/beta/cook,greater-noida,very-high,"service x locality (cook)",yes
"home cook in beta",/greater-noida/beta/cook,greater-noida,very-high,"service x locality (cook)",yes
"cook in beta",/greater-noida/beta/cook,greater-noida,very-high,"service x locality (cook)",yes
"babysitter in beta",/greater-noida/beta/babysitter-nanny,greater-noida,very-high,"service x locality (babysitter-nanny)",yes
"nanny service in beta",/greater-noida/beta/babysitter-nanny,greater-noida,very-high,"service x locality (babysitter-nanny)",yes
"japa maid in beta",/greater-noida/beta/babysitter-nanny,greater-noida,very-high,"service x locality (babysitter-nanny)",yes
"elder care maid in beta",/greater-noida/beta/elder-care,greater-noida,very-high,"service x locality (elder-care)",yes
"caretaker for elderly in beta",/greater-noida/beta/elder-care,greater-noida,very-high,"service x locality (elder-care)",yes
"domestic help in beta",/greater-noida/beta/domestic-help,greater-noida,very-high,"service x locality (domestic-help)",yes
"house help in beta",/greater-noida/beta/domestic-help,greater-noida,very-high,"service x locality (domestic-help)",yes
"maid service in gamma",/greater-noida/gamma,greater-noida,very-high,"locality hub",yes
"maid agency in gamma",/greater-noida/gamma,greater-noida,very-high,"locality hub",yes
"maid provider in gamma",/greater-noida/gamma,greater-noida,very-high,"locality hub",yes
"house maid in gamma",/greater-noida/gamma,greater-noida,very-high,"locality hub",yes
"housemaid in gamma",/greater-noida/gamma,greater-noida,very-high,"locality hub",yes
"professional maid service in gamma",/greater-noida/gamma,greater-noida,very-high,"locality hub",yes
"best maid service in gamma",/greater-noida/gamma,greater-noida,very-high,"locality hub",yes
"verified maid service in gamma",/greater-noida/gamma,greater-noida,very-high,"locality hub",yes
"reliable maid service in gamma",/greater-noida/gamma,greater-noida,very-high,"locality hub",yes
"maid near me gamma",/greater-noida/gamma,greater-noida,very-high,"locality hub",yes
"maid service in gamma 1",/greater-noida/gamma,greater-noida,very-high,"locality hub (alt name, same page)",yes
"maid service in gamma 2",/greater-noida/gamma,greater-noida,very-high,"locality hub (alt name, same page)",yes
"full time maid in gamma",/greater-noida/gamma/full-time-maid,greater-noida,very-high,"service x locality (full-time-maid)",yes
"live in maid in gamma",/greater-noida/gamma/full-time-maid,greater-noida,very-high,"service x locality (full-time-maid)",yes
"24 hours maid in gamma",/greater-noida/gamma/full-time-maid,greater-noida,very-high,"service x locality (full-time-maid)",yes
"part time maid in gamma",/greater-noida/gamma/part-time-maid,greater-noida,very-high,"service x locality (part-time-maid)",yes
"hourly maid in gamma",/greater-noida/gamma/part-time-maid,greater-noida,very-high,"service x locality (part-time-maid)",yes
"morning maid in gamma",/greater-noida/gamma/part-time-maid,greater-noida,very-high,"service x locality (part-time-maid)",yes
"cook service in gamma",/greater-noida/gamma/cook,greater-noida,very-high,"service x locality (cook)",yes
"home cook in gamma",/greater-noida/gamma/cook,greater-noida,very-high,"service x locality (cook)",yes
"cook in gamma",/greater-noida/gamma/cook,greater-noida,very-high,"service x locality (cook)",yes
"babysitter in gamma",/greater-noida/gamma/babysitter-nanny,greater-noida,very-high,"service x locality (babysitter-nanny)",yes
"nanny service in gamma",/greater-noida/gamma/babysitter-nanny,greater-noida,very-high,"service x locality (babysitter-nanny)",yes
"japa maid in gamma",/greater-noida/gamma/babysitter-nanny,greater-noida,very-high,"service x locality (babysitter-nanny)",yes
"elder care maid in gamma",/greater-noida/gamma/elder-care,greater-noida,very-high,"service x locality (elder-care)",yes
"caretaker for elderly in gamma",/greater-noida/gamma/elder-care,greater-noida,very-high,"service x locality (elder-care)",yes
"domestic help in gamma",/greater-noida/gamma/domestic-help,greater-noida,very-high,"service x locality (domestic-help)",yes
"house help in gamma",/greater-noida/gamma/domestic-help,greater-noida,very-high,"service x locality (domestic-help)",yes
"maid service in delta",/greater-noida/delta,greater-noida,very-high,"locality hub",yes
"maid agency in delta",/greater-noida/delta,greater-noida,very-high,"locality hub",yes
"maid provider in delta",/greater-noida/delta,greater-noida,very-high,"locality hub",yes
"house maid in delta",/greater-noida/delta,greater-noida,very-high,"locality hub",yes
"housemaid in delta",/greater-noida/delta,greater-noida,very-high,"locality hub",yes
"professional maid service in delta",/greater-noida/delta,greater-noida,very-high,"locality hub",yes
"best maid service in delta",/greater-noida/delta,greater-noida,very-high,"locality hub",yes
"verified maid service in delta",/greater-noida/delta,greater-noida,very-high,"locality hub",yes
"reliable maid service in delta",/greater-noida/delta,greater-noida,very-high,"locality hub",yes
"maid near me delta",/greater-noida/delta,greater-noida,very-high,"locality hub",yes
"maid service in delta 1",/greater-noida/delta,greater-noida,very-high,"locality hub (alt name, same page)",yes
"maid service in delta 2",/greater-noida/delta,greater-noida,very-high,"locality hub (alt name, same page)",yes
"full time maid in delta",/greater-noida/delta/full-time-maid,greater-noida,very-high,"service x locality (full-time-maid)",yes
"live in maid in delta",/greater-noida/delta/full-time-maid,greater-noida,very-high,"service x locality (full-time-maid)",yes
"24 hours maid in delta",/greater-noida/delta/full-time-maid,greater-noida,very-high,"service x locality (full-time-maid)",yes
"part time maid in delta",/greater-noida/delta/part-time-maid,greater-noida,very-high,"service x locality (part-time-maid)",yes
"hourly maid in delta",/greater-noida/delta/part-time-maid,greater-noida,very-high,"service x locality (part-time-maid)",yes
"morning maid in delta",/greater-noida/delta/part-time-maid,greater-noida,very-high,"service x locality (part-time-maid)",yes
"cook service in delta",/greater-noida/delta/cook,greater-noida,very-high,"service x locality (cook)",yes
"home cook in delta",/greater-noida/delta/cook,greater-noida,very-high,"service x locality (cook)",yes
"cook in delta",/greater-noida/delta/cook,greater-noida,very-high,"service x locality (cook)",yes
"babysitter in delta",/greater-noida/delta/babysitter-nanny,greater-noida,very-high,"service x locality (babysitter-nanny)",yes
"nanny service in delta",/greater-noida/delta/babysitter-nanny,greater-noida,very-high,"service x locality (babysitter-nanny)",yes
"japa maid in delta",/greater-noida/delta/babysitter-nanny,greater-noida,very-high,"service x locality (babysitter-nanny)",yes
"elder care maid in delta",/greater-noida/delta/elder-care,greater-noida,very-high,"service x locality (elder-care)",yes
"caretaker for elderly in delta",/greater-noida/delta/elder-care,greater-noida,very-high,"service x locality (elder-care)",yes
"domestic help in delta",/greater-noida/delta/domestic-help,greater-noida,very-high,"service x locality (domestic-help)",yes
"house help in delta",/greater-noida/delta/domestic-help,greater-noida,very-high,"service x locality (domestic-help)",yes
"maid service in knowledge park",/greater-noida/knowledge-park,greater-noida,very-high,"locality hub",yes
"maid agency in knowledge park",/greater-noida/knowledge-park,greater-noida,very-high,"locality hub",yes
"maid provider in knowledge park",/greater-noida/knowledge-park,greater-noida,very-high,"locality hub",yes
"house maid in knowledge park",/greater-noida/knowledge-park,greater-noida,very-high,"locality hub",yes
"housemaid in knowledge park",/greater-noida/knowledge-park,greater-noida,very-high,"locality hub",yes
"professional maid service in knowledge park",/greater-noida/knowledge-park,greater-noida,very-high,"locality hub",yes
"best maid service in knowledge park",/greater-noida/knowledge-park,greater-noida,very-high,"locality hub",yes
"verified maid service in knowledge park",/greater-noida/knowledge-park,greater-noida,very-high,"locality hub",yes
"reliable maid service in knowledge park",/greater-noida/knowledge-park,greater-noida,very-high,"locality hub",yes
"maid near me knowledge park",/greater-noida/knowledge-park,greater-noida,very-high,"locality hub",yes
"maid service in knowledge park 1",/greater-noida/knowledge-park,greater-noida,very-high,"locality hub (alt name, same page)",yes
"maid service in knowledge park 2",/greater-noida/knowledge-park,greater-noida,very-high,"locality hub (alt name, same page)",yes
"maid service in knowledge park 3",/greater-noida/knowledge-park,greater-noida,very-high,"locality hub (alt name, same page)",yes
"full time maid in knowledge park",/greater-noida/knowledge-park/full-time-maid,greater-noida,very-high,"service x locality (full-time-maid)",yes
"live in maid in knowledge park",/greater-noida/knowledge-park/full-time-maid,greater-noida,very-high,"service x locality (full-time-maid)",yes
"24 hours maid in knowledge park",/greater-noida/knowledge-park/full-time-maid,greater-noida,very-high,"service x locality (full-time-maid)",yes
"part time maid in knowledge park",/greater-noida/knowledge-park/part-time-maid,greater-noida,very-high,"service x locality (part-time-maid)",yes
"hourly maid in knowledge park",/greater-noida/knowledge-park/part-time-maid,greater-noida,very-high,"service x locality (part-time-maid)",yes
"morning maid in knowledge park",/greater-noida/knowledge-park/part-time-maid,greater-noida,very-high,"service x locality (part-time-maid)",yes
"cook service in knowledge park",/greater-noida/knowledge-park/cook,greater-noida,very-high,"service x locality (cook)",yes
"home cook in knowledge park",/greater-noida/knowledge-park/cook,greater-noida,very-high,"service x locality (cook)",yes
"cook in knowledge park",/greater-noida/knowledge-park/cook,greater-noida,very-high,"service x locality (cook)",yes
"babysitter in knowledge park",/greater-noida/knowledge-park/babysitter-nanny,greater-noida,very-high,"service x locality (babysitter-nanny)",yes
"nanny service in knowledge park",/greater-noida/knowledge-park/babysitter-nanny,greater-noida,very-high,"service x locality (babysitter-nanny)",yes
"japa maid in knowledge park",/greater-noida/knowledge-park/babysitter-nanny,greater-noida,very-high,"service x locality (babysitter-nanny)",yes
"elder care maid in knowledge park",/greater-noida/knowledge-park/elder-care,greater-noida,very-high,"service x locality (elder-care)",yes
"caretaker for elderly in knowledge park",/greater-noida/knowledge-park/elder-care,greater-noida,very-high,"service x locality (elder-care)",yes
"domestic help in knowledge park",/greater-noida/knowledge-park/domestic-help,greater-noida,very-high,"service x locality (domestic-help)",yes
"house help in knowledge park",/greater-noida/knowledge-park/domestic-help,greater-noida,very-high,"service x locality (domestic-help)",yes
"maid service in pari chowk",/greater-noida/pari-chowk,greater-noida,high,"locality hub",yes
"maid agency in pari chowk",/greater-noida/pari-chowk,greater-noida,high,"locality hub",yes
"domestic help in pari chowk",/greater-noida/pari-chowk,greater-noida,high,"locality hub",yes
"full-time maid in pari chowk",/greater-noida/pari-chowk/full-time-maid,greater-noida,high,"service x locality (full-time-maid)",yes
"part-time maid in pari chowk",/greater-noida/pari-chowk/part-time-maid,greater-noida,high,"service x locality (part-time-maid)",yes
"cook in pari chowk",/greater-noida/pari-chowk/cook,greater-noida,high,"service x locality (cook)",yes
"babysitter / nanny in pari chowk",/greater-noida/pari-chowk/babysitter-nanny,greater-noida,high,"service x locality (babysitter-nanny)",yes
"elder care in pari chowk",/greater-noida/pari-chowk/elder-care,greater-noida,high,"service x locality (elder-care)",yes
"maid service in jaypee greens",/greater-noida/jaypee-greens,greater-noida,very-high,"locality hub",yes
"maid agency in jaypee greens",/greater-noida/jaypee-greens,greater-noida,very-high,"locality hub",yes
"maid provider in jaypee greens",/greater-noida/jaypee-greens,greater-noida,very-high,"locality hub",yes
"house maid in jaypee greens",/greater-noida/jaypee-greens,greater-noida,very-high,"locality hub",yes
"housemaid in jaypee greens",/greater-noida/jaypee-greens,greater-noida,very-high,"locality hub",yes
"professional maid service in jaypee greens",/greater-noida/jaypee-greens,greater-noida,very-high,"locality hub",yes
"best maid service in jaypee greens",/greater-noida/jaypee-greens,greater-noida,very-high,"locality hub",yes
"verified maid service in jaypee greens",/greater-noida/jaypee-greens,greater-noida,very-high,"locality hub",yes
"reliable maid service in jaypee greens",/greater-noida/jaypee-greens,greater-noida,very-high,"locality hub",yes
"maid near me jaypee greens",/greater-noida/jaypee-greens,greater-noida,very-high,"locality hub",yes
"full time maid in jaypee greens",/greater-noida/jaypee-greens/full-time-maid,greater-noida,very-high,"service x locality (full-time-maid)",yes
"live in maid in jaypee greens",/greater-noida/jaypee-greens/full-time-maid,greater-noida,very-high,"service x locality (full-time-maid)",yes
"24 hours maid in jaypee greens",/greater-noida/jaypee-greens/full-time-maid,greater-noida,very-high,"service x locality (full-time-maid)",yes
"part time maid in jaypee greens",/greater-noida/jaypee-greens/part-time-maid,greater-noida,very-high,"service x locality (part-time-maid)",yes
"hourly maid in jaypee greens",/greater-noida/jaypee-greens/part-time-maid,greater-noida,very-high,"service x locality (part-time-maid)",yes
"morning maid in jaypee greens",/greater-noida/jaypee-greens/part-time-maid,greater-noida,very-high,"service x locality (part-time-maid)",yes
"cook service in jaypee greens",/greater-noida/jaypee-greens/cook,greater-noida,very-high,"service x locality (cook)",yes
"home cook in jaypee greens",/greater-noida/jaypee-greens/cook,greater-noida,very-high,"service x locality (cook)",yes
"cook in jaypee greens",/greater-noida/jaypee-greens/cook,greater-noida,very-high,"service x locality (cook)",yes
"babysitter in jaypee greens",/greater-noida/jaypee-greens/babysitter-nanny,greater-noida,very-high,"service x locality (babysitter-nanny)",yes
"nanny service in jaypee greens",/greater-noida/jaypee-greens/babysitter-nanny,greater-noida,very-high,"service x locality (babysitter-nanny)",yes
"japa maid in jaypee greens",/greater-noida/jaypee-greens/babysitter-nanny,greater-noida,very-high,"service x locality (babysitter-nanny)",yes
"elder care maid in jaypee greens",/greater-noida/jaypee-greens/elder-care,greater-noida,very-high,"service x locality (elder-care)",yes
"caretaker for elderly in jaypee greens",/greater-noida/jaypee-greens/elder-care,greater-noida,very-high,"service x locality (elder-care)",yes
"domestic help in jaypee greens",/greater-noida/jaypee-greens/domestic-help,greater-noida,very-high,"service x locality (domestic-help)",yes
"house help in jaypee greens",/greater-noida/jaypee-greens/domestic-help,greater-noida,very-high,"service x locality (domestic-help)",yes
"maid service in kasna",/greater-noida/kasna,greater-noida,high,"locality hub",yes
"maid agency in kasna",/greater-noida/kasna,greater-noida,high,"locality hub",yes
"domestic help in kasna",/greater-noida/kasna,greater-noida,high,"locality hub",yes
"full-time maid in kasna",/greater-noida/kasna/full-time-maid,greater-noida,high,"service x locality (full-time-maid)",yes
"part-time maid in kasna",/greater-noida/kasna/part-time-maid,greater-noida,high,"service x locality (part-time-maid)",yes
"cook in kasna",/greater-noida/kasna/cook,greater-noida,high,"service x locality (cook)",yes
"babysitter / nanny in kasna",/greater-noida/kasna/babysitter-nanny,greater-noida,high,"service x locality (babysitter-nanny)",yes
"elder care in kasna",/greater-noida/kasna/elder-care,greater-noida,high,"service x locality (elder-care)",yes
"maid service in dadri",/greater-noida/dadri,greater-noida,medium,"locality hub",yes
"maid agency in dadri",/greater-noida/dadri,greater-noida,medium,"locality hub",yes
"domestic help in dadri",/greater-noida/dadri,greater-noida,medium,"locality hub",yes
"full-time maid in dadri",/greater-noida/dadri/full-time-maid,greater-noida,medium,"service x locality (full-time-maid)",yes
"part-time maid in dadri",/greater-noida/dadri/part-time-maid,greater-noida,medium,"service x locality (part-time-maid)",yes
"cook in dadri",/greater-noida/dadri/cook,greater-noida,medium,"service x locality (cook)",yes
"babysitter / nanny in dadri",/greater-noida/dadri/babysitter-nanny,greater-noida,medium,"service x locality (babysitter-nanny)",yes
"elder care in dadri",/greater-noida/dadri/elder-care,greater-noida,medium,"service x locality (elder-care)",yes
"maid service in dlf phase 1",/gurgaon/dlf-phase-1,gurgaon,very-high,"locality hub",yes
"maid agency in dlf phase 1",/gurgaon/dlf-phase-1,gurgaon,very-high,"locality hub",yes
"maid provider in dlf phase 1",/gurgaon/dlf-phase-1,gurgaon,very-high,"locality hub",yes
"house maid in dlf phase 1",/gurgaon/dlf-phase-1,gurgaon,very-high,"locality hub",yes
"housemaid in dlf phase 1",/gurgaon/dlf-phase-1,gurgaon,very-high,"locality hub",yes
"professional maid service in dlf phase 1",/gurgaon/dlf-phase-1,gurgaon,very-high,"locality hub",yes
"best maid service in dlf phase 1",/gurgaon/dlf-phase-1,gurgaon,very-high,"locality hub",yes
"verified maid service in dlf phase 1",/gurgaon/dlf-phase-1,gurgaon,very-high,"locality hub",yes
"reliable maid service in dlf phase 1",/gurgaon/dlf-phase-1,gurgaon,very-high,"locality hub",yes
"maid near me dlf phase 1",/gurgaon/dlf-phase-1,gurgaon,very-high,"locality hub",yes
"maid service in dlf city phase 1",/gurgaon/dlf-phase-1,gurgaon,very-high,"locality hub (alt name, same page)",yes
"full time maid in dlf phase 1",/gurgaon/dlf-phase-1/full-time-maid,gurgaon,very-high,"service x locality (full-time-maid)",yes
"live in maid in dlf phase 1",/gurgaon/dlf-phase-1/full-time-maid,gurgaon,very-high,"service x locality (full-time-maid)",yes
"24 hours maid in dlf phase 1",/gurgaon/dlf-phase-1/full-time-maid,gurgaon,very-high,"service x locality (full-time-maid)",yes
"part time maid in dlf phase 1",/gurgaon/dlf-phase-1/part-time-maid,gurgaon,very-high,"service x locality (part-time-maid)",yes
"hourly maid in dlf phase 1",/gurgaon/dlf-phase-1/part-time-maid,gurgaon,very-high,"service x locality (part-time-maid)",yes
"morning maid in dlf phase 1",/gurgaon/dlf-phase-1/part-time-maid,gurgaon,very-high,"service x locality (part-time-maid)",yes
"cook service in dlf phase 1",/gurgaon/dlf-phase-1/cook,gurgaon,very-high,"service x locality (cook)",yes
"home cook in dlf phase 1",/gurgaon/dlf-phase-1/cook,gurgaon,very-high,"service x locality (cook)",yes
"cook in dlf phase 1",/gurgaon/dlf-phase-1/cook,gurgaon,very-high,"service x locality (cook)",yes
"babysitter in dlf phase 1",/gurgaon/dlf-phase-1/babysitter-nanny,gurgaon,very-high,"service x locality (babysitter-nanny)",yes
"nanny service in dlf phase 1",/gurgaon/dlf-phase-1/babysitter-nanny,gurgaon,very-high,"service x locality (babysitter-nanny)",yes
"japa maid in dlf phase 1",/gurgaon/dlf-phase-1/babysitter-nanny,gurgaon,very-high,"service x locality (babysitter-nanny)",yes
"elder care maid in dlf phase 1",/gurgaon/dlf-phase-1/elder-care,gurgaon,very-high,"service x locality (elder-care)",yes
"caretaker for elderly in dlf phase 1",/gurgaon/dlf-phase-1/elder-care,gurgaon,very-high,"service x locality (elder-care)",yes
"domestic help in dlf phase 1",/gurgaon/dlf-phase-1/domestic-help,gurgaon,very-high,"service x locality (domestic-help)",yes
"house help in dlf phase 1",/gurgaon/dlf-phase-1/domestic-help,gurgaon,very-high,"service x locality (domestic-help)",yes
"maid service in dlf phase 2",/gurgaon/dlf-phase-2,gurgaon,very-high,"locality hub",yes
"maid agency in dlf phase 2",/gurgaon/dlf-phase-2,gurgaon,very-high,"locality hub",yes
"maid provider in dlf phase 2",/gurgaon/dlf-phase-2,gurgaon,very-high,"locality hub",yes
"house maid in dlf phase 2",/gurgaon/dlf-phase-2,gurgaon,very-high,"locality hub",yes
"housemaid in dlf phase 2",/gurgaon/dlf-phase-2,gurgaon,very-high,"locality hub",yes
"professional maid service in dlf phase 2",/gurgaon/dlf-phase-2,gurgaon,very-high,"locality hub",yes
"best maid service in dlf phase 2",/gurgaon/dlf-phase-2,gurgaon,very-high,"locality hub",yes
"verified maid service in dlf phase 2",/gurgaon/dlf-phase-2,gurgaon,very-high,"locality hub",yes
"reliable maid service in dlf phase 2",/gurgaon/dlf-phase-2,gurgaon,very-high,"locality hub",yes
"maid near me dlf phase 2",/gurgaon/dlf-phase-2,gurgaon,very-high,"locality hub",yes
"maid service in dlf city phase 2",/gurgaon/dlf-phase-2,gurgaon,very-high,"locality hub (alt name, same page)",yes
"full time maid in dlf phase 2",/gurgaon/dlf-phase-2/full-time-maid,gurgaon,very-high,"service x locality (full-time-maid)",yes
"live in maid in dlf phase 2",/gurgaon/dlf-phase-2/full-time-maid,gurgaon,very-high,"service x locality (full-time-maid)",yes
"24 hours maid in dlf phase 2",/gurgaon/dlf-phase-2/full-time-maid,gurgaon,very-high,"service x locality (full-time-maid)",yes
"part time maid in dlf phase 2",/gurgaon/dlf-phase-2/part-time-maid,gurgaon,very-high,"service x locality (part-time-maid)",yes
"hourly maid in dlf phase 2",/gurgaon/dlf-phase-2/part-time-maid,gurgaon,very-high,"service x locality (part-time-maid)",yes
"morning maid in dlf phase 2",/gurgaon/dlf-phase-2/part-time-maid,gurgaon,very-high,"service x locality (part-time-maid)",yes
"cook service in dlf phase 2",/gurgaon/dlf-phase-2/cook,gurgaon,very-high,"service x locality (cook)",yes
"home cook in dlf phase 2",/gurgaon/dlf-phase-2/cook,gurgaon,very-high,"service x locality (cook)",yes
"cook in dlf phase 2",/gurgaon/dlf-phase-2/cook,gurgaon,very-high,"service x locality (cook)",yes
"babysitter in dlf phase 2",/gurgaon/dlf-phase-2/babysitter-nanny,gurgaon,very-high,"service x locality (babysitter-nanny)",yes
"nanny service in dlf phase 2",/gurgaon/dlf-phase-2/babysitter-nanny,gurgaon,very-high,"service x locality (babysitter-nanny)",yes
"japa maid in dlf phase 2",/gurgaon/dlf-phase-2/babysitter-nanny,gurgaon,very-high,"service x locality (babysitter-nanny)",yes
"elder care maid in dlf phase 2",/gurgaon/dlf-phase-2/elder-care,gurgaon,very-high,"service x locality (elder-care)",yes
"caretaker for elderly in dlf phase 2",/gurgaon/dlf-phase-2/elder-care,gurgaon,very-high,"service x locality (elder-care)",yes
"domestic help in dlf phase 2",/gurgaon/dlf-phase-2/domestic-help,gurgaon,very-high,"service x locality (domestic-help)",yes
"house help in dlf phase 2",/gurgaon/dlf-phase-2/domestic-help,gurgaon,very-high,"service x locality (domestic-help)",yes
"maid service in dlf phase 3",/gurgaon/dlf-phase-3,gurgaon,very-high,"locality hub",yes
"maid agency in dlf phase 3",/gurgaon/dlf-phase-3,gurgaon,very-high,"locality hub",yes
"maid provider in dlf phase 3",/gurgaon/dlf-phase-3,gurgaon,very-high,"locality hub",yes
"house maid in dlf phase 3",/gurgaon/dlf-phase-3,gurgaon,very-high,"locality hub",yes
"housemaid in dlf phase 3",/gurgaon/dlf-phase-3,gurgaon,very-high,"locality hub",yes
"professional maid service in dlf phase 3",/gurgaon/dlf-phase-3,gurgaon,very-high,"locality hub",yes
"best maid service in dlf phase 3",/gurgaon/dlf-phase-3,gurgaon,very-high,"locality hub",yes
"verified maid service in dlf phase 3",/gurgaon/dlf-phase-3,gurgaon,very-high,"locality hub",yes
"reliable maid service in dlf phase 3",/gurgaon/dlf-phase-3,gurgaon,very-high,"locality hub",yes
"maid near me dlf phase 3",/gurgaon/dlf-phase-3,gurgaon,very-high,"locality hub",yes
"maid service in dlf city phase 3",/gurgaon/dlf-phase-3,gurgaon,very-high,"locality hub (alt name, same page)",yes
"full time maid in dlf phase 3",/gurgaon/dlf-phase-3/full-time-maid,gurgaon,very-high,"service x locality (full-time-maid)",yes
"live in maid in dlf phase 3",/gurgaon/dlf-phase-3/full-time-maid,gurgaon,very-high,"service x locality (full-time-maid)",yes
"24 hours maid in dlf phase 3",/gurgaon/dlf-phase-3/full-time-maid,gurgaon,very-high,"service x locality (full-time-maid)",yes
"part time maid in dlf phase 3",/gurgaon/dlf-phase-3/part-time-maid,gurgaon,very-high,"service x locality (part-time-maid)",yes
"hourly maid in dlf phase 3",/gurgaon/dlf-phase-3/part-time-maid,gurgaon,very-high,"service x locality (part-time-maid)",yes
"morning maid in dlf phase 3",/gurgaon/dlf-phase-3/part-time-maid,gurgaon,very-high,"service x locality (part-time-maid)",yes
"cook service in dlf phase 3",/gurgaon/dlf-phase-3/cook,gurgaon,very-high,"service x locality (cook)",yes
"home cook in dlf phase 3",/gurgaon/dlf-phase-3/cook,gurgaon,very-high,"service x locality (cook)",yes
"cook in dlf phase 3",/gurgaon/dlf-phase-3/cook,gurgaon,very-high,"service x locality (cook)",yes
"babysitter in dlf phase 3",/gurgaon/dlf-phase-3/babysitter-nanny,gurgaon,very-high,"service x locality (babysitter-nanny)",yes
"nanny service in dlf phase 3",/gurgaon/dlf-phase-3/babysitter-nanny,gurgaon,very-high,"service x locality (babysitter-nanny)",yes
"japa maid in dlf phase 3",/gurgaon/dlf-phase-3/babysitter-nanny,gurgaon,very-high,"service x locality (babysitter-nanny)",yes
"elder care maid in dlf phase 3",/gurgaon/dlf-phase-3/elder-care,gurgaon,very-high,"service x locality (elder-care)",yes
"caretaker for elderly in dlf phase 3",/gurgaon/dlf-phase-3/elder-care,gurgaon,very-high,"service x locality (elder-care)",yes
"domestic help in dlf phase 3",/gurgaon/dlf-phase-3/domestic-help,gurgaon,very-high,"service x locality (domestic-help)",yes
"house help in dlf phase 3",/gurgaon/dlf-phase-3/domestic-help,gurgaon,very-high,"service x locality (domestic-help)",yes
"maid service in dlf phase 4",/gurgaon/dlf-phase-4,gurgaon,very-high,"locality hub",yes
"maid agency in dlf phase 4",/gurgaon/dlf-phase-4,gurgaon,very-high,"locality hub",yes
"maid provider in dlf phase 4",/gurgaon/dlf-phase-4,gurgaon,very-high,"locality hub",yes
"house maid in dlf phase 4",/gurgaon/dlf-phase-4,gurgaon,very-high,"locality hub",yes
"housemaid in dlf phase 4",/gurgaon/dlf-phase-4,gurgaon,very-high,"locality hub",yes
"professional maid service in dlf phase 4",/gurgaon/dlf-phase-4,gurgaon,very-high,"locality hub",yes
"best maid service in dlf phase 4",/gurgaon/dlf-phase-4,gurgaon,very-high,"locality hub",yes
"verified maid service in dlf phase 4",/gurgaon/dlf-phase-4,gurgaon,very-high,"locality hub",yes
"reliable maid service in dlf phase 4",/gurgaon/dlf-phase-4,gurgaon,very-high,"locality hub",yes
"maid near me dlf phase 4",/gurgaon/dlf-phase-4,gurgaon,very-high,"locality hub",yes
"maid service in dlf city phase 4",/gurgaon/dlf-phase-4,gurgaon,very-high,"locality hub (alt name, same page)",yes
"full time maid in dlf phase 4",/gurgaon/dlf-phase-4/full-time-maid,gurgaon,very-high,"service x locality (full-time-maid)",yes
"live in maid in dlf phase 4",/gurgaon/dlf-phase-4/full-time-maid,gurgaon,very-high,"service x locality (full-time-maid)",yes
"24 hours maid in dlf phase 4",/gurgaon/dlf-phase-4/full-time-maid,gurgaon,very-high,"service x locality (full-time-maid)",yes
"part time maid in dlf phase 4",/gurgaon/dlf-phase-4/part-time-maid,gurgaon,very-high,"service x locality (part-time-maid)",yes
"hourly maid in dlf phase 4",/gurgaon/dlf-phase-4/part-time-maid,gurgaon,very-high,"service x locality (part-time-maid)",yes
"morning maid in dlf phase 4",/gurgaon/dlf-phase-4/part-time-maid,gurgaon,very-high,"service x locality (part-time-maid)",yes
"cook service in dlf phase 4",/gurgaon/dlf-phase-4/cook,gurgaon,very-high,"service x locality (cook)",yes
"home cook in dlf phase 4",/gurgaon/dlf-phase-4/cook,gurgaon,very-high,"service x locality (cook)",yes
"cook in dlf phase 4",/gurgaon/dlf-phase-4/cook,gurgaon,very-high,"service x locality (cook)",yes
"babysitter in dlf phase 4",/gurgaon/dlf-phase-4/babysitter-nanny,gurgaon,very-high,"service x locality (babysitter-nanny)",yes
"nanny service in dlf phase 4",/gurgaon/dlf-phase-4/babysitter-nanny,gurgaon,very-high,"service x locality (babysitter-nanny)",yes
"japa maid in dlf phase 4",/gurgaon/dlf-phase-4/babysitter-nanny,gurgaon,very-high,"service x locality (babysitter-nanny)",yes
"elder care maid in dlf phase 4",/gurgaon/dlf-phase-4/elder-care,gurgaon,very-high,"service x locality (elder-care)",yes
"caretaker for elderly in dlf phase 4",/gurgaon/dlf-phase-4/elder-care,gurgaon,very-high,"service x locality (elder-care)",yes
"domestic help in dlf phase 4",/gurgaon/dlf-phase-4/domestic-help,gurgaon,very-high,"service x locality (domestic-help)",yes
"house help in dlf phase 4",/gurgaon/dlf-phase-4/domestic-help,gurgaon,very-high,"service x locality (domestic-help)",yes
"maid service in dlf phase 5",/gurgaon/dlf-phase-5,gurgaon,very-high,"locality hub",yes
"maid agency in dlf phase 5",/gurgaon/dlf-phase-5,gurgaon,very-high,"locality hub",yes
"maid provider in dlf phase 5",/gurgaon/dlf-phase-5,gurgaon,very-high,"locality hub",yes
"house maid in dlf phase 5",/gurgaon/dlf-phase-5,gurgaon,very-high,"locality hub",yes
"housemaid in dlf phase 5",/gurgaon/dlf-phase-5,gurgaon,very-high,"locality hub",yes
"professional maid service in dlf phase 5",/gurgaon/dlf-phase-5,gurgaon,very-high,"locality hub",yes
"best maid service in dlf phase 5",/gurgaon/dlf-phase-5,gurgaon,very-high,"locality hub",yes
"verified maid service in dlf phase 5",/gurgaon/dlf-phase-5,gurgaon,very-high,"locality hub",yes
"reliable maid service in dlf phase 5",/gurgaon/dlf-phase-5,gurgaon,very-high,"locality hub",yes
"maid near me dlf phase 5",/gurgaon/dlf-phase-5,gurgaon,very-high,"locality hub",yes
"maid service in dlf city phase 5",/gurgaon/dlf-phase-5,gurgaon,very-high,"locality hub (alt name, same page)",yes
"full time maid in dlf phase 5",/gurgaon/dlf-phase-5/full-time-maid,gurgaon,very-high,"service x locality (full-time-maid)",yes
"live in maid in dlf phase 5",/gurgaon/dlf-phase-5/full-time-maid,gurgaon,very-high,"service x locality (full-time-maid)",yes
"24 hours maid in dlf phase 5",/gurgaon/dlf-phase-5/full-time-maid,gurgaon,very-high,"service x locality (full-time-maid)",yes
"part time maid in dlf phase 5",/gurgaon/dlf-phase-5/part-time-maid,gurgaon,very-high,"service x locality (part-time-maid)",yes
"hourly maid in dlf phase 5",/gurgaon/dlf-phase-5/part-time-maid,gurgaon,very-high,"service x locality (part-time-maid)",yes
"morning maid in dlf phase 5",/gurgaon/dlf-phase-5/part-time-maid,gurgaon,very-high,"service x locality (part-time-maid)",yes
"cook service in dlf phase 5",/gurgaon/dlf-phase-5/cook,gurgaon,very-high,"service x locality (cook)",yes
"home cook in dlf phase 5",/gurgaon/dlf-phase-5/cook,gurgaon,very-high,"service x locality (cook)",yes
"cook in dlf phase 5",/gurgaon/dlf-phase-5/cook,gurgaon,very-high,"service x locality (cook)",yes
"babysitter in dlf phase 5",/gurgaon/dlf-phase-5/babysitter-nanny,gurgaon,very-high,"service x locality (babysitter-nanny)",yes
"nanny service in dlf phase 5",/gurgaon/dlf-phase-5/babysitter-nanny,gurgaon,very-high,"service x locality (babysitter-nanny)",yes
"japa maid in dlf phase 5",/gurgaon/dlf-phase-5/babysitter-nanny,gurgaon,very-high,"service x locality (babysitter-nanny)",yes
"elder care maid in dlf phase 5",/gurgaon/dlf-phase-5/elder-care,gurgaon,very-high,"service x locality (elder-care)",yes
"caretaker for elderly in dlf phase 5",/gurgaon/dlf-phase-5/elder-care,gurgaon,very-high,"service x locality (elder-care)",yes
"domestic help in dlf phase 5",/gurgaon/dlf-phase-5/domestic-help,gurgaon,very-high,"service x locality (domestic-help)",yes
"house help in dlf phase 5",/gurgaon/dlf-phase-5/domestic-help,gurgaon,very-high,"service x locality (domestic-help)",yes
"maid service in golf course road",/gurgaon/golf-course-road,gurgaon,very-high,"locality hub",yes
"maid agency in golf course road",/gurgaon/golf-course-road,gurgaon,very-high,"locality hub",yes
"maid provider in golf course road",/gurgaon/golf-course-road,gurgaon,very-high,"locality hub",yes
"house maid in golf course road",/gurgaon/golf-course-road,gurgaon,very-high,"locality hub",yes
"housemaid in golf course road",/gurgaon/golf-course-road,gurgaon,very-high,"locality hub",yes
"professional maid service in golf course road",/gurgaon/golf-course-road,gurgaon,very-high,"locality hub",yes
"best maid service in golf course road",/gurgaon/golf-course-road,gurgaon,very-high,"locality hub",yes
"verified maid service in golf course road",/gurgaon/golf-course-road,gurgaon,very-high,"locality hub",yes
"reliable maid service in golf course road",/gurgaon/golf-course-road,gurgaon,very-high,"locality hub",yes
"maid near me golf course road",/gurgaon/golf-course-road,gurgaon,very-high,"locality hub",yes
"maid service in gcr",/gurgaon/golf-course-road,gurgaon,very-high,"locality hub (alt name, same page)",yes
"full time maid in golf course road",/gurgaon/golf-course-road/full-time-maid,gurgaon,very-high,"service x locality (full-time-maid)",yes
"live in maid in golf course road",/gurgaon/golf-course-road/full-time-maid,gurgaon,very-high,"service x locality (full-time-maid)",yes
"24 hours maid in golf course road",/gurgaon/golf-course-road/full-time-maid,gurgaon,very-high,"service x locality (full-time-maid)",yes
"part time maid in golf course road",/gurgaon/golf-course-road/part-time-maid,gurgaon,very-high,"service x locality (part-time-maid)",yes
"hourly maid in golf course road",/gurgaon/golf-course-road/part-time-maid,gurgaon,very-high,"service x locality (part-time-maid)",yes
"morning maid in golf course road",/gurgaon/golf-course-road/part-time-maid,gurgaon,very-high,"service x locality (part-time-maid)",yes
"cook service in golf course road",/gurgaon/golf-course-road/cook,gurgaon,very-high,"service x locality (cook)",yes
"home cook in golf course road",/gurgaon/golf-course-road/cook,gurgaon,very-high,"service x locality (cook)",yes
"cook in golf course road",/gurgaon/golf-course-road/cook,gurgaon,very-high,"service x locality (cook)",yes
"babysitter in golf course road",/gurgaon/golf-course-road/babysitter-nanny,gurgaon,very-high,"service x locality (babysitter-nanny)",yes
"nanny service in golf course road",/gurgaon/golf-course-road/babysitter-nanny,gurgaon,very-high,"service x locality (babysitter-nanny)",yes
"japa maid in golf course road",/gurgaon/golf-course-road/babysitter-nanny,gurgaon,very-high,"service x locality (babysitter-nanny)",yes
"elder care maid in golf course road",/gurgaon/golf-course-road/elder-care,gurgaon,very-high,"service x locality (elder-care)",yes
"caretaker for elderly in golf course road",/gurgaon/golf-course-road/elder-care,gurgaon,very-high,"service x locality (elder-care)",yes
"domestic help in golf course road",/gurgaon/golf-course-road/domestic-help,gurgaon,very-high,"service x locality (domestic-help)",yes
"house help in golf course road",/gurgaon/golf-course-road/domestic-help,gurgaon,very-high,"service x locality (domestic-help)",yes
"maid service in sector 42",/gurgaon/sector-42,gurgaon,very-high,"locality hub",yes
"maid agency in sector 42",/gurgaon/sector-42,gurgaon,very-high,"locality hub",yes
"maid provider in sector 42",/gurgaon/sector-42,gurgaon,very-high,"locality hub",yes
"house maid in sector 42",/gurgaon/sector-42,gurgaon,very-high,"locality hub",yes
"housemaid in sector 42",/gurgaon/sector-42,gurgaon,very-high,"locality hub",yes
"professional maid service in sector 42",/gurgaon/sector-42,gurgaon,very-high,"locality hub",yes
"best maid service in sector 42",/gurgaon/sector-42,gurgaon,very-high,"locality hub",yes
"verified maid service in sector 42",/gurgaon/sector-42,gurgaon,very-high,"locality hub",yes
"reliable maid service in sector 42",/gurgaon/sector-42,gurgaon,very-high,"locality hub",yes
"maid near me sector 42",/gurgaon/sector-42,gurgaon,very-high,"locality hub",yes
"maid service in sector 42 gurgaon",/gurgaon/sector-42,gurgaon,very-high,"locality hub (alt name, same page)",yes
"maid service in sector 42 gurugram",/gurgaon/sector-42,gurgaon,very-high,"locality hub (alt name, same page)",yes
"full time maid in sector 42",/gurgaon/sector-42/full-time-maid,gurgaon,very-high,"service x locality (full-time-maid)",yes
"live in maid in sector 42",/gurgaon/sector-42/full-time-maid,gurgaon,very-high,"service x locality (full-time-maid)",yes
"24 hours maid in sector 42",/gurgaon/sector-42/full-time-maid,gurgaon,very-high,"service x locality (full-time-maid)",yes
"part time maid in sector 42",/gurgaon/sector-42/part-time-maid,gurgaon,very-high,"service x locality (part-time-maid)",yes
"hourly maid in sector 42",/gurgaon/sector-42/part-time-maid,gurgaon,very-high,"service x locality (part-time-maid)",yes
"morning maid in sector 42",/gurgaon/sector-42/part-time-maid,gurgaon,very-high,"service x locality (part-time-maid)",yes
"cook service in sector 42",/gurgaon/sector-42/cook,gurgaon,very-high,"service x locality (cook)",yes
"home cook in sector 42",/gurgaon/sector-42/cook,gurgaon,very-high,"service x locality (cook)",yes
"cook in sector 42",/gurgaon/sector-42/cook,gurgaon,very-high,"service x locality (cook)",yes
"babysitter in sector 42",/gurgaon/sector-42/babysitter-nanny,gurgaon,very-high,"service x locality (babysitter-nanny)",yes
"nanny service in sector 42",/gurgaon/sector-42/babysitter-nanny,gurgaon,very-high,"service x locality (babysitter-nanny)",yes
"japa maid in sector 42",/gurgaon/sector-42/babysitter-nanny,gurgaon,very-high,"service x locality (babysitter-nanny)",yes
"elder care maid in sector 42",/gurgaon/sector-42/elder-care,gurgaon,very-high,"service x locality (elder-care)",yes
"caretaker for elderly in sector 42",/gurgaon/sector-42/elder-care,gurgaon,very-high,"service x locality (elder-care)",yes
"domestic help in sector 42",/gurgaon/sector-42/domestic-help,gurgaon,very-high,"service x locality (domestic-help)",yes
"house help in sector 42",/gurgaon/sector-42/domestic-help,gurgaon,very-high,"service x locality (domestic-help)",yes
"maid provider in sector 43",/gurgaon/sector-43,gurgaon,very-high,"locality hub",yes
"house maid in sector 43",/gurgaon/sector-43,gurgaon,very-high,"locality hub",yes
"housemaid in sector 43",/gurgaon/sector-43,gurgaon,very-high,"locality hub",yes
"professional maid service in sector 43",/gurgaon/sector-43,gurgaon,very-high,"locality hub",yes
"best maid service in sector 43",/gurgaon/sector-43,gurgaon,very-high,"locality hub",yes
"verified maid service in sector 43",/gurgaon/sector-43,gurgaon,very-high,"locality hub",yes
"reliable maid service in sector 43",/gurgaon/sector-43,gurgaon,very-high,"locality hub",yes
"maid near me sector 43",/gurgaon/sector-43,gurgaon,very-high,"locality hub",yes
"maid service in sector 43 gurgaon",/gurgaon/sector-43,gurgaon,very-high,"locality hub (alt name, same page)",yes
"maid service in sector 43 gurugram",/gurgaon/sector-43,gurgaon,very-high,"locality hub (alt name, same page)",yes
"full time maid in sector 43",/gurgaon/sector-43/full-time-maid,gurgaon,very-high,"service x locality (full-time-maid)",yes
"live in maid in sector 43",/gurgaon/sector-43/full-time-maid,gurgaon,very-high,"service x locality (full-time-maid)",yes
"24 hours maid in sector 43",/gurgaon/sector-43/full-time-maid,gurgaon,very-high,"service x locality (full-time-maid)",yes
"part time maid in sector 43",/gurgaon/sector-43/part-time-maid,gurgaon,very-high,"service x locality (part-time-maid)",yes
"hourly maid in sector 43",/gurgaon/sector-43/part-time-maid,gurgaon,very-high,"service x locality (part-time-maid)",yes
"morning maid in sector 43",/gurgaon/sector-43/part-time-maid,gurgaon,very-high,"service x locality (part-time-maid)",yes
"cook service in sector 43",/gurgaon/sector-43/cook,gurgaon,very-high,"service x locality (cook)",yes
"home cook in sector 43",/gurgaon/sector-43/cook,gurgaon,very-high,"service x locality (cook)",yes
"babysitter in sector 43",/gurgaon/sector-43/babysitter-nanny,gurgaon,very-high,"service x locality (babysitter-nanny)",yes
"nanny service in sector 43",/gurgaon/sector-43/babysitter-nanny,gurgaon,very-high,"service x locality (babysitter-nanny)",yes
"japa maid in sector 43",/gurgaon/sector-43/babysitter-nanny,gurgaon,very-high,"service x locality (babysitter-nanny)",yes
"elder care maid in sector 43",/gurgaon/sector-43/elder-care,gurgaon,very-high,"service x locality (elder-care)",yes
"caretaker for elderly in sector 43",/gurgaon/sector-43/elder-care,gurgaon,very-high,"service x locality (elder-care)",yes
"house help in sector 43",/gurgaon/sector-43/domestic-help,gurgaon,very-high,"service x locality (domestic-help)",yes
"maid service in sector 53",/gurgaon/sector-53,gurgaon,very-high,"locality hub",yes
"maid agency in sector 53",/gurgaon/sector-53,gurgaon,very-high,"locality hub",yes
"maid provider in sector 53",/gurgaon/sector-53,gurgaon,very-high,"locality hub",yes
"house maid in sector 53",/gurgaon/sector-53,gurgaon,very-high,"locality hub",yes
"housemaid in sector 53",/gurgaon/sector-53,gurgaon,very-high,"locality hub",yes
"professional maid service in sector 53",/gurgaon/sector-53,gurgaon,very-high,"locality hub",yes
"best maid service in sector 53",/gurgaon/sector-53,gurgaon,very-high,"locality hub",yes
"verified maid service in sector 53",/gurgaon/sector-53,gurgaon,very-high,"locality hub",yes
"reliable maid service in sector 53",/gurgaon/sector-53,gurgaon,very-high,"locality hub",yes
"maid near me sector 53",/gurgaon/sector-53,gurgaon,very-high,"locality hub",yes
"maid service in sector 53 gurgaon",/gurgaon/sector-53,gurgaon,very-high,"locality hub (alt name, same page)",yes
"maid service in sector 53 gurugram",/gurgaon/sector-53,gurgaon,very-high,"locality hub (alt name, same page)",yes
"full time maid in sector 53",/gurgaon/sector-53/full-time-maid,gurgaon,very-high,"service x locality (full-time-maid)",yes
"live in maid in sector 53",/gurgaon/sector-53/full-time-maid,gurgaon,very-high,"service x locality (full-time-maid)",yes
"24 hours maid in sector 53",/gurgaon/sector-53/full-time-maid,gurgaon,very-high,"service x locality (full-time-maid)",yes
"part time maid in sector 53",/gurgaon/sector-53/part-time-maid,gurgaon,very-high,"service x locality (part-time-maid)",yes
"hourly maid in sector 53",/gurgaon/sector-53/part-time-maid,gurgaon,very-high,"service x locality (part-time-maid)",yes
"morning maid in sector 53",/gurgaon/sector-53/part-time-maid,gurgaon,very-high,"service x locality (part-time-maid)",yes
"cook service in sector 53",/gurgaon/sector-53/cook,gurgaon,very-high,"service x locality (cook)",yes
"home cook in sector 53",/gurgaon/sector-53/cook,gurgaon,very-high,"service x locality (cook)",yes
"cook in sector 53",/gurgaon/sector-53/cook,gurgaon,very-high,"service x locality (cook)",yes
"babysitter in sector 53",/gurgaon/sector-53/babysitter-nanny,gurgaon,very-high,"service x locality (babysitter-nanny)",yes
"nanny service in sector 53",/gurgaon/sector-53/babysitter-nanny,gurgaon,very-high,"service x locality (babysitter-nanny)",yes
"japa maid in sector 53",/gurgaon/sector-53/babysitter-nanny,gurgaon,very-high,"service x locality (babysitter-nanny)",yes
"elder care maid in sector 53",/gurgaon/sector-53/elder-care,gurgaon,very-high,"service x locality (elder-care)",yes
"caretaker for elderly in sector 53",/gurgaon/sector-53/elder-care,gurgaon,very-high,"service x locality (elder-care)",yes
"domestic help in sector 53",/gurgaon/sector-53/domestic-help,gurgaon,very-high,"service x locality (domestic-help)",yes
"house help in sector 53",/gurgaon/sector-53/domestic-help,gurgaon,very-high,"service x locality (domestic-help)",yes
"maid service in sector 54",/gurgaon/sector-54,gurgaon,very-high,"locality hub",yes
"maid agency in sector 54",/gurgaon/sector-54,gurgaon,very-high,"locality hub",yes
"maid provider in sector 54",/gurgaon/sector-54,gurgaon,very-high,"locality hub",yes
"house maid in sector 54",/gurgaon/sector-54,gurgaon,very-high,"locality hub",yes
"housemaid in sector 54",/gurgaon/sector-54,gurgaon,very-high,"locality hub",yes
"professional maid service in sector 54",/gurgaon/sector-54,gurgaon,very-high,"locality hub",yes
"best maid service in sector 54",/gurgaon/sector-54,gurgaon,very-high,"locality hub",yes
"verified maid service in sector 54",/gurgaon/sector-54,gurgaon,very-high,"locality hub",yes
"reliable maid service in sector 54",/gurgaon/sector-54,gurgaon,very-high,"locality hub",yes
"maid near me sector 54",/gurgaon/sector-54,gurgaon,very-high,"locality hub",yes
"maid service in sector 54 gurgaon",/gurgaon/sector-54,gurgaon,very-high,"locality hub (alt name, same page)",yes
"maid service in sector 54 gurugram",/gurgaon/sector-54,gurgaon,very-high,"locality hub (alt name, same page)",yes
"full time maid in sector 54",/gurgaon/sector-54/full-time-maid,gurgaon,very-high,"service x locality (full-time-maid)",yes
"live in maid in sector 54",/gurgaon/sector-54/full-time-maid,gurgaon,very-high,"service x locality (full-time-maid)",yes
"24 hours maid in sector 54",/gurgaon/sector-54/full-time-maid,gurgaon,very-high,"service x locality (full-time-maid)",yes
"part time maid in sector 54",/gurgaon/sector-54/part-time-maid,gurgaon,very-high,"service x locality (part-time-maid)",yes
"hourly maid in sector 54",/gurgaon/sector-54/part-time-maid,gurgaon,very-high,"service x locality (part-time-maid)",yes
"morning maid in sector 54",/gurgaon/sector-54/part-time-maid,gurgaon,very-high,"service x locality (part-time-maid)",yes
"cook service in sector 54",/gurgaon/sector-54/cook,gurgaon,very-high,"service x locality (cook)",yes
"home cook in sector 54",/gurgaon/sector-54/cook,gurgaon,very-high,"service x locality (cook)",yes
"cook in sector 54",/gurgaon/sector-54/cook,gurgaon,very-high,"service x locality (cook)",yes
"babysitter in sector 54",/gurgaon/sector-54/babysitter-nanny,gurgaon,very-high,"service x locality (babysitter-nanny)",yes
"nanny service in sector 54",/gurgaon/sector-54/babysitter-nanny,gurgaon,very-high,"service x locality (babysitter-nanny)",yes
"japa maid in sector 54",/gurgaon/sector-54/babysitter-nanny,gurgaon,very-high,"service x locality (babysitter-nanny)",yes
"elder care maid in sector 54",/gurgaon/sector-54/elder-care,gurgaon,very-high,"service x locality (elder-care)",yes
"caretaker for elderly in sector 54",/gurgaon/sector-54/elder-care,gurgaon,very-high,"service x locality (elder-care)",yes
"domestic help in sector 54",/gurgaon/sector-54/domestic-help,gurgaon,very-high,"service x locality (domestic-help)",yes
"house help in sector 54",/gurgaon/sector-54/domestic-help,gurgaon,very-high,"service x locality (domestic-help)",yes
"maid provider in sector 55",/gurgaon/sector-55,gurgaon,very-high,"locality hub",yes
"house maid in sector 55",/gurgaon/sector-55,gurgaon,very-high,"locality hub",yes
"housemaid in sector 55",/gurgaon/sector-55,gurgaon,very-high,"locality hub",yes
"professional maid service in sector 55",/gurgaon/sector-55,gurgaon,very-high,"locality hub",yes
"best maid service in sector 55",/gurgaon/sector-55,gurgaon,very-high,"locality hub",yes
"verified maid service in sector 55",/gurgaon/sector-55,gurgaon,very-high,"locality hub",yes
"reliable maid service in sector 55",/gurgaon/sector-55,gurgaon,very-high,"locality hub",yes
"maid near me sector 55",/gurgaon/sector-55,gurgaon,very-high,"locality hub",yes
"maid service in sector 55 gurgaon",/gurgaon/sector-55,gurgaon,very-high,"locality hub (alt name, same page)",yes
"maid service in sector 55 gurugram",/gurgaon/sector-55,gurgaon,very-high,"locality hub (alt name, same page)",yes
"full time maid in sector 55",/gurgaon/sector-55/full-time-maid,gurgaon,very-high,"service x locality (full-time-maid)",yes
"live in maid in sector 55",/gurgaon/sector-55/full-time-maid,gurgaon,very-high,"service x locality (full-time-maid)",yes
"24 hours maid in sector 55",/gurgaon/sector-55/full-time-maid,gurgaon,very-high,"service x locality (full-time-maid)",yes
"part time maid in sector 55",/gurgaon/sector-55/part-time-maid,gurgaon,very-high,"service x locality (part-time-maid)",yes
"hourly maid in sector 55",/gurgaon/sector-55/part-time-maid,gurgaon,very-high,"service x locality (part-time-maid)",yes
"morning maid in sector 55",/gurgaon/sector-55/part-time-maid,gurgaon,very-high,"service x locality (part-time-maid)",yes
"cook service in sector 55",/gurgaon/sector-55/cook,gurgaon,very-high,"service x locality (cook)",yes
"home cook in sector 55",/gurgaon/sector-55/cook,gurgaon,very-high,"service x locality (cook)",yes
"babysitter in sector 55",/gurgaon/sector-55/babysitter-nanny,gurgaon,very-high,"service x locality (babysitter-nanny)",yes
"nanny service in sector 55",/gurgaon/sector-55/babysitter-nanny,gurgaon,very-high,"service x locality (babysitter-nanny)",yes
"japa maid in sector 55",/gurgaon/sector-55/babysitter-nanny,gurgaon,very-high,"service x locality (babysitter-nanny)",yes
"elder care maid in sector 55",/gurgaon/sector-55/elder-care,gurgaon,very-high,"service x locality (elder-care)",yes
"caretaker for elderly in sector 55",/gurgaon/sector-55/elder-care,gurgaon,very-high,"service x locality (elder-care)",yes
"house help in sector 55",/gurgaon/sector-55/domestic-help,gurgaon,very-high,"service x locality (domestic-help)",yes
"maid provider in sector 56",/gurgaon/sector-56,gurgaon,very-high,"locality hub",yes
"house maid in sector 56",/gurgaon/sector-56,gurgaon,very-high,"locality hub",yes
"housemaid in sector 56",/gurgaon/sector-56,gurgaon,very-high,"locality hub",yes
"professional maid service in sector 56",/gurgaon/sector-56,gurgaon,very-high,"locality hub",yes
"best maid service in sector 56",/gurgaon/sector-56,gurgaon,very-high,"locality hub",yes
"verified maid service in sector 56",/gurgaon/sector-56,gurgaon,very-high,"locality hub",yes
"reliable maid service in sector 56",/gurgaon/sector-56,gurgaon,very-high,"locality hub",yes
"maid near me sector 56",/gurgaon/sector-56,gurgaon,very-high,"locality hub",yes
"maid service in sector 56 gurgaon",/gurgaon/sector-56,gurgaon,very-high,"locality hub (alt name, same page)",yes
"maid service in sector 56 gurugram",/gurgaon/sector-56,gurgaon,very-high,"locality hub (alt name, same page)",yes
"full time maid in sector 56",/gurgaon/sector-56/full-time-maid,gurgaon,very-high,"service x locality (full-time-maid)",yes
"live in maid in sector 56",/gurgaon/sector-56/full-time-maid,gurgaon,very-high,"service x locality (full-time-maid)",yes
"24 hours maid in sector 56",/gurgaon/sector-56/full-time-maid,gurgaon,very-high,"service x locality (full-time-maid)",yes
"part time maid in sector 56",/gurgaon/sector-56/part-time-maid,gurgaon,very-high,"service x locality (part-time-maid)",yes
"hourly maid in sector 56",/gurgaon/sector-56/part-time-maid,gurgaon,very-high,"service x locality (part-time-maid)",yes
"morning maid in sector 56",/gurgaon/sector-56/part-time-maid,gurgaon,very-high,"service x locality (part-time-maid)",yes
"cook service in sector 56",/gurgaon/sector-56/cook,gurgaon,very-high,"service x locality (cook)",yes
"home cook in sector 56",/gurgaon/sector-56/cook,gurgaon,very-high,"service x locality (cook)",yes
"babysitter in sector 56",/gurgaon/sector-56/babysitter-nanny,gurgaon,very-high,"service x locality (babysitter-nanny)",yes
"nanny service in sector 56",/gurgaon/sector-56/babysitter-nanny,gurgaon,very-high,"service x locality (babysitter-nanny)",yes
"japa maid in sector 56",/gurgaon/sector-56/babysitter-nanny,gurgaon,very-high,"service x locality (babysitter-nanny)",yes
"elder care maid in sector 56",/gurgaon/sector-56/elder-care,gurgaon,very-high,"service x locality (elder-care)",yes
"caretaker for elderly in sector 56",/gurgaon/sector-56/elder-care,gurgaon,very-high,"service x locality (elder-care)",yes
"house help in sector 56",/gurgaon/sector-56/domestic-help,gurgaon,very-high,"service x locality (domestic-help)",yes
"maid service in sector 57",/gurgaon/sector-57,gurgaon,very-high,"locality hub",yes
"maid agency in sector 57",/gurgaon/sector-57,gurgaon,very-high,"locality hub",yes
"maid provider in sector 57",/gurgaon/sector-57,gurgaon,very-high,"locality hub",yes
"house maid in sector 57",/gurgaon/sector-57,gurgaon,very-high,"locality hub",yes
"housemaid in sector 57",/gurgaon/sector-57,gurgaon,very-high,"locality hub",yes
"professional maid service in sector 57",/gurgaon/sector-57,gurgaon,very-high,"locality hub",yes
"best maid service in sector 57",/gurgaon/sector-57,gurgaon,very-high,"locality hub",yes
"verified maid service in sector 57",/gurgaon/sector-57,gurgaon,very-high,"locality hub",yes
"reliable maid service in sector 57",/gurgaon/sector-57,gurgaon,very-high,"locality hub",yes
"maid near me sector 57",/gurgaon/sector-57,gurgaon,very-high,"locality hub",yes
"maid service in sector 57 gurgaon",/gurgaon/sector-57,gurgaon,very-high,"locality hub (alt name, same page)",yes
"maid service in sector 57 gurugram",/gurgaon/sector-57,gurgaon,very-high,"locality hub (alt name, same page)",yes
"full time maid in sector 57",/gurgaon/sector-57/full-time-maid,gurgaon,very-high,"service x locality (full-time-maid)",yes
"live in maid in sector 57",/gurgaon/sector-57/full-time-maid,gurgaon,very-high,"service x locality (full-time-maid)",yes
"24 hours maid in sector 57",/gurgaon/sector-57/full-time-maid,gurgaon,very-high,"service x locality (full-time-maid)",yes
"part time maid in sector 57",/gurgaon/sector-57/part-time-maid,gurgaon,very-high,"service x locality (part-time-maid)",yes
"hourly maid in sector 57",/gurgaon/sector-57/part-time-maid,gurgaon,very-high,"service x locality (part-time-maid)",yes
"morning maid in sector 57",/gurgaon/sector-57/part-time-maid,gurgaon,very-high,"service x locality (part-time-maid)",yes
"cook service in sector 57",/gurgaon/sector-57/cook,gurgaon,very-high,"service x locality (cook)",yes
"home cook in sector 57",/gurgaon/sector-57/cook,gurgaon,very-high,"service x locality (cook)",yes
"cook in sector 57",/gurgaon/sector-57/cook,gurgaon,very-high,"service x locality (cook)",yes
"babysitter in sector 57",/gurgaon/sector-57/babysitter-nanny,gurgaon,very-high,"service x locality (babysitter-nanny)",yes
"nanny service in sector 57",/gurgaon/sector-57/babysitter-nanny,gurgaon,very-high,"service x locality (babysitter-nanny)",yes
"japa maid in sector 57",/gurgaon/sector-57/babysitter-nanny,gurgaon,very-high,"service x locality (babysitter-nanny)",yes
"elder care maid in sector 57",/gurgaon/sector-57/elder-care,gurgaon,very-high,"service x locality (elder-care)",yes
"caretaker for elderly in sector 57",/gurgaon/sector-57/elder-care,gurgaon,very-high,"service x locality (elder-care)",yes
"domestic help in sector 57",/gurgaon/sector-57/domestic-help,gurgaon,very-high,"service x locality (domestic-help)",yes
"house help in sector 57",/gurgaon/sector-57/domestic-help,gurgaon,very-high,"service x locality (domestic-help)",yes
"maid service in sector 58",/gurgaon/sector-58,gurgaon,very-high,"locality hub",yes
"maid agency in sector 58",/gurgaon/sector-58,gurgaon,very-high,"locality hub",yes
"maid provider in sector 58",/gurgaon/sector-58,gurgaon,very-high,"locality hub",yes
"house maid in sector 58",/gurgaon/sector-58,gurgaon,very-high,"locality hub",yes
"housemaid in sector 58",/gurgaon/sector-58,gurgaon,very-high,"locality hub",yes
"professional maid service in sector 58",/gurgaon/sector-58,gurgaon,very-high,"locality hub",yes
"best maid service in sector 58",/gurgaon/sector-58,gurgaon,very-high,"locality hub",yes
"verified maid service in sector 58",/gurgaon/sector-58,gurgaon,very-high,"locality hub",yes
"reliable maid service in sector 58",/gurgaon/sector-58,gurgaon,very-high,"locality hub",yes
"maid near me sector 58",/gurgaon/sector-58,gurgaon,very-high,"locality hub",yes
"maid service in sector 58 gurgaon",/gurgaon/sector-58,gurgaon,very-high,"locality hub (alt name, same page)",yes
"maid service in sector 58 gurugram",/gurgaon/sector-58,gurgaon,very-high,"locality hub (alt name, same page)",yes
"full time maid in sector 58",/gurgaon/sector-58/full-time-maid,gurgaon,very-high,"service x locality (full-time-maid)",yes
"live in maid in sector 58",/gurgaon/sector-58/full-time-maid,gurgaon,very-high,"service x locality (full-time-maid)",yes
"24 hours maid in sector 58",/gurgaon/sector-58/full-time-maid,gurgaon,very-high,"service x locality (full-time-maid)",yes
"part time maid in sector 58",/gurgaon/sector-58/part-time-maid,gurgaon,very-high,"service x locality (part-time-maid)",yes
"hourly maid in sector 58",/gurgaon/sector-58/part-time-maid,gurgaon,very-high,"service x locality (part-time-maid)",yes
"morning maid in sector 58",/gurgaon/sector-58/part-time-maid,gurgaon,very-high,"service x locality (part-time-maid)",yes
"cook service in sector 58",/gurgaon/sector-58/cook,gurgaon,very-high,"service x locality (cook)",yes
"home cook in sector 58",/gurgaon/sector-58/cook,gurgaon,very-high,"service x locality (cook)",yes
"cook in sector 58",/gurgaon/sector-58/cook,gurgaon,very-high,"service x locality (cook)",yes
"babysitter in sector 58",/gurgaon/sector-58/babysitter-nanny,gurgaon,very-high,"service x locality (babysitter-nanny)",yes
"nanny service in sector 58",/gurgaon/sector-58/babysitter-nanny,gurgaon,very-high,"service x locality (babysitter-nanny)",yes
"japa maid in sector 58",/gurgaon/sector-58/babysitter-nanny,gurgaon,very-high,"service x locality (babysitter-nanny)",yes
"elder care maid in sector 58",/gurgaon/sector-58/elder-care,gurgaon,very-high,"service x locality (elder-care)",yes
"caretaker for elderly in sector 58",/gurgaon/sector-58/elder-care,gurgaon,very-high,"service x locality (elder-care)",yes
"domestic help in sector 58",/gurgaon/sector-58/domestic-help,gurgaon,very-high,"service x locality (domestic-help)",yes
"house help in sector 58",/gurgaon/sector-58/domestic-help,gurgaon,very-high,"service x locality (domestic-help)",yes
"maid service in sector 59",/gurgaon/sector-59,gurgaon,very-high,"locality hub",yes
"maid agency in sector 59",/gurgaon/sector-59,gurgaon,very-high,"locality hub",yes
"maid provider in sector 59",/gurgaon/sector-59,gurgaon,very-high,"locality hub",yes
"house maid in sector 59",/gurgaon/sector-59,gurgaon,very-high,"locality hub",yes
"housemaid in sector 59",/gurgaon/sector-59,gurgaon,very-high,"locality hub",yes
"professional maid service in sector 59",/gurgaon/sector-59,gurgaon,very-high,"locality hub",yes
"best maid service in sector 59",/gurgaon/sector-59,gurgaon,very-high,"locality hub",yes
"verified maid service in sector 59",/gurgaon/sector-59,gurgaon,very-high,"locality hub",yes
"reliable maid service in sector 59",/gurgaon/sector-59,gurgaon,very-high,"locality hub",yes
"maid near me sector 59",/gurgaon/sector-59,gurgaon,very-high,"locality hub",yes
"maid service in sector 59 gurgaon",/gurgaon/sector-59,gurgaon,very-high,"locality hub (alt name, same page)",yes
"maid service in sector 59 gurugram",/gurgaon/sector-59,gurgaon,very-high,"locality hub (alt name, same page)",yes
"full time maid in sector 59",/gurgaon/sector-59/full-time-maid,gurgaon,very-high,"service x locality (full-time-maid)",yes
"live in maid in sector 59",/gurgaon/sector-59/full-time-maid,gurgaon,very-high,"service x locality (full-time-maid)",yes
"24 hours maid in sector 59",/gurgaon/sector-59/full-time-maid,gurgaon,very-high,"service x locality (full-time-maid)",yes
"part time maid in sector 59",/gurgaon/sector-59/part-time-maid,gurgaon,very-high,"service x locality (part-time-maid)",yes
"hourly maid in sector 59",/gurgaon/sector-59/part-time-maid,gurgaon,very-high,"service x locality (part-time-maid)",yes
"morning maid in sector 59",/gurgaon/sector-59/part-time-maid,gurgaon,very-high,"service x locality (part-time-maid)",yes
"cook service in sector 59",/gurgaon/sector-59/cook,gurgaon,very-high,"service x locality (cook)",yes
"home cook in sector 59",/gurgaon/sector-59/cook,gurgaon,very-high,"service x locality (cook)",yes
"cook in sector 59",/gurgaon/sector-59/cook,gurgaon,very-high,"service x locality (cook)",yes
"babysitter in sector 59",/gurgaon/sector-59/babysitter-nanny,gurgaon,very-high,"service x locality (babysitter-nanny)",yes
"nanny service in sector 59",/gurgaon/sector-59/babysitter-nanny,gurgaon,very-high,"service x locality (babysitter-nanny)",yes
"japa maid in sector 59",/gurgaon/sector-59/babysitter-nanny,gurgaon,very-high,"service x locality (babysitter-nanny)",yes
"elder care maid in sector 59",/gurgaon/sector-59/elder-care,gurgaon,very-high,"service x locality (elder-care)",yes
"caretaker for elderly in sector 59",/gurgaon/sector-59/elder-care,gurgaon,very-high,"service x locality (elder-care)",yes
"domestic help in sector 59",/gurgaon/sector-59/domestic-help,gurgaon,very-high,"service x locality (domestic-help)",yes
"house help in sector 59",/gurgaon/sector-59/domestic-help,gurgaon,very-high,"service x locality (domestic-help)",yes
"maid service in sector 60",/gurgaon/sector-60,gurgaon,very-high,"locality hub",yes
"maid agency in sector 60",/gurgaon/sector-60,gurgaon,very-high,"locality hub",yes
"maid provider in sector 60",/gurgaon/sector-60,gurgaon,very-high,"locality hub",yes
"house maid in sector 60",/gurgaon/sector-60,gurgaon,very-high,"locality hub",yes
"housemaid in sector 60",/gurgaon/sector-60,gurgaon,very-high,"locality hub",yes
"professional maid service in sector 60",/gurgaon/sector-60,gurgaon,very-high,"locality hub",yes
"best maid service in sector 60",/gurgaon/sector-60,gurgaon,very-high,"locality hub",yes
"verified maid service in sector 60",/gurgaon/sector-60,gurgaon,very-high,"locality hub",yes
"reliable maid service in sector 60",/gurgaon/sector-60,gurgaon,very-high,"locality hub",yes
"maid near me sector 60",/gurgaon/sector-60,gurgaon,very-high,"locality hub",yes
"maid service in sector 60 gurgaon",/gurgaon/sector-60,gurgaon,very-high,"locality hub (alt name, same page)",yes
"maid service in sector 60 gurugram",/gurgaon/sector-60,gurgaon,very-high,"locality hub (alt name, same page)",yes
"full time maid in sector 60",/gurgaon/sector-60/full-time-maid,gurgaon,very-high,"service x locality (full-time-maid)",yes
"live in maid in sector 60",/gurgaon/sector-60/full-time-maid,gurgaon,very-high,"service x locality (full-time-maid)",yes
"24 hours maid in sector 60",/gurgaon/sector-60/full-time-maid,gurgaon,very-high,"service x locality (full-time-maid)",yes
"part time maid in sector 60",/gurgaon/sector-60/part-time-maid,gurgaon,very-high,"service x locality (part-time-maid)",yes
"hourly maid in sector 60",/gurgaon/sector-60/part-time-maid,gurgaon,very-high,"service x locality (part-time-maid)",yes
"morning maid in sector 60",/gurgaon/sector-60/part-time-maid,gurgaon,very-high,"service x locality (part-time-maid)",yes
"cook service in sector 60",/gurgaon/sector-60/cook,gurgaon,very-high,"service x locality (cook)",yes
"home cook in sector 60",/gurgaon/sector-60/cook,gurgaon,very-high,"service x locality (cook)",yes
"cook in sector 60",/gurgaon/sector-60/cook,gurgaon,very-high,"service x locality (cook)",yes
"babysitter in sector 60",/gurgaon/sector-60/babysitter-nanny,gurgaon,very-high,"service x locality (babysitter-nanny)",yes
"nanny service in sector 60",/gurgaon/sector-60/babysitter-nanny,gurgaon,very-high,"service x locality (babysitter-nanny)",yes
"japa maid in sector 60",/gurgaon/sector-60/babysitter-nanny,gurgaon,very-high,"service x locality (babysitter-nanny)",yes
"elder care maid in sector 60",/gurgaon/sector-60/elder-care,gurgaon,very-high,"service x locality (elder-care)",yes
"caretaker for elderly in sector 60",/gurgaon/sector-60/elder-care,gurgaon,very-high,"service x locality (elder-care)",yes
"domestic help in sector 60",/gurgaon/sector-60/domestic-help,gurgaon,very-high,"service x locality (domestic-help)",yes
"house help in sector 60",/gurgaon/sector-60/domestic-help,gurgaon,very-high,"service x locality (domestic-help)",yes
"maid service in sector 61 gurgaon",/gurgaon/sector-61,gurgaon,very-high,"locality hub (alt name, same page)",yes
"maid service in sector 61 gurugram",/gurgaon/sector-61,gurgaon,very-high,"locality hub (alt name, same page)",yes
"maid service in south city 1",/gurgaon/south-city-1,gurgaon,very-high,"locality hub",yes
"maid agency in south city 1",/gurgaon/south-city-1,gurgaon,very-high,"locality hub",yes
"maid provider in south city 1",/gurgaon/south-city-1,gurgaon,very-high,"locality hub",yes
"house maid in south city 1",/gurgaon/south-city-1,gurgaon,very-high,"locality hub",yes
"housemaid in south city 1",/gurgaon/south-city-1,gurgaon,very-high,"locality hub",yes
"professional maid service in south city 1",/gurgaon/south-city-1,gurgaon,very-high,"locality hub",yes
"best maid service in south city 1",/gurgaon/south-city-1,gurgaon,very-high,"locality hub",yes
"verified maid service in south city 1",/gurgaon/south-city-1,gurgaon,very-high,"locality hub",yes
"reliable maid service in south city 1",/gurgaon/south-city-1,gurgaon,very-high,"locality hub",yes
"maid near me south city 1",/gurgaon/south-city-1,gurgaon,very-high,"locality hub",yes
"full time maid in south city 1",/gurgaon/south-city-1/full-time-maid,gurgaon,very-high,"service x locality (full-time-maid)",yes
"live in maid in south city 1",/gurgaon/south-city-1/full-time-maid,gurgaon,very-high,"service x locality (full-time-maid)",yes
"24 hours maid in south city 1",/gurgaon/south-city-1/full-time-maid,gurgaon,very-high,"service x locality (full-time-maid)",yes
"part time maid in south city 1",/gurgaon/south-city-1/part-time-maid,gurgaon,very-high,"service x locality (part-time-maid)",yes
"hourly maid in south city 1",/gurgaon/south-city-1/part-time-maid,gurgaon,very-high,"service x locality (part-time-maid)",yes
"morning maid in south city 1",/gurgaon/south-city-1/part-time-maid,gurgaon,very-high,"service x locality (part-time-maid)",yes
"cook service in south city 1",/gurgaon/south-city-1/cook,gurgaon,very-high,"service x locality (cook)",yes
"home cook in south city 1",/gurgaon/south-city-1/cook,gurgaon,very-high,"service x locality (cook)",yes
"cook in south city 1",/gurgaon/south-city-1/cook,gurgaon,very-high,"service x locality (cook)",yes
"babysitter in south city 1",/gurgaon/south-city-1/babysitter-nanny,gurgaon,very-high,"service x locality (babysitter-nanny)",yes
"nanny service in south city 1",/gurgaon/south-city-1/babysitter-nanny,gurgaon,very-high,"service x locality (babysitter-nanny)",yes
"japa maid in south city 1",/gurgaon/south-city-1/babysitter-nanny,gurgaon,very-high,"service x locality (babysitter-nanny)",yes
"elder care maid in south city 1",/gurgaon/south-city-1/elder-care,gurgaon,very-high,"service x locality (elder-care)",yes
"caretaker for elderly in south city 1",/gurgaon/south-city-1/elder-care,gurgaon,very-high,"service x locality (elder-care)",yes
"domestic help in south city 1",/gurgaon/south-city-1/domestic-help,gurgaon,very-high,"service x locality (domestic-help)",yes
"house help in south city 1",/gurgaon/south-city-1/domestic-help,gurgaon,very-high,"service x locality (domestic-help)",yes
"maid service in south city 2",/gurgaon/south-city-2,gurgaon,very-high,"locality hub",yes
"maid agency in south city 2",/gurgaon/south-city-2,gurgaon,very-high,"locality hub",yes
"maid provider in south city 2",/gurgaon/south-city-2,gurgaon,very-high,"locality hub",yes
"house maid in south city 2",/gurgaon/south-city-2,gurgaon,very-high,"locality hub",yes
"housemaid in south city 2",/gurgaon/south-city-2,gurgaon,very-high,"locality hub",yes
"professional maid service in south city 2",/gurgaon/south-city-2,gurgaon,very-high,"locality hub",yes
"best maid service in south city 2",/gurgaon/south-city-2,gurgaon,very-high,"locality hub",yes
"verified maid service in south city 2",/gurgaon/south-city-2,gurgaon,very-high,"locality hub",yes
"reliable maid service in south city 2",/gurgaon/south-city-2,gurgaon,very-high,"locality hub",yes
"maid near me south city 2",/gurgaon/south-city-2,gurgaon,very-high,"locality hub",yes
"full time maid in south city 2",/gurgaon/south-city-2/full-time-maid,gurgaon,very-high,"service x locality (full-time-maid)",yes
"live in maid in south city 2",/gurgaon/south-city-2/full-time-maid,gurgaon,very-high,"service x locality (full-time-maid)",yes
"24 hours maid in south city 2",/gurgaon/south-city-2/full-time-maid,gurgaon,very-high,"service x locality (full-time-maid)",yes
"part time maid in south city 2",/gurgaon/south-city-2/part-time-maid,gurgaon,very-high,"service x locality (part-time-maid)",yes
"hourly maid in south city 2",/gurgaon/south-city-2/part-time-maid,gurgaon,very-high,"service x locality (part-time-maid)",yes
"morning maid in south city 2",/gurgaon/south-city-2/part-time-maid,gurgaon,very-high,"service x locality (part-time-maid)",yes
"cook service in south city 2",/gurgaon/south-city-2/cook,gurgaon,very-high,"service x locality (cook)",yes
"home cook in south city 2",/gurgaon/south-city-2/cook,gurgaon,very-high,"service x locality (cook)",yes
"cook in south city 2",/gurgaon/south-city-2/cook,gurgaon,very-high,"service x locality (cook)",yes
"babysitter in south city 2",/gurgaon/south-city-2/babysitter-nanny,gurgaon,very-high,"service x locality (babysitter-nanny)",yes
"nanny service in south city 2",/gurgaon/south-city-2/babysitter-nanny,gurgaon,very-high,"service x locality (babysitter-nanny)",yes
"japa maid in south city 2",/gurgaon/south-city-2/babysitter-nanny,gurgaon,very-high,"service x locality (babysitter-nanny)",yes
"elder care maid in south city 2",/gurgaon/south-city-2/elder-care,gurgaon,very-high,"service x locality (elder-care)",yes
"caretaker for elderly in south city 2",/gurgaon/south-city-2/elder-care,gurgaon,very-high,"service x locality (elder-care)",yes
"domestic help in south city 2",/gurgaon/south-city-2/domestic-help,gurgaon,very-high,"service x locality (domestic-help)",yes
"house help in south city 2",/gurgaon/south-city-2/domestic-help,gurgaon,very-high,"service x locality (domestic-help)",yes
"maid service in sohna road",/gurgaon/sohna-road,gurgaon,very-high,"locality hub",yes
"maid agency in sohna road",/gurgaon/sohna-road,gurgaon,very-high,"locality hub",yes
"maid provider in sohna road",/gurgaon/sohna-road,gurgaon,very-high,"locality hub",yes
"house maid in sohna road",/gurgaon/sohna-road,gurgaon,very-high,"locality hub",yes
"housemaid in sohna road",/gurgaon/sohna-road,gurgaon,very-high,"locality hub",yes
"professional maid service in sohna road",/gurgaon/sohna-road,gurgaon,very-high,"locality hub",yes
"best maid service in sohna road",/gurgaon/sohna-road,gurgaon,very-high,"locality hub",yes
"verified maid service in sohna road",/gurgaon/sohna-road,gurgaon,very-high,"locality hub",yes
"reliable maid service in sohna road",/gurgaon/sohna-road,gurgaon,very-high,"locality hub",yes
"maid near me sohna road",/gurgaon/sohna-road,gurgaon,very-high,"locality hub",yes
"full time maid in sohna road",/gurgaon/sohna-road/full-time-maid,gurgaon,very-high,"service x locality (full-time-maid)",yes
"live in maid in sohna road",/gurgaon/sohna-road/full-time-maid,gurgaon,very-high,"service x locality (full-time-maid)",yes
"24 hours maid in sohna road",/gurgaon/sohna-road/full-time-maid,gurgaon,very-high,"service x locality (full-time-maid)",yes
"part time maid in sohna road",/gurgaon/sohna-road/part-time-maid,gurgaon,very-high,"service x locality (part-time-maid)",yes
"hourly maid in sohna road",/gurgaon/sohna-road/part-time-maid,gurgaon,very-high,"service x locality (part-time-maid)",yes
"morning maid in sohna road",/gurgaon/sohna-road/part-time-maid,gurgaon,very-high,"service x locality (part-time-maid)",yes
"cook service in sohna road",/gurgaon/sohna-road/cook,gurgaon,very-high,"service x locality (cook)",yes
"home cook in sohna road",/gurgaon/sohna-road/cook,gurgaon,very-high,"service x locality (cook)",yes
"cook in sohna road",/gurgaon/sohna-road/cook,gurgaon,very-high,"service x locality (cook)",yes
"babysitter in sohna road",/gurgaon/sohna-road/babysitter-nanny,gurgaon,very-high,"service x locality (babysitter-nanny)",yes
"nanny service in sohna road",/gurgaon/sohna-road/babysitter-nanny,gurgaon,very-high,"service x locality (babysitter-nanny)",yes
"japa maid in sohna road",/gurgaon/sohna-road/babysitter-nanny,gurgaon,very-high,"service x locality (babysitter-nanny)",yes
"elder care maid in sohna road",/gurgaon/sohna-road/elder-care,gurgaon,very-high,"service x locality (elder-care)",yes
"caretaker for elderly in sohna road",/gurgaon/sohna-road/elder-care,gurgaon,very-high,"service x locality (elder-care)",yes
"domestic help in sohna road",/gurgaon/sohna-road/domestic-help,gurgaon,very-high,"service x locality (domestic-help)",yes
"house help in sohna road",/gurgaon/sohna-road/domestic-help,gurgaon,very-high,"service x locality (domestic-help)",yes
"maid provider in sector 47",/gurgaon/sector-47,gurgaon,very-high,"locality hub",yes
"house maid in sector 47",/gurgaon/sector-47,gurgaon,very-high,"locality hub",yes
"housemaid in sector 47",/gurgaon/sector-47,gurgaon,very-high,"locality hub",yes
"professional maid service in sector 47",/gurgaon/sector-47,gurgaon,very-high,"locality hub",yes
"best maid service in sector 47",/gurgaon/sector-47,gurgaon,very-high,"locality hub",yes
"verified maid service in sector 47",/gurgaon/sector-47,gurgaon,very-high,"locality hub",yes
"reliable maid service in sector 47",/gurgaon/sector-47,gurgaon,very-high,"locality hub",yes
"maid near me sector 47",/gurgaon/sector-47,gurgaon,very-high,"locality hub",yes
"maid service in sector 47 gurgaon",/gurgaon/sector-47,gurgaon,very-high,"locality hub (alt name, same page)",yes
"maid service in sector 47 gurugram",/gurgaon/sector-47,gurgaon,very-high,"locality hub (alt name, same page)",yes
"full time maid in sector 47",/gurgaon/sector-47/full-time-maid,gurgaon,very-high,"service x locality (full-time-maid)",yes
"live in maid in sector 47",/gurgaon/sector-47/full-time-maid,gurgaon,very-high,"service x locality (full-time-maid)",yes
"24 hours maid in sector 47",/gurgaon/sector-47/full-time-maid,gurgaon,very-high,"service x locality (full-time-maid)",yes
"part time maid in sector 47",/gurgaon/sector-47/part-time-maid,gurgaon,very-high,"service x locality (part-time-maid)",yes
"hourly maid in sector 47",/gurgaon/sector-47/part-time-maid,gurgaon,very-high,"service x locality (part-time-maid)",yes
"morning maid in sector 47",/gurgaon/sector-47/part-time-maid,gurgaon,very-high,"service x locality (part-time-maid)",yes
"cook service in sector 47",/gurgaon/sector-47/cook,gurgaon,very-high,"service x locality (cook)",yes
"home cook in sector 47",/gurgaon/sector-47/cook,gurgaon,very-high,"service x locality (cook)",yes
"babysitter in sector 47",/gurgaon/sector-47/babysitter-nanny,gurgaon,very-high,"service x locality (babysitter-nanny)",yes
"nanny service in sector 47",/gurgaon/sector-47/babysitter-nanny,gurgaon,very-high,"service x locality (babysitter-nanny)",yes
"japa maid in sector 47",/gurgaon/sector-47/babysitter-nanny,gurgaon,very-high,"service x locality (babysitter-nanny)",yes
"elder care maid in sector 47",/gurgaon/sector-47/elder-care,gurgaon,very-high,"service x locality (elder-care)",yes
"caretaker for elderly in sector 47",/gurgaon/sector-47/elder-care,gurgaon,very-high,"service x locality (elder-care)",yes
"house help in sector 47",/gurgaon/sector-47/domestic-help,gurgaon,very-high,"service x locality (domestic-help)",yes
"maid service in sector 49",/gurgaon/sector-49,gurgaon,very-high,"locality hub",yes
"maid agency in sector 49",/gurgaon/sector-49,gurgaon,very-high,"locality hub",yes
"maid provider in sector 49",/gurgaon/sector-49,gurgaon,very-high,"locality hub",yes
"house maid in sector 49",/gurgaon/sector-49,gurgaon,very-high,"locality hub",yes
"housemaid in sector 49",/gurgaon/sector-49,gurgaon,very-high,"locality hub",yes
"professional maid service in sector 49",/gurgaon/sector-49,gurgaon,very-high,"locality hub",yes
"best maid service in sector 49",/gurgaon/sector-49,gurgaon,very-high,"locality hub",yes
"verified maid service in sector 49",/gurgaon/sector-49,gurgaon,very-high,"locality hub",yes
"reliable maid service in sector 49",/gurgaon/sector-49,gurgaon,very-high,"locality hub",yes
"maid near me sector 49",/gurgaon/sector-49,gurgaon,very-high,"locality hub",yes
"maid service in sector 49 gurgaon",/gurgaon/sector-49,gurgaon,very-high,"locality hub (alt name, same page)",yes
"maid service in sector 49 gurugram",/gurgaon/sector-49,gurgaon,very-high,"locality hub (alt name, same page)",yes
"full time maid in sector 49",/gurgaon/sector-49/full-time-maid,gurgaon,very-high,"service x locality (full-time-maid)",yes
"live in maid in sector 49",/gurgaon/sector-49/full-time-maid,gurgaon,very-high,"service x locality (full-time-maid)",yes
"24 hours maid in sector 49",/gurgaon/sector-49/full-time-maid,gurgaon,very-high,"service x locality (full-time-maid)",yes
"part time maid in sector 49",/gurgaon/sector-49/part-time-maid,gurgaon,very-high,"service x locality (part-time-maid)",yes
"hourly maid in sector 49",/gurgaon/sector-49/part-time-maid,gurgaon,very-high,"service x locality (part-time-maid)",yes
"morning maid in sector 49",/gurgaon/sector-49/part-time-maid,gurgaon,very-high,"service x locality (part-time-maid)",yes
"cook service in sector 49",/gurgaon/sector-49/cook,gurgaon,very-high,"service x locality (cook)",yes
"home cook in sector 49",/gurgaon/sector-49/cook,gurgaon,very-high,"service x locality (cook)",yes
"cook in sector 49",/gurgaon/sector-49/cook,gurgaon,very-high,"service x locality (cook)",yes
"babysitter in sector 49",/gurgaon/sector-49/babysitter-nanny,gurgaon,very-high,"service x locality (babysitter-nanny)",yes
"nanny service in sector 49",/gurgaon/sector-49/babysitter-nanny,gurgaon,very-high,"service x locality (babysitter-nanny)",yes
"japa maid in sector 49",/gurgaon/sector-49/babysitter-nanny,gurgaon,very-high,"service x locality (babysitter-nanny)",yes
"elder care maid in sector 49",/gurgaon/sector-49/elder-care,gurgaon,very-high,"service x locality (elder-care)",yes
"caretaker for elderly in sector 49",/gurgaon/sector-49/elder-care,gurgaon,very-high,"service x locality (elder-care)",yes
"domestic help in sector 49",/gurgaon/sector-49/domestic-help,gurgaon,very-high,"service x locality (domestic-help)",yes
"house help in sector 49",/gurgaon/sector-49/domestic-help,gurgaon,very-high,"service x locality (domestic-help)",yes
"maid service in sector 50 gurgaon",/gurgaon/sector-50,gurgaon,very-high,"locality hub (alt name, same page)",yes
"maid service in sector 50 gurugram",/gurgaon/sector-50,gurgaon,very-high,"locality hub (alt name, same page)",yes
"maid service in sector 51 gurgaon",/gurgaon/sector-51,gurgaon,very-high,"locality hub (alt name, same page)",yes
"maid service in sector 51 gurugram",/gurgaon/sector-51,gurgaon,very-high,"locality hub (alt name, same page)",yes
"maid service in sector 65",/gurgaon/sector-65,gurgaon,very-high,"locality hub",yes
"maid agency in sector 65",/gurgaon/sector-65,gurgaon,very-high,"locality hub",yes
"maid provider in sector 65",/gurgaon/sector-65,gurgaon,very-high,"locality hub",yes
"house maid in sector 65",/gurgaon/sector-65,gurgaon,very-high,"locality hub",yes
"housemaid in sector 65",/gurgaon/sector-65,gurgaon,very-high,"locality hub",yes
"professional maid service in sector 65",/gurgaon/sector-65,gurgaon,very-high,"locality hub",yes
"best maid service in sector 65",/gurgaon/sector-65,gurgaon,very-high,"locality hub",yes
"verified maid service in sector 65",/gurgaon/sector-65,gurgaon,very-high,"locality hub",yes
"reliable maid service in sector 65",/gurgaon/sector-65,gurgaon,very-high,"locality hub",yes
"maid near me sector 65",/gurgaon/sector-65,gurgaon,very-high,"locality hub",yes
"maid service in sector 65 gurgaon",/gurgaon/sector-65,gurgaon,very-high,"locality hub (alt name, same page)",yes
"maid service in sector 65 gurugram",/gurgaon/sector-65,gurgaon,very-high,"locality hub (alt name, same page)",yes
"full time maid in sector 65",/gurgaon/sector-65/full-time-maid,gurgaon,very-high,"service x locality (full-time-maid)",yes
"live in maid in sector 65",/gurgaon/sector-65/full-time-maid,gurgaon,very-high,"service x locality (full-time-maid)",yes
"24 hours maid in sector 65",/gurgaon/sector-65/full-time-maid,gurgaon,very-high,"service x locality (full-time-maid)",yes
"part time maid in sector 65",/gurgaon/sector-65/part-time-maid,gurgaon,very-high,"service x locality (part-time-maid)",yes
"hourly maid in sector 65",/gurgaon/sector-65/part-time-maid,gurgaon,very-high,"service x locality (part-time-maid)",yes
"morning maid in sector 65",/gurgaon/sector-65/part-time-maid,gurgaon,very-high,"service x locality (part-time-maid)",yes
"cook service in sector 65",/gurgaon/sector-65/cook,gurgaon,very-high,"service x locality (cook)",yes
"home cook in sector 65",/gurgaon/sector-65/cook,gurgaon,very-high,"service x locality (cook)",yes
"cook in sector 65",/gurgaon/sector-65/cook,gurgaon,very-high,"service x locality (cook)",yes
"babysitter in sector 65",/gurgaon/sector-65/babysitter-nanny,gurgaon,very-high,"service x locality (babysitter-nanny)",yes
"nanny service in sector 65",/gurgaon/sector-65/babysitter-nanny,gurgaon,very-high,"service x locality (babysitter-nanny)",yes
"japa maid in sector 65",/gurgaon/sector-65/babysitter-nanny,gurgaon,very-high,"service x locality (babysitter-nanny)",yes
"elder care maid in sector 65",/gurgaon/sector-65/elder-care,gurgaon,very-high,"service x locality (elder-care)",yes
"caretaker for elderly in sector 65",/gurgaon/sector-65/elder-care,gurgaon,very-high,"service x locality (elder-care)",yes
"domestic help in sector 65",/gurgaon/sector-65/domestic-help,gurgaon,very-high,"service x locality (domestic-help)",yes
"house help in sector 65",/gurgaon/sector-65/domestic-help,gurgaon,very-high,"service x locality (domestic-help)",yes
"maid service in sector 66",/gurgaon/sector-66,gurgaon,very-high,"locality hub",yes
"maid agency in sector 66",/gurgaon/sector-66,gurgaon,very-high,"locality hub",yes
"maid provider in sector 66",/gurgaon/sector-66,gurgaon,very-high,"locality hub",yes
"house maid in sector 66",/gurgaon/sector-66,gurgaon,very-high,"locality hub",yes
"housemaid in sector 66",/gurgaon/sector-66,gurgaon,very-high,"locality hub",yes
"professional maid service in sector 66",/gurgaon/sector-66,gurgaon,very-high,"locality hub",yes
"best maid service in sector 66",/gurgaon/sector-66,gurgaon,very-high,"locality hub",yes
"verified maid service in sector 66",/gurgaon/sector-66,gurgaon,very-high,"locality hub",yes
"reliable maid service in sector 66",/gurgaon/sector-66,gurgaon,very-high,"locality hub",yes
"maid near me sector 66",/gurgaon/sector-66,gurgaon,very-high,"locality hub",yes
"maid service in sector 66 gurgaon",/gurgaon/sector-66,gurgaon,very-high,"locality hub (alt name, same page)",yes
"maid service in sector 66 gurugram",/gurgaon/sector-66,gurgaon,very-high,"locality hub (alt name, same page)",yes
"full time maid in sector 66",/gurgaon/sector-66/full-time-maid,gurgaon,very-high,"service x locality (full-time-maid)",yes
"live in maid in sector 66",/gurgaon/sector-66/full-time-maid,gurgaon,very-high,"service x locality (full-time-maid)",yes
"24 hours maid in sector 66",/gurgaon/sector-66/full-time-maid,gurgaon,very-high,"service x locality (full-time-maid)",yes
"part time maid in sector 66",/gurgaon/sector-66/part-time-maid,gurgaon,very-high,"service x locality (part-time-maid)",yes
"hourly maid in sector 66",/gurgaon/sector-66/part-time-maid,gurgaon,very-high,"service x locality (part-time-maid)",yes
"morning maid in sector 66",/gurgaon/sector-66/part-time-maid,gurgaon,very-high,"service x locality (part-time-maid)",yes
"cook service in sector 66",/gurgaon/sector-66/cook,gurgaon,very-high,"service x locality (cook)",yes
"home cook in sector 66",/gurgaon/sector-66/cook,gurgaon,very-high,"service x locality (cook)",yes
"cook in sector 66",/gurgaon/sector-66/cook,gurgaon,very-high,"service x locality (cook)",yes
"babysitter in sector 66",/gurgaon/sector-66/babysitter-nanny,gurgaon,very-high,"service x locality (babysitter-nanny)",yes
"nanny service in sector 66",/gurgaon/sector-66/babysitter-nanny,gurgaon,very-high,"service x locality (babysitter-nanny)",yes
"japa maid in sector 66",/gurgaon/sector-66/babysitter-nanny,gurgaon,very-high,"service x locality (babysitter-nanny)",yes
"elder care maid in sector 66",/gurgaon/sector-66/elder-care,gurgaon,very-high,"service x locality (elder-care)",yes
"caretaker for elderly in sector 66",/gurgaon/sector-66/elder-care,gurgaon,very-high,"service x locality (elder-care)",yes
"domestic help in sector 66",/gurgaon/sector-66/domestic-help,gurgaon,very-high,"service x locality (domestic-help)",yes
"house help in sector 66",/gurgaon/sector-66/domestic-help,gurgaon,very-high,"service x locality (domestic-help)",yes
"maid service in sector 67",/gurgaon/sector-67,gurgaon,very-high,"locality hub",yes
"maid agency in sector 67",/gurgaon/sector-67,gurgaon,very-high,"locality hub",yes
"maid provider in sector 67",/gurgaon/sector-67,gurgaon,very-high,"locality hub",yes
"house maid in sector 67",/gurgaon/sector-67,gurgaon,very-high,"locality hub",yes
"housemaid in sector 67",/gurgaon/sector-67,gurgaon,very-high,"locality hub",yes
"professional maid service in sector 67",/gurgaon/sector-67,gurgaon,very-high,"locality hub",yes
"best maid service in sector 67",/gurgaon/sector-67,gurgaon,very-high,"locality hub",yes
"verified maid service in sector 67",/gurgaon/sector-67,gurgaon,very-high,"locality hub",yes
"reliable maid service in sector 67",/gurgaon/sector-67,gurgaon,very-high,"locality hub",yes
"maid near me sector 67",/gurgaon/sector-67,gurgaon,very-high,"locality hub",yes
"maid service in sector 67 gurgaon",/gurgaon/sector-67,gurgaon,very-high,"locality hub (alt name, same page)",yes
"maid service in sector 67 gurugram",/gurgaon/sector-67,gurgaon,very-high,"locality hub (alt name, same page)",yes
"full time maid in sector 67",/gurgaon/sector-67/full-time-maid,gurgaon,very-high,"service x locality (full-time-maid)",yes
"live in maid in sector 67",/gurgaon/sector-67/full-time-maid,gurgaon,very-high,"service x locality (full-time-maid)",yes
"24 hours maid in sector 67",/gurgaon/sector-67/full-time-maid,gurgaon,very-high,"service x locality (full-time-maid)",yes
"part time maid in sector 67",/gurgaon/sector-67/part-time-maid,gurgaon,very-high,"service x locality (part-time-maid)",yes
"hourly maid in sector 67",/gurgaon/sector-67/part-time-maid,gurgaon,very-high,"service x locality (part-time-maid)",yes
"morning maid in sector 67",/gurgaon/sector-67/part-time-maid,gurgaon,very-high,"service x locality (part-time-maid)",yes
"cook service in sector 67",/gurgaon/sector-67/cook,gurgaon,very-high,"service x locality (cook)",yes
"home cook in sector 67",/gurgaon/sector-67/cook,gurgaon,very-high,"service x locality (cook)",yes
"cook in sector 67",/gurgaon/sector-67/cook,gurgaon,very-high,"service x locality (cook)",yes
"babysitter in sector 67",/gurgaon/sector-67/babysitter-nanny,gurgaon,very-high,"service x locality (babysitter-nanny)",yes
"nanny service in sector 67",/gurgaon/sector-67/babysitter-nanny,gurgaon,very-high,"service x locality (babysitter-nanny)",yes
"japa maid in sector 67",/gurgaon/sector-67/babysitter-nanny,gurgaon,very-high,"service x locality (babysitter-nanny)",yes
"elder care maid in sector 67",/gurgaon/sector-67/elder-care,gurgaon,very-high,"service x locality (elder-care)",yes
"caretaker for elderly in sector 67",/gurgaon/sector-67/elder-care,gurgaon,very-high,"service x locality (elder-care)",yes
"domestic help in sector 67",/gurgaon/sector-67/domestic-help,gurgaon,very-high,"service x locality (domestic-help)",yes
"house help in sector 67",/gurgaon/sector-67/domestic-help,gurgaon,very-high,"service x locality (domestic-help)",yes
"maid service in sector 68",/gurgaon/sector-68,gurgaon,very-high,"locality hub",yes
"maid agency in sector 68",/gurgaon/sector-68,gurgaon,very-high,"locality hub",yes
"maid provider in sector 68",/gurgaon/sector-68,gurgaon,very-high,"locality hub",yes
"house maid in sector 68",/gurgaon/sector-68,gurgaon,very-high,"locality hub",yes
"housemaid in sector 68",/gurgaon/sector-68,gurgaon,very-high,"locality hub",yes
"professional maid service in sector 68",/gurgaon/sector-68,gurgaon,very-high,"locality hub",yes
"best maid service in sector 68",/gurgaon/sector-68,gurgaon,very-high,"locality hub",yes
"verified maid service in sector 68",/gurgaon/sector-68,gurgaon,very-high,"locality hub",yes
"reliable maid service in sector 68",/gurgaon/sector-68,gurgaon,very-high,"locality hub",yes
"maid near me sector 68",/gurgaon/sector-68,gurgaon,very-high,"locality hub",yes
"maid service in sector 68 gurgaon",/gurgaon/sector-68,gurgaon,very-high,"locality hub (alt name, same page)",yes
"maid service in sector 68 gurugram",/gurgaon/sector-68,gurgaon,very-high,"locality hub (alt name, same page)",yes
"full time maid in sector 68",/gurgaon/sector-68/full-time-maid,gurgaon,very-high,"service x locality (full-time-maid)",yes
"live in maid in sector 68",/gurgaon/sector-68/full-time-maid,gurgaon,very-high,"service x locality (full-time-maid)",yes
"24 hours maid in sector 68",/gurgaon/sector-68/full-time-maid,gurgaon,very-high,"service x locality (full-time-maid)",yes
"part time maid in sector 68",/gurgaon/sector-68/part-time-maid,gurgaon,very-high,"service x locality (part-time-maid)",yes
"hourly maid in sector 68",/gurgaon/sector-68/part-time-maid,gurgaon,very-high,"service x locality (part-time-maid)",yes
"morning maid in sector 68",/gurgaon/sector-68/part-time-maid,gurgaon,very-high,"service x locality (part-time-maid)",yes
"cook service in sector 68",/gurgaon/sector-68/cook,gurgaon,very-high,"service x locality (cook)",yes
"home cook in sector 68",/gurgaon/sector-68/cook,gurgaon,very-high,"service x locality (cook)",yes
"cook in sector 68",/gurgaon/sector-68/cook,gurgaon,very-high,"service x locality (cook)",yes
"babysitter in sector 68",/gurgaon/sector-68/babysitter-nanny,gurgaon,very-high,"service x locality (babysitter-nanny)",yes
"nanny service in sector 68",/gurgaon/sector-68/babysitter-nanny,gurgaon,very-high,"service x locality (babysitter-nanny)",yes
"japa maid in sector 68",/gurgaon/sector-68/babysitter-nanny,gurgaon,very-high,"service x locality (babysitter-nanny)",yes
"elder care maid in sector 68",/gurgaon/sector-68/elder-care,gurgaon,very-high,"service x locality (elder-care)",yes
"caretaker for elderly in sector 68",/gurgaon/sector-68/elder-care,gurgaon,very-high,"service x locality (elder-care)",yes
"domestic help in sector 68",/gurgaon/sector-68/domestic-help,gurgaon,very-high,"service x locality (domestic-help)",yes
"house help in sector 68",/gurgaon/sector-68/domestic-help,gurgaon,very-high,"service x locality (domestic-help)",yes
"maid service in sector 69",/gurgaon/sector-69,gurgaon,very-high,"locality hub",yes
"maid agency in sector 69",/gurgaon/sector-69,gurgaon,very-high,"locality hub",yes
"maid provider in sector 69",/gurgaon/sector-69,gurgaon,very-high,"locality hub",yes
"house maid in sector 69",/gurgaon/sector-69,gurgaon,very-high,"locality hub",yes
"housemaid in sector 69",/gurgaon/sector-69,gurgaon,very-high,"locality hub",yes
"professional maid service in sector 69",/gurgaon/sector-69,gurgaon,very-high,"locality hub",yes
"best maid service in sector 69",/gurgaon/sector-69,gurgaon,very-high,"locality hub",yes
"verified maid service in sector 69",/gurgaon/sector-69,gurgaon,very-high,"locality hub",yes
"reliable maid service in sector 69",/gurgaon/sector-69,gurgaon,very-high,"locality hub",yes
"maid near me sector 69",/gurgaon/sector-69,gurgaon,very-high,"locality hub",yes
"maid service in sector 69 gurgaon",/gurgaon/sector-69,gurgaon,very-high,"locality hub (alt name, same page)",yes
"maid service in sector 69 gurugram",/gurgaon/sector-69,gurgaon,very-high,"locality hub (alt name, same page)",yes
"full time maid in sector 69",/gurgaon/sector-69/full-time-maid,gurgaon,very-high,"service x locality (full-time-maid)",yes
"live in maid in sector 69",/gurgaon/sector-69/full-time-maid,gurgaon,very-high,"service x locality (full-time-maid)",yes
"24 hours maid in sector 69",/gurgaon/sector-69/full-time-maid,gurgaon,very-high,"service x locality (full-time-maid)",yes
"part time maid in sector 69",/gurgaon/sector-69/part-time-maid,gurgaon,very-high,"service x locality (part-time-maid)",yes
"hourly maid in sector 69",/gurgaon/sector-69/part-time-maid,gurgaon,very-high,"service x locality (part-time-maid)",yes
"morning maid in sector 69",/gurgaon/sector-69/part-time-maid,gurgaon,very-high,"service x locality (part-time-maid)",yes
"cook service in sector 69",/gurgaon/sector-69/cook,gurgaon,very-high,"service x locality (cook)",yes
"home cook in sector 69",/gurgaon/sector-69/cook,gurgaon,very-high,"service x locality (cook)",yes
"cook in sector 69",/gurgaon/sector-69/cook,gurgaon,very-high,"service x locality (cook)",yes
"babysitter in sector 69",/gurgaon/sector-69/babysitter-nanny,gurgaon,very-high,"service x locality (babysitter-nanny)",yes
"nanny service in sector 69",/gurgaon/sector-69/babysitter-nanny,gurgaon,very-high,"service x locality (babysitter-nanny)",yes
"japa maid in sector 69",/gurgaon/sector-69/babysitter-nanny,gurgaon,very-high,"service x locality (babysitter-nanny)",yes
"elder care maid in sector 69",/gurgaon/sector-69/elder-care,gurgaon,very-high,"service x locality (elder-care)",yes
"caretaker for elderly in sector 69",/gurgaon/sector-69/elder-care,gurgaon,very-high,"service x locality (elder-care)",yes
"domestic help in sector 69",/gurgaon/sector-69/domestic-help,gurgaon,very-high,"service x locality (domestic-help)",yes
"house help in sector 69",/gurgaon/sector-69/domestic-help,gurgaon,very-high,"service x locality (domestic-help)",yes
"maid service in sector 70",/gurgaon/sector-70,gurgaon,very-high,"locality hub",yes
"maid agency in sector 70",/gurgaon/sector-70,gurgaon,very-high,"locality hub",yes
"maid provider in sector 70",/gurgaon/sector-70,gurgaon,very-high,"locality hub",yes
"house maid in sector 70",/gurgaon/sector-70,gurgaon,very-high,"locality hub",yes
"housemaid in sector 70",/gurgaon/sector-70,gurgaon,very-high,"locality hub",yes
"professional maid service in sector 70",/gurgaon/sector-70,gurgaon,very-high,"locality hub",yes
"best maid service in sector 70",/gurgaon/sector-70,gurgaon,very-high,"locality hub",yes
"verified maid service in sector 70",/gurgaon/sector-70,gurgaon,very-high,"locality hub",yes
"reliable maid service in sector 70",/gurgaon/sector-70,gurgaon,very-high,"locality hub",yes
"maid near me sector 70",/gurgaon/sector-70,gurgaon,very-high,"locality hub",yes
"maid service in sector 70 gurgaon",/gurgaon/sector-70,gurgaon,very-high,"locality hub (alt name, same page)",yes
"maid service in sector 70 gurugram",/gurgaon/sector-70,gurgaon,very-high,"locality hub (alt name, same page)",yes
"full time maid in sector 70",/gurgaon/sector-70/full-time-maid,gurgaon,very-high,"service x locality (full-time-maid)",yes
"live in maid in sector 70",/gurgaon/sector-70/full-time-maid,gurgaon,very-high,"service x locality (full-time-maid)",yes
"24 hours maid in sector 70",/gurgaon/sector-70/full-time-maid,gurgaon,very-high,"service x locality (full-time-maid)",yes
"part time maid in sector 70",/gurgaon/sector-70/part-time-maid,gurgaon,very-high,"service x locality (part-time-maid)",yes
"hourly maid in sector 70",/gurgaon/sector-70/part-time-maid,gurgaon,very-high,"service x locality (part-time-maid)",yes
"morning maid in sector 70",/gurgaon/sector-70/part-time-maid,gurgaon,very-high,"service x locality (part-time-maid)",yes
"cook service in sector 70",/gurgaon/sector-70/cook,gurgaon,very-high,"service x locality (cook)",yes
"home cook in sector 70",/gurgaon/sector-70/cook,gurgaon,very-high,"service x locality (cook)",yes
"cook in sector 70",/gurgaon/sector-70/cook,gurgaon,very-high,"service x locality (cook)",yes
"babysitter in sector 70",/gurgaon/sector-70/babysitter-nanny,gurgaon,very-high,"service x locality (babysitter-nanny)",yes
"nanny service in sector 70",/gurgaon/sector-70/babysitter-nanny,gurgaon,very-high,"service x locality (babysitter-nanny)",yes
"japa maid in sector 70",/gurgaon/sector-70/babysitter-nanny,gurgaon,very-high,"service x locality (babysitter-nanny)",yes
"elder care maid in sector 70",/gurgaon/sector-70/elder-care,gurgaon,very-high,"service x locality (elder-care)",yes
"caretaker for elderly in sector 70",/gurgaon/sector-70/elder-care,gurgaon,very-high,"service x locality (elder-care)",yes
"domestic help in sector 70",/gurgaon/sector-70/domestic-help,gurgaon,very-high,"service x locality (domestic-help)",yes
"house help in sector 70",/gurgaon/sector-70/domestic-help,gurgaon,very-high,"service x locality (domestic-help)",yes
"maid provider in sector 71",/gurgaon/sector-71,gurgaon,very-high,"locality hub",yes
"house maid in sector 71",/gurgaon/sector-71,gurgaon,very-high,"locality hub",yes
"housemaid in sector 71",/gurgaon/sector-71,gurgaon,very-high,"locality hub",yes
"professional maid service in sector 71",/gurgaon/sector-71,gurgaon,very-high,"locality hub",yes
"best maid service in sector 71",/gurgaon/sector-71,gurgaon,very-high,"locality hub",yes
"verified maid service in sector 71",/gurgaon/sector-71,gurgaon,very-high,"locality hub",yes
"reliable maid service in sector 71",/gurgaon/sector-71,gurgaon,very-high,"locality hub",yes
"maid near me sector 71",/gurgaon/sector-71,gurgaon,very-high,"locality hub",yes
"maid service in sector 71 gurgaon",/gurgaon/sector-71,gurgaon,very-high,"locality hub (alt name, same page)",yes
"maid service in sector 71 gurugram",/gurgaon/sector-71,gurgaon,very-high,"locality hub (alt name, same page)",yes
"full time maid in sector 71",/gurgaon/sector-71/full-time-maid,gurgaon,very-high,"service x locality (full-time-maid)",yes
"live in maid in sector 71",/gurgaon/sector-71/full-time-maid,gurgaon,very-high,"service x locality (full-time-maid)",yes
"24 hours maid in sector 71",/gurgaon/sector-71/full-time-maid,gurgaon,very-high,"service x locality (full-time-maid)",yes
"part time maid in sector 71",/gurgaon/sector-71/part-time-maid,gurgaon,very-high,"service x locality (part-time-maid)",yes
"hourly maid in sector 71",/gurgaon/sector-71/part-time-maid,gurgaon,very-high,"service x locality (part-time-maid)",yes
"morning maid in sector 71",/gurgaon/sector-71/part-time-maid,gurgaon,very-high,"service x locality (part-time-maid)",yes
"cook service in sector 71",/gurgaon/sector-71/cook,gurgaon,very-high,"service x locality (cook)",yes
"home cook in sector 71",/gurgaon/sector-71/cook,gurgaon,very-high,"service x locality (cook)",yes
"babysitter in sector 71",/gurgaon/sector-71/babysitter-nanny,gurgaon,very-high,"service x locality (babysitter-nanny)",yes
"nanny service in sector 71",/gurgaon/sector-71/babysitter-nanny,gurgaon,very-high,"service x locality (babysitter-nanny)",yes
"japa maid in sector 71",/gurgaon/sector-71/babysitter-nanny,gurgaon,very-high,"service x locality (babysitter-nanny)",yes
"elder care maid in sector 71",/gurgaon/sector-71/elder-care,gurgaon,very-high,"service x locality (elder-care)",yes
"caretaker for elderly in sector 71",/gurgaon/sector-71/elder-care,gurgaon,very-high,"service x locality (elder-care)",yes
"house help in sector 71",/gurgaon/sector-71/domestic-help,gurgaon,very-high,"service x locality (domestic-help)",yes
"maid provider in sector 72",/gurgaon/sector-72,gurgaon,very-high,"locality hub",yes
"house maid in sector 72",/gurgaon/sector-72,gurgaon,very-high,"locality hub",yes
"housemaid in sector 72",/gurgaon/sector-72,gurgaon,very-high,"locality hub",yes
"professional maid service in sector 72",/gurgaon/sector-72,gurgaon,very-high,"locality hub",yes
"best maid service in sector 72",/gurgaon/sector-72,gurgaon,very-high,"locality hub",yes
"verified maid service in sector 72",/gurgaon/sector-72,gurgaon,very-high,"locality hub",yes
"reliable maid service in sector 72",/gurgaon/sector-72,gurgaon,very-high,"locality hub",yes
"maid near me sector 72",/gurgaon/sector-72,gurgaon,very-high,"locality hub",yes
"maid service in sector 72 gurgaon",/gurgaon/sector-72,gurgaon,very-high,"locality hub (alt name, same page)",yes
"maid service in sector 72 gurugram",/gurgaon/sector-72,gurgaon,very-high,"locality hub (alt name, same page)",yes
"full time maid in sector 72",/gurgaon/sector-72/full-time-maid,gurgaon,very-high,"service x locality (full-time-maid)",yes
"live in maid in sector 72",/gurgaon/sector-72/full-time-maid,gurgaon,very-high,"service x locality (full-time-maid)",yes
"24 hours maid in sector 72",/gurgaon/sector-72/full-time-maid,gurgaon,very-high,"service x locality (full-time-maid)",yes
"part time maid in sector 72",/gurgaon/sector-72/part-time-maid,gurgaon,very-high,"service x locality (part-time-maid)",yes
"hourly maid in sector 72",/gurgaon/sector-72/part-time-maid,gurgaon,very-high,"service x locality (part-time-maid)",yes
"morning maid in sector 72",/gurgaon/sector-72/part-time-maid,gurgaon,very-high,"service x locality (part-time-maid)",yes
"cook service in sector 72",/gurgaon/sector-72/cook,gurgaon,very-high,"service x locality (cook)",yes
"home cook in sector 72",/gurgaon/sector-72/cook,gurgaon,very-high,"service x locality (cook)",yes
"babysitter in sector 72",/gurgaon/sector-72/babysitter-nanny,gurgaon,very-high,"service x locality (babysitter-nanny)",yes
"nanny service in sector 72",/gurgaon/sector-72/babysitter-nanny,gurgaon,very-high,"service x locality (babysitter-nanny)",yes
"japa maid in sector 72",/gurgaon/sector-72/babysitter-nanny,gurgaon,very-high,"service x locality (babysitter-nanny)",yes
"elder care maid in sector 72",/gurgaon/sector-72/elder-care,gurgaon,very-high,"service x locality (elder-care)",yes
"caretaker for elderly in sector 72",/gurgaon/sector-72/elder-care,gurgaon,very-high,"service x locality (elder-care)",yes
"house help in sector 72",/gurgaon/sector-72/domestic-help,gurgaon,very-high,"service x locality (domestic-help)",yes
"maid service in sector 73",/gurgaon/sector-73,gurgaon,very-high,"locality hub",yes
"maid agency in sector 73",/gurgaon/sector-73,gurgaon,very-high,"locality hub",yes
"maid provider in sector 73",/gurgaon/sector-73,gurgaon,very-high,"locality hub",yes
"house maid in sector 73",/gurgaon/sector-73,gurgaon,very-high,"locality hub",yes
"housemaid in sector 73",/gurgaon/sector-73,gurgaon,very-high,"locality hub",yes
"professional maid service in sector 73",/gurgaon/sector-73,gurgaon,very-high,"locality hub",yes
"best maid service in sector 73",/gurgaon/sector-73,gurgaon,very-high,"locality hub",yes
"verified maid service in sector 73",/gurgaon/sector-73,gurgaon,very-high,"locality hub",yes
"reliable maid service in sector 73",/gurgaon/sector-73,gurgaon,very-high,"locality hub",yes
"maid near me sector 73",/gurgaon/sector-73,gurgaon,very-high,"locality hub",yes
"maid service in sector 73 gurgaon",/gurgaon/sector-73,gurgaon,very-high,"locality hub (alt name, same page)",yes
"maid service in sector 73 gurugram",/gurgaon/sector-73,gurgaon,very-high,"locality hub (alt name, same page)",yes
"full time maid in sector 73",/gurgaon/sector-73/full-time-maid,gurgaon,very-high,"service x locality (full-time-maid)",yes
"live in maid in sector 73",/gurgaon/sector-73/full-time-maid,gurgaon,very-high,"service x locality (full-time-maid)",yes
"24 hours maid in sector 73",/gurgaon/sector-73/full-time-maid,gurgaon,very-high,"service x locality (full-time-maid)",yes
"part time maid in sector 73",/gurgaon/sector-73/part-time-maid,gurgaon,very-high,"service x locality (part-time-maid)",yes
"hourly maid in sector 73",/gurgaon/sector-73/part-time-maid,gurgaon,very-high,"service x locality (part-time-maid)",yes
"morning maid in sector 73",/gurgaon/sector-73/part-time-maid,gurgaon,very-high,"service x locality (part-time-maid)",yes
"cook service in sector 73",/gurgaon/sector-73/cook,gurgaon,very-high,"service x locality (cook)",yes
"home cook in sector 73",/gurgaon/sector-73/cook,gurgaon,very-high,"service x locality (cook)",yes
"cook in sector 73",/gurgaon/sector-73/cook,gurgaon,very-high,"service x locality (cook)",yes
"babysitter in sector 73",/gurgaon/sector-73/babysitter-nanny,gurgaon,very-high,"service x locality (babysitter-nanny)",yes
"nanny service in sector 73",/gurgaon/sector-73/babysitter-nanny,gurgaon,very-high,"service x locality (babysitter-nanny)",yes
"japa maid in sector 73",/gurgaon/sector-73/babysitter-nanny,gurgaon,very-high,"service x locality (babysitter-nanny)",yes
"elder care maid in sector 73",/gurgaon/sector-73/elder-care,gurgaon,very-high,"service x locality (elder-care)",yes
"caretaker for elderly in sector 73",/gurgaon/sector-73/elder-care,gurgaon,very-high,"service x locality (elder-care)",yes
"domestic help in sector 73",/gurgaon/sector-73/domestic-help,gurgaon,very-high,"service x locality (domestic-help)",yes
"house help in sector 73",/gurgaon/sector-73/domestic-help,gurgaon,very-high,"service x locality (domestic-help)",yes
"maid service in sector 74 gurgaon",/gurgaon/sector-74,gurgaon,very-high,"locality hub (alt name, same page)",yes
"maid service in sector 74 gurugram",/gurgaon/sector-74,gurgaon,very-high,"locality hub (alt name, same page)",yes
"maid service in sector 75 gurgaon",/gurgaon/sector-75,gurgaon,very-high,"locality hub (alt name, same page)",yes
"maid service in sector 75 gurugram",/gurgaon/sector-75,gurgaon,very-high,"locality hub (alt name, same page)",yes
"maid service in sector 76 gurgaon",/gurgaon/sector-76,gurgaon,very-high,"locality hub (alt name, same page)",yes
"maid service in sector 76 gurugram",/gurgaon/sector-76,gurgaon,very-high,"locality hub (alt name, same page)",yes
"maid service in sector 77 gurgaon",/gurgaon/sector-77,gurgaon,very-high,"locality hub (alt name, same page)",yes
"maid service in sector 77 gurugram",/gurgaon/sector-77,gurgaon,very-high,"locality hub (alt name, same page)",yes
"maid service in sector 82",/gurgaon/sector-82,gurgaon,very-high,"locality hub",yes
"maid agency in sector 82",/gurgaon/sector-82,gurgaon,very-high,"locality hub",yes
"maid provider in sector 82",/gurgaon/sector-82,gurgaon,very-high,"locality hub",yes
"house maid in sector 82",/gurgaon/sector-82,gurgaon,very-high,"locality hub",yes
"housemaid in sector 82",/gurgaon/sector-82,gurgaon,very-high,"locality hub",yes
"professional maid service in sector 82",/gurgaon/sector-82,gurgaon,very-high,"locality hub",yes
"best maid service in sector 82",/gurgaon/sector-82,gurgaon,very-high,"locality hub",yes
"verified maid service in sector 82",/gurgaon/sector-82,gurgaon,very-high,"locality hub",yes
"reliable maid service in sector 82",/gurgaon/sector-82,gurgaon,very-high,"locality hub",yes
"maid near me sector 82",/gurgaon/sector-82,gurgaon,very-high,"locality hub",yes
"maid service in sector 82 gurgaon",/gurgaon/sector-82,gurgaon,very-high,"locality hub (alt name, same page)",yes
"maid service in sector 82 gurugram",/gurgaon/sector-82,gurgaon,very-high,"locality hub (alt name, same page)",yes
"full time maid in sector 82",/gurgaon/sector-82/full-time-maid,gurgaon,very-high,"service x locality (full-time-maid)",yes
"live in maid in sector 82",/gurgaon/sector-82/full-time-maid,gurgaon,very-high,"service x locality (full-time-maid)",yes
"24 hours maid in sector 82",/gurgaon/sector-82/full-time-maid,gurgaon,very-high,"service x locality (full-time-maid)",yes
"part time maid in sector 82",/gurgaon/sector-82/part-time-maid,gurgaon,very-high,"service x locality (part-time-maid)",yes
"hourly maid in sector 82",/gurgaon/sector-82/part-time-maid,gurgaon,very-high,"service x locality (part-time-maid)",yes
"morning maid in sector 82",/gurgaon/sector-82/part-time-maid,gurgaon,very-high,"service x locality (part-time-maid)",yes
"cook service in sector 82",/gurgaon/sector-82/cook,gurgaon,very-high,"service x locality (cook)",yes
"home cook in sector 82",/gurgaon/sector-82/cook,gurgaon,very-high,"service x locality (cook)",yes
"cook in sector 82",/gurgaon/sector-82/cook,gurgaon,very-high,"service x locality (cook)",yes
"babysitter in sector 82",/gurgaon/sector-82/babysitter-nanny,gurgaon,very-high,"service x locality (babysitter-nanny)",yes
"nanny service in sector 82",/gurgaon/sector-82/babysitter-nanny,gurgaon,very-high,"service x locality (babysitter-nanny)",yes
"japa maid in sector 82",/gurgaon/sector-82/babysitter-nanny,gurgaon,very-high,"service x locality (babysitter-nanny)",yes
"elder care maid in sector 82",/gurgaon/sector-82/elder-care,gurgaon,very-high,"service x locality (elder-care)",yes
"caretaker for elderly in sector 82",/gurgaon/sector-82/elder-care,gurgaon,very-high,"service x locality (elder-care)",yes
"domestic help in sector 82",/gurgaon/sector-82/domestic-help,gurgaon,very-high,"service x locality (domestic-help)",yes
"house help in sector 82",/gurgaon/sector-82/domestic-help,gurgaon,very-high,"service x locality (domestic-help)",yes
"maid service in sector 83",/gurgaon/sector-83,gurgaon,very-high,"locality hub",yes
"maid agency in sector 83",/gurgaon/sector-83,gurgaon,very-high,"locality hub",yes
"maid provider in sector 83",/gurgaon/sector-83,gurgaon,very-high,"locality hub",yes
"house maid in sector 83",/gurgaon/sector-83,gurgaon,very-high,"locality hub",yes
"housemaid in sector 83",/gurgaon/sector-83,gurgaon,very-high,"locality hub",yes
"professional maid service in sector 83",/gurgaon/sector-83,gurgaon,very-high,"locality hub",yes
"best maid service in sector 83",/gurgaon/sector-83,gurgaon,very-high,"locality hub",yes
"verified maid service in sector 83",/gurgaon/sector-83,gurgaon,very-high,"locality hub",yes
"reliable maid service in sector 83",/gurgaon/sector-83,gurgaon,very-high,"locality hub",yes
"maid near me sector 83",/gurgaon/sector-83,gurgaon,very-high,"locality hub",yes
"maid service in sector 83 gurgaon",/gurgaon/sector-83,gurgaon,very-high,"locality hub (alt name, same page)",yes
"maid service in sector 83 gurugram",/gurgaon/sector-83,gurgaon,very-high,"locality hub (alt name, same page)",yes
"full time maid in sector 83",/gurgaon/sector-83/full-time-maid,gurgaon,very-high,"service x locality (full-time-maid)",yes
"live in maid in sector 83",/gurgaon/sector-83/full-time-maid,gurgaon,very-high,"service x locality (full-time-maid)",yes
"24 hours maid in sector 83",/gurgaon/sector-83/full-time-maid,gurgaon,very-high,"service x locality (full-time-maid)",yes
"part time maid in sector 83",/gurgaon/sector-83/part-time-maid,gurgaon,very-high,"service x locality (part-time-maid)",yes
"hourly maid in sector 83",/gurgaon/sector-83/part-time-maid,gurgaon,very-high,"service x locality (part-time-maid)",yes
"morning maid in sector 83",/gurgaon/sector-83/part-time-maid,gurgaon,very-high,"service x locality (part-time-maid)",yes
"cook service in sector 83",/gurgaon/sector-83/cook,gurgaon,very-high,"service x locality (cook)",yes
"home cook in sector 83",/gurgaon/sector-83/cook,gurgaon,very-high,"service x locality (cook)",yes
"cook in sector 83",/gurgaon/sector-83/cook,gurgaon,very-high,"service x locality (cook)",yes
"babysitter in sector 83",/gurgaon/sector-83/babysitter-nanny,gurgaon,very-high,"service x locality (babysitter-nanny)",yes
"nanny service in sector 83",/gurgaon/sector-83/babysitter-nanny,gurgaon,very-high,"service x locality (babysitter-nanny)",yes
"japa maid in sector 83",/gurgaon/sector-83/babysitter-nanny,gurgaon,very-high,"service x locality (babysitter-nanny)",yes
"elder care maid in sector 83",/gurgaon/sector-83/elder-care,gurgaon,very-high,"service x locality (elder-care)",yes
"caretaker for elderly in sector 83",/gurgaon/sector-83/elder-care,gurgaon,very-high,"service x locality (elder-care)",yes
"domestic help in sector 83",/gurgaon/sector-83/domestic-help,gurgaon,very-high,"service x locality (domestic-help)",yes
"house help in sector 83",/gurgaon/sector-83/domestic-help,gurgaon,very-high,"service x locality (domestic-help)",yes
"maid service in sector 84",/gurgaon/sector-84,gurgaon,very-high,"locality hub",yes
"maid agency in sector 84",/gurgaon/sector-84,gurgaon,very-high,"locality hub",yes
"maid provider in sector 84",/gurgaon/sector-84,gurgaon,very-high,"locality hub",yes
"house maid in sector 84",/gurgaon/sector-84,gurgaon,very-high,"locality hub",yes
"housemaid in sector 84",/gurgaon/sector-84,gurgaon,very-high,"locality hub",yes
"professional maid service in sector 84",/gurgaon/sector-84,gurgaon,very-high,"locality hub",yes
"best maid service in sector 84",/gurgaon/sector-84,gurgaon,very-high,"locality hub",yes
"verified maid service in sector 84",/gurgaon/sector-84,gurgaon,very-high,"locality hub",yes
"reliable maid service in sector 84",/gurgaon/sector-84,gurgaon,very-high,"locality hub",yes
"maid near me sector 84",/gurgaon/sector-84,gurgaon,very-high,"locality hub",yes
"maid service in sector 84 gurgaon",/gurgaon/sector-84,gurgaon,very-high,"locality hub (alt name, same page)",yes
"maid service in sector 84 gurugram",/gurgaon/sector-84,gurgaon,very-high,"locality hub (alt name, same page)",yes
"full time maid in sector 84",/gurgaon/sector-84/full-time-maid,gurgaon,very-high,"service x locality (full-time-maid)",yes
"live in maid in sector 84",/gurgaon/sector-84/full-time-maid,gurgaon,very-high,"service x locality (full-time-maid)",yes
"24 hours maid in sector 84",/gurgaon/sector-84/full-time-maid,gurgaon,very-high,"service x locality (full-time-maid)",yes
"part time maid in sector 84",/gurgaon/sector-84/part-time-maid,gurgaon,very-high,"service x locality (part-time-maid)",yes
"hourly maid in sector 84",/gurgaon/sector-84/part-time-maid,gurgaon,very-high,"service x locality (part-time-maid)",yes
"morning maid in sector 84",/gurgaon/sector-84/part-time-maid,gurgaon,very-high,"service x locality (part-time-maid)",yes
"cook service in sector 84",/gurgaon/sector-84/cook,gurgaon,very-high,"service x locality (cook)",yes
"home cook in sector 84",/gurgaon/sector-84/cook,gurgaon,very-high,"service x locality (cook)",yes
"cook in sector 84",/gurgaon/sector-84/cook,gurgaon,very-high,"service x locality (cook)",yes
"babysitter in sector 84",/gurgaon/sector-84/babysitter-nanny,gurgaon,very-high,"service x locality (babysitter-nanny)",yes
"nanny service in sector 84",/gurgaon/sector-84/babysitter-nanny,gurgaon,very-high,"service x locality (babysitter-nanny)",yes
"japa maid in sector 84",/gurgaon/sector-84/babysitter-nanny,gurgaon,very-high,"service x locality (babysitter-nanny)",yes
"elder care maid in sector 84",/gurgaon/sector-84/elder-care,gurgaon,very-high,"service x locality (elder-care)",yes
"caretaker for elderly in sector 84",/gurgaon/sector-84/elder-care,gurgaon,very-high,"service x locality (elder-care)",yes
"domestic help in sector 84",/gurgaon/sector-84/domestic-help,gurgaon,very-high,"service x locality (domestic-help)",yes
"house help in sector 84",/gurgaon/sector-84/domestic-help,gurgaon,very-high,"service x locality (domestic-help)",yes
"maid service in sector 85",/gurgaon/sector-85,gurgaon,very-high,"locality hub",yes
"maid agency in sector 85",/gurgaon/sector-85,gurgaon,very-high,"locality hub",yes
"maid provider in sector 85",/gurgaon/sector-85,gurgaon,very-high,"locality hub",yes
"house maid in sector 85",/gurgaon/sector-85,gurgaon,very-high,"locality hub",yes
"housemaid in sector 85",/gurgaon/sector-85,gurgaon,very-high,"locality hub",yes
"professional maid service in sector 85",/gurgaon/sector-85,gurgaon,very-high,"locality hub",yes
"best maid service in sector 85",/gurgaon/sector-85,gurgaon,very-high,"locality hub",yes
"verified maid service in sector 85",/gurgaon/sector-85,gurgaon,very-high,"locality hub",yes
"reliable maid service in sector 85",/gurgaon/sector-85,gurgaon,very-high,"locality hub",yes
"maid near me sector 85",/gurgaon/sector-85,gurgaon,very-high,"locality hub",yes
"maid service in sector 85 gurgaon",/gurgaon/sector-85,gurgaon,very-high,"locality hub (alt name, same page)",yes
"maid service in sector 85 gurugram",/gurgaon/sector-85,gurgaon,very-high,"locality hub (alt name, same page)",yes
"full time maid in sector 85",/gurgaon/sector-85/full-time-maid,gurgaon,very-high,"service x locality (full-time-maid)",yes
"live in maid in sector 85",/gurgaon/sector-85/full-time-maid,gurgaon,very-high,"service x locality (full-time-maid)",yes
"24 hours maid in sector 85",/gurgaon/sector-85/full-time-maid,gurgaon,very-high,"service x locality (full-time-maid)",yes
"part time maid in sector 85",/gurgaon/sector-85/part-time-maid,gurgaon,very-high,"service x locality (part-time-maid)",yes
"hourly maid in sector 85",/gurgaon/sector-85/part-time-maid,gurgaon,very-high,"service x locality (part-time-maid)",yes
"morning maid in sector 85",/gurgaon/sector-85/part-time-maid,gurgaon,very-high,"service x locality (part-time-maid)",yes
"cook service in sector 85",/gurgaon/sector-85/cook,gurgaon,very-high,"service x locality (cook)",yes
"home cook in sector 85",/gurgaon/sector-85/cook,gurgaon,very-high,"service x locality (cook)",yes
"cook in sector 85",/gurgaon/sector-85/cook,gurgaon,very-high,"service x locality (cook)",yes
"babysitter in sector 85",/gurgaon/sector-85/babysitter-nanny,gurgaon,very-high,"service x locality (babysitter-nanny)",yes
"nanny service in sector 85",/gurgaon/sector-85/babysitter-nanny,gurgaon,very-high,"service x locality (babysitter-nanny)",yes
"japa maid in sector 85",/gurgaon/sector-85/babysitter-nanny,gurgaon,very-high,"service x locality (babysitter-nanny)",yes
"elder care maid in sector 85",/gurgaon/sector-85/elder-care,gurgaon,very-high,"service x locality (elder-care)",yes
"caretaker for elderly in sector 85",/gurgaon/sector-85/elder-care,gurgaon,very-high,"service x locality (elder-care)",yes
"domestic help in sector 85",/gurgaon/sector-85/domestic-help,gurgaon,very-high,"service x locality (domestic-help)",yes
"house help in sector 85",/gurgaon/sector-85/domestic-help,gurgaon,very-high,"service x locality (domestic-help)",yes
"maid service in sector 86",/gurgaon/sector-86,gurgaon,very-high,"locality hub",yes
"maid agency in sector 86",/gurgaon/sector-86,gurgaon,very-high,"locality hub",yes
"maid provider in sector 86",/gurgaon/sector-86,gurgaon,very-high,"locality hub",yes
"house maid in sector 86",/gurgaon/sector-86,gurgaon,very-high,"locality hub",yes
"housemaid in sector 86",/gurgaon/sector-86,gurgaon,very-high,"locality hub",yes
"professional maid service in sector 86",/gurgaon/sector-86,gurgaon,very-high,"locality hub",yes
"best maid service in sector 86",/gurgaon/sector-86,gurgaon,very-high,"locality hub",yes
"verified maid service in sector 86",/gurgaon/sector-86,gurgaon,very-high,"locality hub",yes
"reliable maid service in sector 86",/gurgaon/sector-86,gurgaon,very-high,"locality hub",yes
"maid near me sector 86",/gurgaon/sector-86,gurgaon,very-high,"locality hub",yes
"maid service in sector 86 gurgaon",/gurgaon/sector-86,gurgaon,very-high,"locality hub (alt name, same page)",yes
"maid service in sector 86 gurugram",/gurgaon/sector-86,gurgaon,very-high,"locality hub (alt name, same page)",yes
"full time maid in sector 86",/gurgaon/sector-86/full-time-maid,gurgaon,very-high,"service x locality (full-time-maid)",yes
"live in maid in sector 86",/gurgaon/sector-86/full-time-maid,gurgaon,very-high,"service x locality (full-time-maid)",yes
"24 hours maid in sector 86",/gurgaon/sector-86/full-time-maid,gurgaon,very-high,"service x locality (full-time-maid)",yes
"part time maid in sector 86",/gurgaon/sector-86/part-time-maid,gurgaon,very-high,"service x locality (part-time-maid)",yes
"hourly maid in sector 86",/gurgaon/sector-86/part-time-maid,gurgaon,very-high,"service x locality (part-time-maid)",yes
"morning maid in sector 86",/gurgaon/sector-86/part-time-maid,gurgaon,very-high,"service x locality (part-time-maid)",yes
"cook service in sector 86",/gurgaon/sector-86/cook,gurgaon,very-high,"service x locality (cook)",yes
"home cook in sector 86",/gurgaon/sector-86/cook,gurgaon,very-high,"service x locality (cook)",yes
"cook in sector 86",/gurgaon/sector-86/cook,gurgaon,very-high,"service x locality (cook)",yes
"babysitter in sector 86",/gurgaon/sector-86/babysitter-nanny,gurgaon,very-high,"service x locality (babysitter-nanny)",yes
"nanny service in sector 86",/gurgaon/sector-86/babysitter-nanny,gurgaon,very-high,"service x locality (babysitter-nanny)",yes
"japa maid in sector 86",/gurgaon/sector-86/babysitter-nanny,gurgaon,very-high,"service x locality (babysitter-nanny)",yes
"elder care maid in sector 86",/gurgaon/sector-86/elder-care,gurgaon,very-high,"service x locality (elder-care)",yes
"caretaker for elderly in sector 86",/gurgaon/sector-86/elder-care,gurgaon,very-high,"service x locality (elder-care)",yes
"domestic help in sector 86",/gurgaon/sector-86/domestic-help,gurgaon,very-high,"service x locality (domestic-help)",yes
"house help in sector 86",/gurgaon/sector-86/domestic-help,gurgaon,very-high,"service x locality (domestic-help)",yes
"maid service in sector 88",/gurgaon/sector-88,gurgaon,very-high,"locality hub",yes
"maid agency in sector 88",/gurgaon/sector-88,gurgaon,very-high,"locality hub",yes
"maid provider in sector 88",/gurgaon/sector-88,gurgaon,very-high,"locality hub",yes
"house maid in sector 88",/gurgaon/sector-88,gurgaon,very-high,"locality hub",yes
"housemaid in sector 88",/gurgaon/sector-88,gurgaon,very-high,"locality hub",yes
"professional maid service in sector 88",/gurgaon/sector-88,gurgaon,very-high,"locality hub",yes
"best maid service in sector 88",/gurgaon/sector-88,gurgaon,very-high,"locality hub",yes
"verified maid service in sector 88",/gurgaon/sector-88,gurgaon,very-high,"locality hub",yes
"reliable maid service in sector 88",/gurgaon/sector-88,gurgaon,very-high,"locality hub",yes
"maid near me sector 88",/gurgaon/sector-88,gurgaon,very-high,"locality hub",yes
"maid service in sector 88 gurgaon",/gurgaon/sector-88,gurgaon,very-high,"locality hub (alt name, same page)",yes
"maid service in sector 88 gurugram",/gurgaon/sector-88,gurgaon,very-high,"locality hub (alt name, same page)",yes
"full time maid in sector 88",/gurgaon/sector-88/full-time-maid,gurgaon,very-high,"service x locality (full-time-maid)",yes
"live in maid in sector 88",/gurgaon/sector-88/full-time-maid,gurgaon,very-high,"service x locality (full-time-maid)",yes
"24 hours maid in sector 88",/gurgaon/sector-88/full-time-maid,gurgaon,very-high,"service x locality (full-time-maid)",yes
"part time maid in sector 88",/gurgaon/sector-88/part-time-maid,gurgaon,very-high,"service x locality (part-time-maid)",yes
"hourly maid in sector 88",/gurgaon/sector-88/part-time-maid,gurgaon,very-high,"service x locality (part-time-maid)",yes
"morning maid in sector 88",/gurgaon/sector-88/part-time-maid,gurgaon,very-high,"service x locality (part-time-maid)",yes
"cook service in sector 88",/gurgaon/sector-88/cook,gurgaon,very-high,"service x locality (cook)",yes
"home cook in sector 88",/gurgaon/sector-88/cook,gurgaon,very-high,"service x locality (cook)",yes
"cook in sector 88",/gurgaon/sector-88/cook,gurgaon,very-high,"service x locality (cook)",yes
"babysitter in sector 88",/gurgaon/sector-88/babysitter-nanny,gurgaon,very-high,"service x locality (babysitter-nanny)",yes
"nanny service in sector 88",/gurgaon/sector-88/babysitter-nanny,gurgaon,very-high,"service x locality (babysitter-nanny)",yes
"japa maid in sector 88",/gurgaon/sector-88/babysitter-nanny,gurgaon,very-high,"service x locality (babysitter-nanny)",yes
"elder care maid in sector 88",/gurgaon/sector-88/elder-care,gurgaon,very-high,"service x locality (elder-care)",yes
"caretaker for elderly in sector 88",/gurgaon/sector-88/elder-care,gurgaon,very-high,"service x locality (elder-care)",yes
"domestic help in sector 88",/gurgaon/sector-88/domestic-help,gurgaon,very-high,"service x locality (domestic-help)",yes
"house help in sector 88",/gurgaon/sector-88/domestic-help,gurgaon,very-high,"service x locality (domestic-help)",yes
"maid service in manesar",/gurgaon/manesar,gurgaon,high,"locality hub",yes
"maid agency in manesar",/gurgaon/manesar,gurgaon,high,"locality hub",yes
"domestic help in manesar",/gurgaon/manesar,gurgaon,high,"locality hub",yes
"full-time maid in manesar",/gurgaon/manesar/full-time-maid,gurgaon,high,"service x locality (full-time-maid)",yes
"part-time maid in manesar",/gurgaon/manesar/part-time-maid,gurgaon,high,"service x locality (part-time-maid)",yes
"cook in manesar",/gurgaon/manesar/cook,gurgaon,high,"service x locality (cook)",yes
"babysitter / nanny in manesar",/gurgaon/manesar/babysitter-nanny,gurgaon,high,"service x locality (babysitter-nanny)",yes
"elder care in manesar",/gurgaon/manesar/elder-care,gurgaon,high,"service x locality (elder-care)",yes
"maid service in imt manesar",/gurgaon/imt-manesar,gurgaon,high,"locality hub",yes
"maid agency in imt manesar",/gurgaon/imt-manesar,gurgaon,high,"locality hub",yes
"domestic help in imt manesar",/gurgaon/imt-manesar,gurgaon,high,"locality hub",yes
"full-time maid in imt manesar",/gurgaon/imt-manesar/full-time-maid,gurgaon,high,"service x locality (full-time-maid)",yes
"part-time maid in imt manesar",/gurgaon/imt-manesar/part-time-maid,gurgaon,high,"service x locality (part-time-maid)",yes
"cook in imt manesar",/gurgaon/imt-manesar/cook,gurgaon,high,"service x locality (cook)",yes
"babysitter / nanny in imt manesar",/gurgaon/imt-manesar/babysitter-nanny,gurgaon,high,"service x locality (babysitter-nanny)",yes
"elder care in imt manesar",/gurgaon/imt-manesar/elder-care,gurgaon,high,"service x locality (elder-care)",yes
"full-time maid in sector 52",/gurgaon/sector-52/full-time-maid,gurgaon,high,"service x locality (full-time-maid)",yes
"part-time maid in sector 52",/gurgaon/sector-52/part-time-maid,gurgaon,high,"service x locality (part-time-maid)",yes
"babysitter / nanny in sector 52",/gurgaon/sector-52/babysitter-nanny,gurgaon,high,"service x locality (babysitter-nanny)",yes
"elder care in sector 52",/gurgaon/sector-52/elder-care,gurgaon,high,"service x locality (elder-care)",yes
"maid service in fort",/mumbai/fort,mumbai,very-high,"locality hub",yes
"maid agency in fort",/mumbai/fort,mumbai,very-high,"locality hub",yes
"maid provider in fort",/mumbai/fort,mumbai,very-high,"locality hub",yes
"house maid in fort",/mumbai/fort,mumbai,very-high,"locality hub",yes
"housemaid in fort",/mumbai/fort,mumbai,very-high,"locality hub",yes
"professional maid service in fort",/mumbai/fort,mumbai,very-high,"locality hub",yes
"best maid service in fort",/mumbai/fort,mumbai,very-high,"locality hub",yes
"verified maid service in fort",/mumbai/fort,mumbai,very-high,"locality hub",yes
"reliable maid service in fort",/mumbai/fort,mumbai,very-high,"locality hub",yes
"maid near me fort",/mumbai/fort,mumbai,very-high,"locality hub",yes
"full time maid in fort",/mumbai/fort/full-time-maid,mumbai,very-high,"service x locality (full-time-maid)",yes
"live in maid in fort",/mumbai/fort/full-time-maid,mumbai,very-high,"service x locality (full-time-maid)",yes
"24 hours maid in fort",/mumbai/fort/full-time-maid,mumbai,very-high,"service x locality (full-time-maid)",yes
"part time maid in fort",/mumbai/fort/part-time-maid,mumbai,very-high,"service x locality (part-time-maid)",yes
"hourly maid in fort",/mumbai/fort/part-time-maid,mumbai,very-high,"service x locality (part-time-maid)",yes
"morning maid in fort",/mumbai/fort/part-time-maid,mumbai,very-high,"service x locality (part-time-maid)",yes
"cook service in fort",/mumbai/fort/cook,mumbai,very-high,"service x locality (cook)",yes
"home cook in fort",/mumbai/fort/cook,mumbai,very-high,"service x locality (cook)",yes
"cook in fort",/mumbai/fort/cook,mumbai,very-high,"service x locality (cook)",yes
"babysitter in fort",/mumbai/fort/babysitter-nanny,mumbai,very-high,"service x locality (babysitter-nanny)",yes
"nanny service in fort",/mumbai/fort/babysitter-nanny,mumbai,very-high,"service x locality (babysitter-nanny)",yes
"japa maid in fort",/mumbai/fort/babysitter-nanny,mumbai,very-high,"service x locality (babysitter-nanny)",yes
"elder care maid in fort",/mumbai/fort/elder-care,mumbai,very-high,"service x locality (elder-care)",yes
"caretaker for elderly in fort",/mumbai/fort/elder-care,mumbai,very-high,"service x locality (elder-care)",yes
"domestic help in fort",/mumbai/fort/domestic-help,mumbai,very-high,"service x locality (domestic-help)",yes
"house help in fort",/mumbai/fort/domestic-help,mumbai,very-high,"service x locality (domestic-help)",yes
"maid service in colaba",/mumbai/colaba,mumbai,very-high,"locality hub",yes
"maid agency in colaba",/mumbai/colaba,mumbai,very-high,"locality hub",yes
"maid provider in colaba",/mumbai/colaba,mumbai,very-high,"locality hub",yes
"house maid in colaba",/mumbai/colaba,mumbai,very-high,"locality hub",yes
"housemaid in colaba",/mumbai/colaba,mumbai,very-high,"locality hub",yes
"professional maid service in colaba",/mumbai/colaba,mumbai,very-high,"locality hub",yes
"best maid service in colaba",/mumbai/colaba,mumbai,very-high,"locality hub",yes
"verified maid service in colaba",/mumbai/colaba,mumbai,very-high,"locality hub",yes
"reliable maid service in colaba",/mumbai/colaba,mumbai,very-high,"locality hub",yes
"maid near me colaba",/mumbai/colaba,mumbai,very-high,"locality hub",yes
"full time maid in colaba",/mumbai/colaba/full-time-maid,mumbai,very-high,"service x locality (full-time-maid)",yes
"live in maid in colaba",/mumbai/colaba/full-time-maid,mumbai,very-high,"service x locality (full-time-maid)",yes
"24 hours maid in colaba",/mumbai/colaba/full-time-maid,mumbai,very-high,"service x locality (full-time-maid)",yes
"part time maid in colaba",/mumbai/colaba/part-time-maid,mumbai,very-high,"service x locality (part-time-maid)",yes
"hourly maid in colaba",/mumbai/colaba/part-time-maid,mumbai,very-high,"service x locality (part-time-maid)",yes
"morning maid in colaba",/mumbai/colaba/part-time-maid,mumbai,very-high,"service x locality (part-time-maid)",yes
"cook service in colaba",/mumbai/colaba/cook,mumbai,very-high,"service x locality (cook)",yes
"home cook in colaba",/mumbai/colaba/cook,mumbai,very-high,"service x locality (cook)",yes
"cook in colaba",/mumbai/colaba/cook,mumbai,very-high,"service x locality (cook)",yes
"babysitter in colaba",/mumbai/colaba/babysitter-nanny,mumbai,very-high,"service x locality (babysitter-nanny)",yes
"nanny service in colaba",/mumbai/colaba/babysitter-nanny,mumbai,very-high,"service x locality (babysitter-nanny)",yes
"japa maid in colaba",/mumbai/colaba/babysitter-nanny,mumbai,very-high,"service x locality (babysitter-nanny)",yes
"elder care maid in colaba",/mumbai/colaba/elder-care,mumbai,very-high,"service x locality (elder-care)",yes
"caretaker for elderly in colaba",/mumbai/colaba/elder-care,mumbai,very-high,"service x locality (elder-care)",yes
"domestic help in colaba",/mumbai/colaba/domestic-help,mumbai,very-high,"service x locality (domestic-help)",yes
"house help in colaba",/mumbai/colaba/domestic-help,mumbai,very-high,"service x locality (domestic-help)",yes
"maid service in malabar hill",/mumbai/malabar-hill,mumbai,very-high,"locality hub",yes
"maid agency in malabar hill",/mumbai/malabar-hill,mumbai,very-high,"locality hub",yes
"maid provider in malabar hill",/mumbai/malabar-hill,mumbai,very-high,"locality hub",yes
"house maid in malabar hill",/mumbai/malabar-hill,mumbai,very-high,"locality hub",yes
"housemaid in malabar hill",/mumbai/malabar-hill,mumbai,very-high,"locality hub",yes
"professional maid service in malabar hill",/mumbai/malabar-hill,mumbai,very-high,"locality hub",yes
"best maid service in malabar hill",/mumbai/malabar-hill,mumbai,very-high,"locality hub",yes
"verified maid service in malabar hill",/mumbai/malabar-hill,mumbai,very-high,"locality hub",yes
"reliable maid service in malabar hill",/mumbai/malabar-hill,mumbai,very-high,"locality hub",yes
"maid near me malabar hill",/mumbai/malabar-hill,mumbai,very-high,"locality hub",yes
"full time maid in malabar hill",/mumbai/malabar-hill/full-time-maid,mumbai,very-high,"service x locality (full-time-maid)",yes
"live in maid in malabar hill",/mumbai/malabar-hill/full-time-maid,mumbai,very-high,"service x locality (full-time-maid)",yes
"24 hours maid in malabar hill",/mumbai/malabar-hill/full-time-maid,mumbai,very-high,"service x locality (full-time-maid)",yes
"part time maid in malabar hill",/mumbai/malabar-hill/part-time-maid,mumbai,very-high,"service x locality (part-time-maid)",yes
"hourly maid in malabar hill",/mumbai/malabar-hill/part-time-maid,mumbai,very-high,"service x locality (part-time-maid)",yes
"morning maid in malabar hill",/mumbai/malabar-hill/part-time-maid,mumbai,very-high,"service x locality (part-time-maid)",yes
"cook service in malabar hill",/mumbai/malabar-hill/cook,mumbai,very-high,"service x locality (cook)",yes
"home cook in malabar hill",/mumbai/malabar-hill/cook,mumbai,very-high,"service x locality (cook)",yes
"cook in malabar hill",/mumbai/malabar-hill/cook,mumbai,very-high,"service x locality (cook)",yes
"babysitter in malabar hill",/mumbai/malabar-hill/babysitter-nanny,mumbai,very-high,"service x locality (babysitter-nanny)",yes
"nanny service in malabar hill",/mumbai/malabar-hill/babysitter-nanny,mumbai,very-high,"service x locality (babysitter-nanny)",yes
"japa maid in malabar hill",/mumbai/malabar-hill/babysitter-nanny,mumbai,very-high,"service x locality (babysitter-nanny)",yes
"elder care maid in malabar hill",/mumbai/malabar-hill/elder-care,mumbai,very-high,"service x locality (elder-care)",yes
"caretaker for elderly in malabar hill",/mumbai/malabar-hill/elder-care,mumbai,very-high,"service x locality (elder-care)",yes
"domestic help in malabar hill",/mumbai/malabar-hill/domestic-help,mumbai,very-high,"service x locality (domestic-help)",yes
"house help in malabar hill",/mumbai/malabar-hill/domestic-help,mumbai,very-high,"service x locality (domestic-help)",yes
"maid service in worli",/mumbai/worli,mumbai,very-high,"locality hub",yes
"maid agency in worli",/mumbai/worli,mumbai,very-high,"locality hub",yes
"maid provider in worli",/mumbai/worli,mumbai,very-high,"locality hub",yes
"house maid in worli",/mumbai/worli,mumbai,very-high,"locality hub",yes
"housemaid in worli",/mumbai/worli,mumbai,very-high,"locality hub",yes
"professional maid service in worli",/mumbai/worli,mumbai,very-high,"locality hub",yes
"best maid service in worli",/mumbai/worli,mumbai,very-high,"locality hub",yes
"verified maid service in worli",/mumbai/worli,mumbai,very-high,"locality hub",yes
"reliable maid service in worli",/mumbai/worli,mumbai,very-high,"locality hub",yes
"maid near me worli",/mumbai/worli,mumbai,very-high,"locality hub",yes
"full time maid in worli",/mumbai/worli/full-time-maid,mumbai,very-high,"service x locality (full-time-maid)",yes
"live in maid in worli",/mumbai/worli/full-time-maid,mumbai,very-high,"service x locality (full-time-maid)",yes
"24 hours maid in worli",/mumbai/worli/full-time-maid,mumbai,very-high,"service x locality (full-time-maid)",yes
"part time maid in worli",/mumbai/worli/part-time-maid,mumbai,very-high,"service x locality (part-time-maid)",yes
"hourly maid in worli",/mumbai/worli/part-time-maid,mumbai,very-high,"service x locality (part-time-maid)",yes
"morning maid in worli",/mumbai/worli/part-time-maid,mumbai,very-high,"service x locality (part-time-maid)",yes
"cook service in worli",/mumbai/worli/cook,mumbai,very-high,"service x locality (cook)",yes
"home cook in worli",/mumbai/worli/cook,mumbai,very-high,"service x locality (cook)",yes
"cook in worli",/mumbai/worli/cook,mumbai,very-high,"service x locality (cook)",yes
"babysitter in worli",/mumbai/worli/babysitter-nanny,mumbai,very-high,"service x locality (babysitter-nanny)",yes
"nanny service in worli",/mumbai/worli/babysitter-nanny,mumbai,very-high,"service x locality (babysitter-nanny)",yes
"japa maid in worli",/mumbai/worli/babysitter-nanny,mumbai,very-high,"service x locality (babysitter-nanny)",yes
"elder care maid in worli",/mumbai/worli/elder-care,mumbai,very-high,"service x locality (elder-care)",yes
"caretaker for elderly in worli",/mumbai/worli/elder-care,mumbai,very-high,"service x locality (elder-care)",yes
"domestic help in worli",/mumbai/worli/domestic-help,mumbai,very-high,"service x locality (domestic-help)",yes
"house help in worli",/mumbai/worli/domestic-help,mumbai,very-high,"service x locality (domestic-help)",yes
"maid service in nariman point",/mumbai/nariman-point,mumbai,very-high,"locality hub",yes
"maid agency in nariman point",/mumbai/nariman-point,mumbai,very-high,"locality hub",yes
"maid provider in nariman point",/mumbai/nariman-point,mumbai,very-high,"locality hub",yes
"house maid in nariman point",/mumbai/nariman-point,mumbai,very-high,"locality hub",yes
"housemaid in nariman point",/mumbai/nariman-point,mumbai,very-high,"locality hub",yes
"professional maid service in nariman point",/mumbai/nariman-point,mumbai,very-high,"locality hub",yes
"best maid service in nariman point",/mumbai/nariman-point,mumbai,very-high,"locality hub",yes
"verified maid service in nariman point",/mumbai/nariman-point,mumbai,very-high,"locality hub",yes
"reliable maid service in nariman point",/mumbai/nariman-point,mumbai,very-high,"locality hub",yes
"maid near me nariman point",/mumbai/nariman-point,mumbai,very-high,"locality hub",yes
"full time maid in nariman point",/mumbai/nariman-point/full-time-maid,mumbai,very-high,"service x locality (full-time-maid)",yes
"live in maid in nariman point",/mumbai/nariman-point/full-time-maid,mumbai,very-high,"service x locality (full-time-maid)",yes
"24 hours maid in nariman point",/mumbai/nariman-point/full-time-maid,mumbai,very-high,"service x locality (full-time-maid)",yes
"part time maid in nariman point",/mumbai/nariman-point/part-time-maid,mumbai,very-high,"service x locality (part-time-maid)",yes
"hourly maid in nariman point",/mumbai/nariman-point/part-time-maid,mumbai,very-high,"service x locality (part-time-maid)",yes
"morning maid in nariman point",/mumbai/nariman-point/part-time-maid,mumbai,very-high,"service x locality (part-time-maid)",yes
"cook service in nariman point",/mumbai/nariman-point/cook,mumbai,very-high,"service x locality (cook)",yes
"home cook in nariman point",/mumbai/nariman-point/cook,mumbai,very-high,"service x locality (cook)",yes
"cook in nariman point",/mumbai/nariman-point/cook,mumbai,very-high,"service x locality (cook)",yes
"babysitter in nariman point",/mumbai/nariman-point/babysitter-nanny,mumbai,very-high,"service x locality (babysitter-nanny)",yes
"nanny service in nariman point",/mumbai/nariman-point/babysitter-nanny,mumbai,very-high,"service x locality (babysitter-nanny)",yes
"japa maid in nariman point",/mumbai/nariman-point/babysitter-nanny,mumbai,very-high,"service x locality (babysitter-nanny)",yes
"elder care maid in nariman point",/mumbai/nariman-point/elder-care,mumbai,very-high,"service x locality (elder-care)",yes
"caretaker for elderly in nariman point",/mumbai/nariman-point/elder-care,mumbai,very-high,"service x locality (elder-care)",yes
"domestic help in nariman point",/mumbai/nariman-point/domestic-help,mumbai,very-high,"service x locality (domestic-help)",yes
"house help in nariman point",/mumbai/nariman-point/domestic-help,mumbai,very-high,"service x locality (domestic-help)",yes
"maid service in prabhadevi",/mumbai/prabhadevi,mumbai,very-high,"locality hub",yes
"maid agency in prabhadevi",/mumbai/prabhadevi,mumbai,very-high,"locality hub",yes
"maid provider in prabhadevi",/mumbai/prabhadevi,mumbai,very-high,"locality hub",yes
"house maid in prabhadevi",/mumbai/prabhadevi,mumbai,very-high,"locality hub",yes
"housemaid in prabhadevi",/mumbai/prabhadevi,mumbai,very-high,"locality hub",yes
"professional maid service in prabhadevi",/mumbai/prabhadevi,mumbai,very-high,"locality hub",yes
"best maid service in prabhadevi",/mumbai/prabhadevi,mumbai,very-high,"locality hub",yes
"verified maid service in prabhadevi",/mumbai/prabhadevi,mumbai,very-high,"locality hub",yes
"reliable maid service in prabhadevi",/mumbai/prabhadevi,mumbai,very-high,"locality hub",yes
"maid near me prabhadevi",/mumbai/prabhadevi,mumbai,very-high,"locality hub",yes
"full time maid in prabhadevi",/mumbai/prabhadevi/full-time-maid,mumbai,very-high,"service x locality (full-time-maid)",yes
"live in maid in prabhadevi",/mumbai/prabhadevi/full-time-maid,mumbai,very-high,"service x locality (full-time-maid)",yes
"24 hours maid in prabhadevi",/mumbai/prabhadevi/full-time-maid,mumbai,very-high,"service x locality (full-time-maid)",yes
"part time maid in prabhadevi",/mumbai/prabhadevi/part-time-maid,mumbai,very-high,"service x locality (part-time-maid)",yes
"hourly maid in prabhadevi",/mumbai/prabhadevi/part-time-maid,mumbai,very-high,"service x locality (part-time-maid)",yes
"morning maid in prabhadevi",/mumbai/prabhadevi/part-time-maid,mumbai,very-high,"service x locality (part-time-maid)",yes
"cook service in prabhadevi",/mumbai/prabhadevi/cook,mumbai,very-high,"service x locality (cook)",yes
"home cook in prabhadevi",/mumbai/prabhadevi/cook,mumbai,very-high,"service x locality (cook)",yes
"cook in prabhadevi",/mumbai/prabhadevi/cook,mumbai,very-high,"service x locality (cook)",yes
"babysitter in prabhadevi",/mumbai/prabhadevi/babysitter-nanny,mumbai,very-high,"service x locality (babysitter-nanny)",yes
"nanny service in prabhadevi",/mumbai/prabhadevi/babysitter-nanny,mumbai,very-high,"service x locality (babysitter-nanny)",yes
"japa maid in prabhadevi",/mumbai/prabhadevi/babysitter-nanny,mumbai,very-high,"service x locality (babysitter-nanny)",yes
"elder care maid in prabhadevi",/mumbai/prabhadevi/elder-care,mumbai,very-high,"service x locality (elder-care)",yes
"caretaker for elderly in prabhadevi",/mumbai/prabhadevi/elder-care,mumbai,very-high,"service x locality (elder-care)",yes
"domestic help in prabhadevi",/mumbai/prabhadevi/domestic-help,mumbai,very-high,"service x locality (domestic-help)",yes
"house help in prabhadevi",/mumbai/prabhadevi/domestic-help,mumbai,very-high,"service x locality (domestic-help)",yes
"maid service in cumballa hill",/mumbai/cumballa-hill,mumbai,very-high,"locality hub",yes
"maid agency in cumballa hill",/mumbai/cumballa-hill,mumbai,very-high,"locality hub",yes
"maid provider in cumballa hill",/mumbai/cumballa-hill,mumbai,very-high,"locality hub",yes
"house maid in cumballa hill",/mumbai/cumballa-hill,mumbai,very-high,"locality hub",yes
"housemaid in cumballa hill",/mumbai/cumballa-hill,mumbai,very-high,"locality hub",yes
"professional maid service in cumballa hill",/mumbai/cumballa-hill,mumbai,very-high,"locality hub",yes
"best maid service in cumballa hill",/mumbai/cumballa-hill,mumbai,very-high,"locality hub",yes
"verified maid service in cumballa hill",/mumbai/cumballa-hill,mumbai,very-high,"locality hub",yes
"reliable maid service in cumballa hill",/mumbai/cumballa-hill,mumbai,very-high,"locality hub",yes
"maid near me cumballa hill",/mumbai/cumballa-hill,mumbai,very-high,"locality hub",yes
"maid service in cumbala hill",/mumbai/cumballa-hill,mumbai,very-high,"locality hub (alt name, same page)",yes
"full time maid in cumballa hill",/mumbai/cumballa-hill/full-time-maid,mumbai,very-high,"service x locality (full-time-maid)",yes
"live in maid in cumballa hill",/mumbai/cumballa-hill/full-time-maid,mumbai,very-high,"service x locality (full-time-maid)",yes
"24 hours maid in cumballa hill",/mumbai/cumballa-hill/full-time-maid,mumbai,very-high,"service x locality (full-time-maid)",yes
"part time maid in cumballa hill",/mumbai/cumballa-hill/part-time-maid,mumbai,very-high,"service x locality (part-time-maid)",yes
"hourly maid in cumballa hill",/mumbai/cumballa-hill/part-time-maid,mumbai,very-high,"service x locality (part-time-maid)",yes
"morning maid in cumballa hill",/mumbai/cumballa-hill/part-time-maid,mumbai,very-high,"service x locality (part-time-maid)",yes
"cook service in cumballa hill",/mumbai/cumballa-hill/cook,mumbai,very-high,"service x locality (cook)",yes
"home cook in cumballa hill",/mumbai/cumballa-hill/cook,mumbai,very-high,"service x locality (cook)",yes
"cook in cumballa hill",/mumbai/cumballa-hill/cook,mumbai,very-high,"service x locality (cook)",yes
"babysitter in cumballa hill",/mumbai/cumballa-hill/babysitter-nanny,mumbai,very-high,"service x locality (babysitter-nanny)",yes
"nanny service in cumballa hill",/mumbai/cumballa-hill/babysitter-nanny,mumbai,very-high,"service x locality (babysitter-nanny)",yes
"japa maid in cumballa hill",/mumbai/cumballa-hill/babysitter-nanny,mumbai,very-high,"service x locality (babysitter-nanny)",yes
"elder care maid in cumballa hill",/mumbai/cumballa-hill/elder-care,mumbai,very-high,"service x locality (elder-care)",yes
"caretaker for elderly in cumballa hill",/mumbai/cumballa-hill/elder-care,mumbai,very-high,"service x locality (elder-care)",yes
"domestic help in cumballa hill",/mumbai/cumballa-hill/domestic-help,mumbai,very-high,"service x locality (domestic-help)",yes
"house help in cumballa hill",/mumbai/cumballa-hill/domestic-help,mumbai,very-high,"service x locality (domestic-help)",yes
"maid service in tardeo",/mumbai/tardeo,mumbai,very-high,"locality hub",yes
"maid agency in tardeo",/mumbai/tardeo,mumbai,very-high,"locality hub",yes
"maid provider in tardeo",/mumbai/tardeo,mumbai,very-high,"locality hub",yes
"house maid in tardeo",/mumbai/tardeo,mumbai,very-high,"locality hub",yes
"housemaid in tardeo",/mumbai/tardeo,mumbai,very-high,"locality hub",yes
"professional maid service in tardeo",/mumbai/tardeo,mumbai,very-high,"locality hub",yes
"best maid service in tardeo",/mumbai/tardeo,mumbai,very-high,"locality hub",yes
"verified maid service in tardeo",/mumbai/tardeo,mumbai,very-high,"locality hub",yes
"reliable maid service in tardeo",/mumbai/tardeo,mumbai,very-high,"locality hub",yes
"maid near me tardeo",/mumbai/tardeo,mumbai,very-high,"locality hub",yes
"full time maid in tardeo",/mumbai/tardeo/full-time-maid,mumbai,very-high,"service x locality (full-time-maid)",yes
"live in maid in tardeo",/mumbai/tardeo/full-time-maid,mumbai,very-high,"service x locality (full-time-maid)",yes
"24 hours maid in tardeo",/mumbai/tardeo/full-time-maid,mumbai,very-high,"service x locality (full-time-maid)",yes
"part time maid in tardeo",/mumbai/tardeo/part-time-maid,mumbai,very-high,"service x locality (part-time-maid)",yes
"hourly maid in tardeo",/mumbai/tardeo/part-time-maid,mumbai,very-high,"service x locality (part-time-maid)",yes
"morning maid in tardeo",/mumbai/tardeo/part-time-maid,mumbai,very-high,"service x locality (part-time-maid)",yes
"cook service in tardeo",/mumbai/tardeo/cook,mumbai,very-high,"service x locality (cook)",yes
"home cook in tardeo",/mumbai/tardeo/cook,mumbai,very-high,"service x locality (cook)",yes
"cook in tardeo",/mumbai/tardeo/cook,mumbai,very-high,"service x locality (cook)",yes
"babysitter in tardeo",/mumbai/tardeo/babysitter-nanny,mumbai,very-high,"service x locality (babysitter-nanny)",yes
"nanny service in tardeo",/mumbai/tardeo/babysitter-nanny,mumbai,very-high,"service x locality (babysitter-nanny)",yes
"japa maid in tardeo",/mumbai/tardeo/babysitter-nanny,mumbai,very-high,"service x locality (babysitter-nanny)",yes
"elder care maid in tardeo",/mumbai/tardeo/elder-care,mumbai,very-high,"service x locality (elder-care)",yes
"caretaker for elderly in tardeo",/mumbai/tardeo/elder-care,mumbai,very-high,"service x locality (elder-care)",yes
"domestic help in tardeo",/mumbai/tardeo/domestic-help,mumbai,very-high,"service x locality (domestic-help)",yes
"house help in tardeo",/mumbai/tardeo/domestic-help,mumbai,very-high,"service x locality (domestic-help)",yes
"maid service in kalbadevi",/mumbai/kalbadevi,mumbai,high,"locality hub",yes
"maid agency in kalbadevi",/mumbai/kalbadevi,mumbai,high,"locality hub",yes
"domestic help in kalbadevi",/mumbai/kalbadevi,mumbai,high,"locality hub",yes
"full-time maid in kalbadevi",/mumbai/kalbadevi/full-time-maid,mumbai,high,"service x locality (full-time-maid)",yes
"part-time maid in kalbadevi",/mumbai/kalbadevi/part-time-maid,mumbai,high,"service x locality (part-time-maid)",yes
"cook in kalbadevi",/mumbai/kalbadevi/cook,mumbai,high,"service x locality (cook)",yes
"babysitter / nanny in kalbadevi",/mumbai/kalbadevi/babysitter-nanny,mumbai,high,"service x locality (babysitter-nanny)",yes
"elder care in kalbadevi",/mumbai/kalbadevi/elder-care,mumbai,high,"service x locality (elder-care)",yes
"maid service in girgaon",/mumbai/girgaon,mumbai,high,"locality hub",yes
"maid agency in girgaon",/mumbai/girgaon,mumbai,high,"locality hub",yes
"domestic help in girgaon",/mumbai/girgaon,mumbai,high,"locality hub",yes
"full-time maid in girgaon",/mumbai/girgaon/full-time-maid,mumbai,high,"service x locality (full-time-maid)",yes
"part-time maid in girgaon",/mumbai/girgaon/part-time-maid,mumbai,high,"service x locality (part-time-maid)",yes
"cook in girgaon",/mumbai/girgaon/cook,mumbai,high,"service x locality (cook)",yes
"babysitter / nanny in girgaon",/mumbai/girgaon/babysitter-nanny,mumbai,high,"service x locality (babysitter-nanny)",yes
"elder care in girgaon",/mumbai/girgaon/elder-care,mumbai,high,"service x locality (elder-care)",yes
"maid service in grant road",/mumbai/grant-road,mumbai,high,"locality hub",yes
"maid agency in grant road",/mumbai/grant-road,mumbai,high,"locality hub",yes
"domestic help in grant road",/mumbai/grant-road,mumbai,high,"locality hub",yes
"full-time maid in grant road",/mumbai/grant-road/full-time-maid,mumbai,high,"service x locality (full-time-maid)",yes
"part-time maid in grant road",/mumbai/grant-road/part-time-maid,mumbai,high,"service x locality (part-time-maid)",yes
"cook in grant road",/mumbai/grant-road/cook,mumbai,high,"service x locality (cook)",yes
"babysitter / nanny in grant road",/mumbai/grant-road/babysitter-nanny,mumbai,high,"service x locality (babysitter-nanny)",yes
"elder care in grant road",/mumbai/grant-road/elder-care,mumbai,high,"service x locality (elder-care)",yes
"maid service in mumbai central",/mumbai/mumbai-central,mumbai,high,"locality hub",yes
"maid agency in mumbai central",/mumbai/mumbai-central,mumbai,high,"locality hub",yes
"domestic help in mumbai central",/mumbai/mumbai-central,mumbai,high,"locality hub",yes
"full-time maid in mumbai central",/mumbai/mumbai-central/full-time-maid,mumbai,high,"service x locality (full-time-maid)",yes
"part-time maid in mumbai central",/mumbai/mumbai-central/part-time-maid,mumbai,high,"service x locality (part-time-maid)",yes
"cook in mumbai central",/mumbai/mumbai-central/cook,mumbai,high,"service x locality (cook)",no
"babysitter / nanny in mumbai central",/mumbai/mumbai-central/babysitter-nanny,mumbai,high,"service x locality (babysitter-nanny)",yes
"elder care in mumbai central",/mumbai/mumbai-central/elder-care,mumbai,high,"service x locality (elder-care)",yes
"maid service in mazgaon",/mumbai/mazgaon,mumbai,high,"locality hub",yes
"maid agency in mazgaon",/mumbai/mazgaon,mumbai,high,"locality hub",yes
"domestic help in mazgaon",/mumbai/mazgaon,mumbai,high,"locality hub",yes
"full-time maid in mazgaon",/mumbai/mazgaon/full-time-maid,mumbai,high,"service x locality (full-time-maid)",yes
"part-time maid in mazgaon",/mumbai/mazgaon/part-time-maid,mumbai,high,"service x locality (part-time-maid)",yes
"cook in mazgaon",/mumbai/mazgaon/cook,mumbai,high,"service x locality (cook)",yes
"babysitter / nanny in mazgaon",/mumbai/mazgaon/babysitter-nanny,mumbai,high,"service x locality (babysitter-nanny)",yes
"elder care in mazgaon",/mumbai/mazgaon/elder-care,mumbai,high,"service x locality (elder-care)",yes
"maid service in parel",/mumbai/parel,mumbai,high,"locality hub",yes
"maid agency in parel",/mumbai/parel,mumbai,high,"locality hub",yes
"domestic help in parel",/mumbai/parel,mumbai,high,"locality hub",yes
"full-time maid in parel",/mumbai/parel/full-time-maid,mumbai,high,"service x locality (full-time-maid)",yes
"part-time maid in parel",/mumbai/parel/part-time-maid,mumbai,high,"service x locality (part-time-maid)",yes
"cook in parel",/mumbai/parel/cook,mumbai,high,"service x locality (cook)",yes
"babysitter / nanny in parel",/mumbai/parel/babysitter-nanny,mumbai,high,"service x locality (babysitter-nanny)",yes
"elder care in parel",/mumbai/parel/elder-care,mumbai,high,"service x locality (elder-care)",yes
"maid service in sewri",/mumbai/sewri,mumbai,high,"locality hub",yes
"maid agency in sewri",/mumbai/sewri,mumbai,high,"locality hub",yes
"domestic help in sewri",/mumbai/sewri,mumbai,high,"locality hub",yes
"full-time maid in sewri",/mumbai/sewri/full-time-maid,mumbai,high,"service x locality (full-time-maid)",yes
"part-time maid in sewri",/mumbai/sewri/part-time-maid,mumbai,high,"service x locality (part-time-maid)",yes
"cook in sewri",/mumbai/sewri/cook,mumbai,high,"service x locality (cook)",yes
"babysitter / nanny in sewri",/mumbai/sewri/babysitter-nanny,mumbai,high,"service x locality (babysitter-nanny)",yes
"elder care in sewri",/mumbai/sewri/elder-care,mumbai,high,"service x locality (elder-care)",yes
"maid service in wadala",/mumbai/wadala,mumbai,high,"locality hub",yes
"maid agency in wadala",/mumbai/wadala,mumbai,high,"locality hub",yes
"domestic help in wadala",/mumbai/wadala,mumbai,high,"locality hub",yes
"full-time maid in wadala",/mumbai/wadala/full-time-maid,mumbai,high,"service x locality (full-time-maid)",yes
"part-time maid in wadala",/mumbai/wadala/part-time-maid,mumbai,high,"service x locality (part-time-maid)",yes
"cook in wadala",/mumbai/wadala/cook,mumbai,high,"service x locality (cook)",yes
"babysitter / nanny in wadala",/mumbai/wadala/babysitter-nanny,mumbai,high,"service x locality (babysitter-nanny)",yes
"elder care in wadala",/mumbai/wadala/elder-care,mumbai,high,"service x locality (elder-care)",yes
"maid service in antop hill",/mumbai/antop-hill,mumbai,high,"locality hub",yes
"maid agency in antop hill",/mumbai/antop-hill,mumbai,high,"locality hub",yes
"domestic help in antop hill",/mumbai/antop-hill,mumbai,high,"locality hub",yes
"full-time maid in antop hill",/mumbai/antop-hill/full-time-maid,mumbai,high,"service x locality (full-time-maid)",yes
"part-time maid in antop hill",/mumbai/antop-hill/part-time-maid,mumbai,high,"service x locality (part-time-maid)",yes
"cook in antop hill",/mumbai/antop-hill/cook,mumbai,high,"service x locality (cook)",yes
"babysitter / nanny in antop hill",/mumbai/antop-hill/babysitter-nanny,mumbai,high,"service x locality (babysitter-nanny)",yes
"elder care in antop hill",/mumbai/antop-hill/elder-care,mumbai,high,"service x locality (elder-care)",yes
"maid service in dadar",/mumbai/dadar,mumbai,high,"locality hub",yes
"maid agency in dadar",/mumbai/dadar,mumbai,high,"locality hub",yes
"domestic help in dadar",/mumbai/dadar,mumbai,high,"locality hub",yes
"full-time maid in dadar",/mumbai/dadar/full-time-maid,mumbai,high,"service x locality (full-time-maid)",yes
"part-time maid in dadar",/mumbai/dadar/part-time-maid,mumbai,high,"service x locality (part-time-maid)",yes
"cook in dadar",/mumbai/dadar/cook,mumbai,high,"service x locality (cook)",yes
"babysitter / nanny in dadar",/mumbai/dadar/babysitter-nanny,mumbai,high,"service x locality (babysitter-nanny)",yes
"elder care in dadar",/mumbai/dadar/elder-care,mumbai,high,"service x locality (elder-care)",yes
"maid service in mahim",/mumbai/mahim,mumbai,high,"locality hub",yes
"maid agency in mahim",/mumbai/mahim,mumbai,high,"locality hub",yes
"domestic help in mahim",/mumbai/mahim,mumbai,high,"locality hub",yes
"full-time maid in mahim",/mumbai/mahim/full-time-maid,mumbai,high,"service x locality (full-time-maid)",yes
"part-time maid in mahim",/mumbai/mahim/part-time-maid,mumbai,high,"service x locality (part-time-maid)",yes
"cook in mahim",/mumbai/mahim/cook,mumbai,high,"service x locality (cook)",yes
"babysitter / nanny in mahim",/mumbai/mahim/babysitter-nanny,mumbai,high,"service x locality (babysitter-nanny)",yes
"elder care in mahim",/mumbai/mahim/elder-care,mumbai,high,"service x locality (elder-care)",yes
"maid service in matunga",/mumbai/matunga,mumbai,high,"locality hub",yes
"maid agency in matunga",/mumbai/matunga,mumbai,high,"locality hub",yes
"domestic help in matunga",/mumbai/matunga,mumbai,high,"locality hub",yes
"full-time maid in matunga",/mumbai/matunga/full-time-maid,mumbai,high,"service x locality (full-time-maid)",yes
"part-time maid in matunga",/mumbai/matunga/part-time-maid,mumbai,high,"service x locality (part-time-maid)",yes
"cook in matunga",/mumbai/matunga/cook,mumbai,high,"service x locality (cook)",yes
"babysitter / nanny in matunga",/mumbai/matunga/babysitter-nanny,mumbai,high,"service x locality (babysitter-nanny)",yes
"elder care in matunga",/mumbai/matunga/elder-care,mumbai,high,"service x locality (elder-care)",yes
"maid service in sion",/mumbai/sion,mumbai,high,"locality hub",yes
"maid agency in sion",/mumbai/sion,mumbai,high,"locality hub",yes
"domestic help in sion",/mumbai/sion,mumbai,high,"locality hub",yes
"full-time maid in sion",/mumbai/sion/full-time-maid,mumbai,high,"service x locality (full-time-maid)",yes
"part-time maid in sion",/mumbai/sion/part-time-maid,mumbai,high,"service x locality (part-time-maid)",yes
"cook in sion",/mumbai/sion/cook,mumbai,high,"service x locality (cook)",yes
"babysitter / nanny in sion",/mumbai/sion/babysitter-nanny,mumbai,high,"service x locality (babysitter-nanny)",yes
"elder care in sion",/mumbai/sion/elder-care,mumbai,high,"service x locality (elder-care)",yes
"maid service in kurla",/mumbai/kurla,mumbai,high,"locality hub",yes
"maid agency in kurla",/mumbai/kurla,mumbai,high,"locality hub",yes
"domestic help in kurla",/mumbai/kurla,mumbai,high,"locality hub",yes
"full-time maid in kurla",/mumbai/kurla/full-time-maid,mumbai,high,"service x locality (full-time-maid)",yes
"part-time maid in kurla",/mumbai/kurla/part-time-maid,mumbai,high,"service x locality (part-time-maid)",yes
"cook in kurla",/mumbai/kurla/cook,mumbai,high,"service x locality (cook)",yes
"babysitter / nanny in kurla",/mumbai/kurla/babysitter-nanny,mumbai,high,"service x locality (babysitter-nanny)",yes
"elder care in kurla",/mumbai/kurla/elder-care,mumbai,high,"service x locality (elder-care)",yes
"maid service in bandra west",/mumbai/bandra-west,mumbai,very-high,"locality hub",yes
"maid agency in bandra west",/mumbai/bandra-west,mumbai,very-high,"locality hub",yes
"maid provider in bandra west",/mumbai/bandra-west,mumbai,very-high,"locality hub",yes
"house maid in bandra west",/mumbai/bandra-west,mumbai,very-high,"locality hub",yes
"housemaid in bandra west",/mumbai/bandra-west,mumbai,very-high,"locality hub",yes
"professional maid service in bandra west",/mumbai/bandra-west,mumbai,very-high,"locality hub",yes
"best maid service in bandra west",/mumbai/bandra-west,mumbai,very-high,"locality hub",yes
"verified maid service in bandra west",/mumbai/bandra-west,mumbai,very-high,"locality hub",yes
"reliable maid service in bandra west",/mumbai/bandra-west,mumbai,very-high,"locality hub",yes
"maid near me bandra west",/mumbai/bandra-west,mumbai,very-high,"locality hub",yes
"maid service in bandra",/mumbai/bandra-west,mumbai,very-high,"locality hub (alt name, same page)",yes
"full time maid in bandra west",/mumbai/bandra-west/full-time-maid,mumbai,very-high,"service x locality (full-time-maid)",yes
"live in maid in bandra west",/mumbai/bandra-west/full-time-maid,mumbai,very-high,"service x locality (full-time-maid)",yes
"24 hours maid in bandra west",/mumbai/bandra-west/full-time-maid,mumbai,very-high,"service x locality (full-time-maid)",yes
"part time maid in bandra west",/mumbai/bandra-west/part-time-maid,mumbai,very-high,"service x locality (part-time-maid)",yes
"hourly maid in bandra west",/mumbai/bandra-west/part-time-maid,mumbai,very-high,"service x locality (part-time-maid)",yes
"morning maid in bandra west",/mumbai/bandra-west/part-time-maid,mumbai,very-high,"service x locality (part-time-maid)",yes
"cook service in bandra west",/mumbai/bandra-west/cook,mumbai,very-high,"service x locality (cook)",yes
"home cook in bandra west",/mumbai/bandra-west/cook,mumbai,very-high,"service x locality (cook)",yes
"cook in bandra west",/mumbai/bandra-west/cook,mumbai,very-high,"service x locality (cook)",yes
"babysitter in bandra west",/mumbai/bandra-west/babysitter-nanny,mumbai,very-high,"service x locality (babysitter-nanny)",yes
"nanny service in bandra west",/mumbai/bandra-west/babysitter-nanny,mumbai,very-high,"service x locality (babysitter-nanny)",yes
"japa maid in bandra west",/mumbai/bandra-west/babysitter-nanny,mumbai,very-high,"service x locality (babysitter-nanny)",yes
"elder care maid in bandra west",/mumbai/bandra-west/elder-care,mumbai,very-high,"service x locality (elder-care)",yes
"caretaker for elderly in bandra west",/mumbai/bandra-west/elder-care,mumbai,very-high,"service x locality (elder-care)",yes
"domestic help in bandra west",/mumbai/bandra-west/domestic-help,mumbai,very-high,"service x locality (domestic-help)",yes
"house help in bandra west",/mumbai/bandra-west/domestic-help,mumbai,very-high,"service x locality (domestic-help)",yes
"maid service in bandra east",/mumbai/bandra-east,mumbai,very-high,"locality hub",yes
"maid agency in bandra east",/mumbai/bandra-east,mumbai,very-high,"locality hub",yes
"maid provider in bandra east",/mumbai/bandra-east,mumbai,very-high,"locality hub",yes
"house maid in bandra east",/mumbai/bandra-east,mumbai,very-high,"locality hub",yes
"housemaid in bandra east",/mumbai/bandra-east,mumbai,very-high,"locality hub",yes
"professional maid service in bandra east",/mumbai/bandra-east,mumbai,very-high,"locality hub",yes
"best maid service in bandra east",/mumbai/bandra-east,mumbai,very-high,"locality hub",yes
"verified maid service in bandra east",/mumbai/bandra-east,mumbai,very-high,"locality hub",yes
"reliable maid service in bandra east",/mumbai/bandra-east,mumbai,very-high,"locality hub",yes
"maid near me bandra east",/mumbai/bandra-east,mumbai,very-high,"locality hub",yes
"full time maid in bandra east",/mumbai/bandra-east/full-time-maid,mumbai,very-high,"service x locality (full-time-maid)",yes
"live in maid in bandra east",/mumbai/bandra-east/full-time-maid,mumbai,very-high,"service x locality (full-time-maid)",yes
"24 hours maid in bandra east",/mumbai/bandra-east/full-time-maid,mumbai,very-high,"service x locality (full-time-maid)",yes
"part time maid in bandra east",/mumbai/bandra-east/part-time-maid,mumbai,very-high,"service x locality (part-time-maid)",yes
"hourly maid in bandra east",/mumbai/bandra-east/part-time-maid,mumbai,very-high,"service x locality (part-time-maid)",yes
"morning maid in bandra east",/mumbai/bandra-east/part-time-maid,mumbai,very-high,"service x locality (part-time-maid)",yes
"cook service in bandra east",/mumbai/bandra-east/cook,mumbai,very-high,"service x locality (cook)",yes
"home cook in bandra east",/mumbai/bandra-east/cook,mumbai,very-high,"service x locality (cook)",yes
"cook in bandra east",/mumbai/bandra-east/cook,mumbai,very-high,"service x locality (cook)",yes
"babysitter in bandra east",/mumbai/bandra-east/babysitter-nanny,mumbai,very-high,"service x locality (babysitter-nanny)",yes
"nanny service in bandra east",/mumbai/bandra-east/babysitter-nanny,mumbai,very-high,"service x locality (babysitter-nanny)",yes
"japa maid in bandra east",/mumbai/bandra-east/babysitter-nanny,mumbai,very-high,"service x locality (babysitter-nanny)",yes
"elder care maid in bandra east",/mumbai/bandra-east/elder-care,mumbai,very-high,"service x locality (elder-care)",yes
"caretaker for elderly in bandra east",/mumbai/bandra-east/elder-care,mumbai,very-high,"service x locality (elder-care)",yes
"domestic help in bandra east",/mumbai/bandra-east/domestic-help,mumbai,very-high,"service x locality (domestic-help)",yes
"house help in bandra east",/mumbai/bandra-east/domestic-help,mumbai,very-high,"service x locality (domestic-help)",yes
"maid service in khar",/mumbai/khar,mumbai,very-high,"locality hub",yes
"maid agency in khar",/mumbai/khar,mumbai,very-high,"locality hub",yes
"maid provider in khar",/mumbai/khar,mumbai,very-high,"locality hub",yes
"house maid in khar",/mumbai/khar,mumbai,very-high,"locality hub",yes
"housemaid in khar",/mumbai/khar,mumbai,very-high,"locality hub",yes
"professional maid service in khar",/mumbai/khar,mumbai,very-high,"locality hub",yes
"best maid service in khar",/mumbai/khar,mumbai,very-high,"locality hub",yes
"verified maid service in khar",/mumbai/khar,mumbai,very-high,"locality hub",yes
"reliable maid service in khar",/mumbai/khar,mumbai,very-high,"locality hub",yes
"maid near me khar",/mumbai/khar,mumbai,very-high,"locality hub",yes
"maid service in khar west",/mumbai/khar,mumbai,very-high,"locality hub (alt name, same page)",yes
"full time maid in khar",/mumbai/khar/full-time-maid,mumbai,very-high,"service x locality (full-time-maid)",yes
"live in maid in khar",/mumbai/khar/full-time-maid,mumbai,very-high,"service x locality (full-time-maid)",yes
"24 hours maid in khar",/mumbai/khar/full-time-maid,mumbai,very-high,"service x locality (full-time-maid)",yes
"part time maid in khar",/mumbai/khar/part-time-maid,mumbai,very-high,"service x locality (part-time-maid)",yes
"hourly maid in khar",/mumbai/khar/part-time-maid,mumbai,very-high,"service x locality (part-time-maid)",yes
"morning maid in khar",/mumbai/khar/part-time-maid,mumbai,very-high,"service x locality (part-time-maid)",yes
"cook service in khar",/mumbai/khar/cook,mumbai,very-high,"service x locality (cook)",yes
"home cook in khar",/mumbai/khar/cook,mumbai,very-high,"service x locality (cook)",yes
"cook in khar",/mumbai/khar/cook,mumbai,very-high,"service x locality (cook)",yes
"babysitter in khar",/mumbai/khar/babysitter-nanny,mumbai,very-high,"service x locality (babysitter-nanny)",yes
"nanny service in khar",/mumbai/khar/babysitter-nanny,mumbai,very-high,"service x locality (babysitter-nanny)",yes
"japa maid in khar",/mumbai/khar/babysitter-nanny,mumbai,very-high,"service x locality (babysitter-nanny)",yes
"elder care maid in khar",/mumbai/khar/elder-care,mumbai,very-high,"service x locality (elder-care)",yes
"caretaker for elderly in khar",/mumbai/khar/elder-care,mumbai,very-high,"service x locality (elder-care)",yes
"domestic help in khar",/mumbai/khar/domestic-help,mumbai,very-high,"service x locality (domestic-help)",yes
"house help in khar",/mumbai/khar/domestic-help,mumbai,very-high,"service x locality (domestic-help)",yes
"maid service in santacruz west",/mumbai/santacruz-west,mumbai,very-high,"locality hub",yes
"maid agency in santacruz west",/mumbai/santacruz-west,mumbai,very-high,"locality hub",yes
"maid provider in santacruz west",/mumbai/santacruz-west,mumbai,very-high,"locality hub",yes
"house maid in santacruz west",/mumbai/santacruz-west,mumbai,very-high,"locality hub",yes
"housemaid in santacruz west",/mumbai/santacruz-west,mumbai,very-high,"locality hub",yes
"professional maid service in santacruz west",/mumbai/santacruz-west,mumbai,very-high,"locality hub",yes
"best maid service in santacruz west",/mumbai/santacruz-west,mumbai,very-high,"locality hub",yes
"verified maid service in santacruz west",/mumbai/santacruz-west,mumbai,very-high,"locality hub",yes
"reliable maid service in santacruz west",/mumbai/santacruz-west,mumbai,very-high,"locality hub",yes
"maid near me santacruz west",/mumbai/santacruz-west,mumbai,very-high,"locality hub",yes
"maid service in santacruz",/mumbai/santacruz-west,mumbai,very-high,"locality hub (alt name, same page)",yes
"full time maid in santacruz west",/mumbai/santacruz-west/full-time-maid,mumbai,very-high,"service x locality (full-time-maid)",yes
"live in maid in santacruz west",/mumbai/santacruz-west/full-time-maid,mumbai,very-high,"service x locality (full-time-maid)",yes
"24 hours maid in santacruz west",/mumbai/santacruz-west/full-time-maid,mumbai,very-high,"service x locality (full-time-maid)",yes
"part time maid in santacruz west",/mumbai/santacruz-west/part-time-maid,mumbai,very-high,"service x locality (part-time-maid)",yes
"hourly maid in santacruz west",/mumbai/santacruz-west/part-time-maid,mumbai,very-high,"service x locality (part-time-maid)",yes
"morning maid in santacruz west",/mumbai/santacruz-west/part-time-maid,mumbai,very-high,"service x locality (part-time-maid)",yes
"cook service in santacruz west",/mumbai/santacruz-west/cook,mumbai,very-high,"service x locality (cook)",yes
"home cook in santacruz west",/mumbai/santacruz-west/cook,mumbai,very-high,"service x locality (cook)",yes
"cook in santacruz west",/mumbai/santacruz-west/cook,mumbai,very-high,"service x locality (cook)",yes
"babysitter in santacruz west",/mumbai/santacruz-west/babysitter-nanny,mumbai,very-high,"service x locality (babysitter-nanny)",yes
"nanny service in santacruz west",/mumbai/santacruz-west/babysitter-nanny,mumbai,very-high,"service x locality (babysitter-nanny)",yes
"japa maid in santacruz west",/mumbai/santacruz-west/babysitter-nanny,mumbai,very-high,"service x locality (babysitter-nanny)",yes
"elder care maid in santacruz west",/mumbai/santacruz-west/elder-care,mumbai,very-high,"service x locality (elder-care)",yes
"caretaker for elderly in santacruz west",/mumbai/santacruz-west/elder-care,mumbai,very-high,"service x locality (elder-care)",yes
"domestic help in santacruz west",/mumbai/santacruz-west/domestic-help,mumbai,very-high,"service x locality (domestic-help)",yes
"house help in santacruz west",/mumbai/santacruz-west/domestic-help,mumbai,very-high,"service x locality (domestic-help)",yes
"maid service in juhu",/mumbai/juhu,mumbai,very-high,"locality hub",yes
"maid agency in juhu",/mumbai/juhu,mumbai,very-high,"locality hub",yes
"maid provider in juhu",/mumbai/juhu,mumbai,very-high,"locality hub",yes
"house maid in juhu",/mumbai/juhu,mumbai,very-high,"locality hub",yes
"housemaid in juhu",/mumbai/juhu,mumbai,very-high,"locality hub",yes
"professional maid service in juhu",/mumbai/juhu,mumbai,very-high,"locality hub",yes
"best maid service in juhu",/mumbai/juhu,mumbai,very-high,"locality hub",yes
"verified maid service in juhu",/mumbai/juhu,mumbai,very-high,"locality hub",yes
"reliable maid service in juhu",/mumbai/juhu,mumbai,very-high,"locality hub",yes
"maid near me juhu",/mumbai/juhu,mumbai,very-high,"locality hub",yes
"full time maid in juhu",/mumbai/juhu/full-time-maid,mumbai,very-high,"service x locality (full-time-maid)",yes
"live in maid in juhu",/mumbai/juhu/full-time-maid,mumbai,very-high,"service x locality (full-time-maid)",yes
"24 hours maid in juhu",/mumbai/juhu/full-time-maid,mumbai,very-high,"service x locality (full-time-maid)",yes
"part time maid in juhu",/mumbai/juhu/part-time-maid,mumbai,very-high,"service x locality (part-time-maid)",yes
"hourly maid in juhu",/mumbai/juhu/part-time-maid,mumbai,very-high,"service x locality (part-time-maid)",yes
"morning maid in juhu",/mumbai/juhu/part-time-maid,mumbai,very-high,"service x locality (part-time-maid)",yes
"cook service in juhu",/mumbai/juhu/cook,mumbai,very-high,"service x locality (cook)",yes
"home cook in juhu",/mumbai/juhu/cook,mumbai,very-high,"service x locality (cook)",yes
"cook in juhu",/mumbai/juhu/cook,mumbai,very-high,"service x locality (cook)",yes
"babysitter in juhu",/mumbai/juhu/babysitter-nanny,mumbai,very-high,"service x locality (babysitter-nanny)",yes
"nanny service in juhu",/mumbai/juhu/babysitter-nanny,mumbai,very-high,"service x locality (babysitter-nanny)",yes
"japa maid in juhu",/mumbai/juhu/babysitter-nanny,mumbai,very-high,"service x locality (babysitter-nanny)",yes
"elder care maid in juhu",/mumbai/juhu/elder-care,mumbai,very-high,"service x locality (elder-care)",yes
"caretaker for elderly in juhu",/mumbai/juhu/elder-care,mumbai,very-high,"service x locality (elder-care)",yes
"domestic help in juhu",/mumbai/juhu/domestic-help,mumbai,very-high,"service x locality (domestic-help)",yes
"house help in juhu",/mumbai/juhu/domestic-help,mumbai,very-high,"service x locality (domestic-help)",yes
"maid service in vile parle",/mumbai/vile-parle,mumbai,very-high,"locality hub",yes
"maid agency in vile parle",/mumbai/vile-parle,mumbai,very-high,"locality hub",yes
"maid provider in vile parle",/mumbai/vile-parle,mumbai,very-high,"locality hub",yes
"house maid in vile parle",/mumbai/vile-parle,mumbai,very-high,"locality hub",yes
"housemaid in vile parle",/mumbai/vile-parle,mumbai,very-high,"locality hub",yes
"professional maid service in vile parle",/mumbai/vile-parle,mumbai,very-high,"locality hub",yes
"best maid service in vile parle",/mumbai/vile-parle,mumbai,very-high,"locality hub",yes
"verified maid service in vile parle",/mumbai/vile-parle,mumbai,very-high,"locality hub",yes
"reliable maid service in vile parle",/mumbai/vile-parle,mumbai,very-high,"locality hub",yes
"maid near me vile parle",/mumbai/vile-parle,mumbai,very-high,"locality hub",yes
"full time maid in vile parle",/mumbai/vile-parle/full-time-maid,mumbai,very-high,"service x locality (full-time-maid)",yes
"live in maid in vile parle",/mumbai/vile-parle/full-time-maid,mumbai,very-high,"service x locality (full-time-maid)",yes
"24 hours maid in vile parle",/mumbai/vile-parle/full-time-maid,mumbai,very-high,"service x locality (full-time-maid)",yes
"part time maid in vile parle",/mumbai/vile-parle/part-time-maid,mumbai,very-high,"service x locality (part-time-maid)",yes
"hourly maid in vile parle",/mumbai/vile-parle/part-time-maid,mumbai,very-high,"service x locality (part-time-maid)",yes
"morning maid in vile parle",/mumbai/vile-parle/part-time-maid,mumbai,very-high,"service x locality (part-time-maid)",yes
"cook service in vile parle",/mumbai/vile-parle/cook,mumbai,very-high,"service x locality (cook)",yes
"home cook in vile parle",/mumbai/vile-parle/cook,mumbai,very-high,"service x locality (cook)",yes
"cook in vile parle",/mumbai/vile-parle/cook,mumbai,very-high,"service x locality (cook)",yes
"babysitter in vile parle",/mumbai/vile-parle/babysitter-nanny,mumbai,very-high,"service x locality (babysitter-nanny)",yes
"nanny service in vile parle",/mumbai/vile-parle/babysitter-nanny,mumbai,very-high,"service x locality (babysitter-nanny)",yes
"japa maid in vile parle",/mumbai/vile-parle/babysitter-nanny,mumbai,very-high,"service x locality (babysitter-nanny)",yes
"elder care maid in vile parle",/mumbai/vile-parle/elder-care,mumbai,very-high,"service x locality (elder-care)",yes
"caretaker for elderly in vile parle",/mumbai/vile-parle/elder-care,mumbai,very-high,"service x locality (elder-care)",yes
"domestic help in vile parle",/mumbai/vile-parle/domestic-help,mumbai,very-high,"service x locality (domestic-help)",yes
"house help in vile parle",/mumbai/vile-parle/domestic-help,mumbai,very-high,"service x locality (domestic-help)",yes
"maid service in andheri",/mumbai/andheri,mumbai,very-high,"locality hub",yes
"maid agency in andheri",/mumbai/andheri,mumbai,very-high,"locality hub",yes
"maid provider in andheri",/mumbai/andheri,mumbai,very-high,"locality hub",yes
"house maid in andheri",/mumbai/andheri,mumbai,very-high,"locality hub",yes
"housemaid in andheri",/mumbai/andheri,mumbai,very-high,"locality hub",yes
"professional maid service in andheri",/mumbai/andheri,mumbai,very-high,"locality hub",yes
"best maid service in andheri",/mumbai/andheri,mumbai,very-high,"locality hub",yes
"verified maid service in andheri",/mumbai/andheri,mumbai,very-high,"locality hub",yes
"reliable maid service in andheri",/mumbai/andheri,mumbai,very-high,"locality hub",yes
"maid near me andheri",/mumbai/andheri,mumbai,very-high,"locality hub",yes
"full time maid in andheri",/mumbai/andheri/full-time-maid,mumbai,very-high,"service x locality (full-time-maid)",yes
"live in maid in andheri",/mumbai/andheri/full-time-maid,mumbai,very-high,"service x locality (full-time-maid)",yes
"24 hours maid in andheri",/mumbai/andheri/full-time-maid,mumbai,very-high,"service x locality (full-time-maid)",yes
"part time maid in andheri",/mumbai/andheri/part-time-maid,mumbai,very-high,"service x locality (part-time-maid)",yes
"hourly maid in andheri",/mumbai/andheri/part-time-maid,mumbai,very-high,"service x locality (part-time-maid)",yes
"morning maid in andheri",/mumbai/andheri/part-time-maid,mumbai,very-high,"service x locality (part-time-maid)",yes
"cook service in andheri",/mumbai/andheri/cook,mumbai,very-high,"service x locality (cook)",yes
"home cook in andheri",/mumbai/andheri/cook,mumbai,very-high,"service x locality (cook)",yes
"cook in andheri",/mumbai/andheri/cook,mumbai,very-high,"service x locality (cook)",yes
"babysitter in andheri",/mumbai/andheri/babysitter-nanny,mumbai,very-high,"service x locality (babysitter-nanny)",yes
"nanny service in andheri",/mumbai/andheri/babysitter-nanny,mumbai,very-high,"service x locality (babysitter-nanny)",yes
"japa maid in andheri",/mumbai/andheri/babysitter-nanny,mumbai,very-high,"service x locality (babysitter-nanny)",yes
"elder care maid in andheri",/mumbai/andheri/elder-care,mumbai,very-high,"service x locality (elder-care)",yes
"caretaker for elderly in andheri",/mumbai/andheri/elder-care,mumbai,very-high,"service x locality (elder-care)",yes
"domestic help in andheri",/mumbai/andheri/domestic-help,mumbai,very-high,"service x locality (domestic-help)",yes
"house help in andheri",/mumbai/andheri/domestic-help,mumbai,very-high,"service x locality (domestic-help)",yes
"maid service in andheri west",/mumbai/andheri-west,mumbai,very-high,"locality hub",yes
"maid agency in andheri west",/mumbai/andheri-west,mumbai,very-high,"locality hub",yes
"maid provider in andheri west",/mumbai/andheri-west,mumbai,very-high,"locality hub",yes
"house maid in andheri west",/mumbai/andheri-west,mumbai,very-high,"locality hub",yes
"housemaid in andheri west",/mumbai/andheri-west,mumbai,very-high,"locality hub",yes
"professional maid service in andheri west",/mumbai/andheri-west,mumbai,very-high,"locality hub",yes
"best maid service in andheri west",/mumbai/andheri-west,mumbai,very-high,"locality hub",yes
"verified maid service in andheri west",/mumbai/andheri-west,mumbai,very-high,"locality hub",yes
"reliable maid service in andheri west",/mumbai/andheri-west,mumbai,very-high,"locality hub",yes
"maid near me andheri west",/mumbai/andheri-west,mumbai,very-high,"locality hub",yes
"full time maid in andheri west",/mumbai/andheri-west/full-time-maid,mumbai,very-high,"service x locality (full-time-maid)",yes
"live in maid in andheri west",/mumbai/andheri-west/full-time-maid,mumbai,very-high,"service x locality (full-time-maid)",yes
"24 hours maid in andheri west",/mumbai/andheri-west/full-time-maid,mumbai,very-high,"service x locality (full-time-maid)",yes
"part time maid in andheri west",/mumbai/andheri-west/part-time-maid,mumbai,very-high,"service x locality (part-time-maid)",yes
"hourly maid in andheri west",/mumbai/andheri-west/part-time-maid,mumbai,very-high,"service x locality (part-time-maid)",yes
"morning maid in andheri west",/mumbai/andheri-west/part-time-maid,mumbai,very-high,"service x locality (part-time-maid)",yes
"cook service in andheri west",/mumbai/andheri-west/cook,mumbai,very-high,"service x locality (cook)",yes
"home cook in andheri west",/mumbai/andheri-west/cook,mumbai,very-high,"service x locality (cook)",yes
"cook in andheri west",/mumbai/andheri-west/cook,mumbai,very-high,"service x locality (cook)",yes
"babysitter in andheri west",/mumbai/andheri-west/babysitter-nanny,mumbai,very-high,"service x locality (babysitter-nanny)",yes
"nanny service in andheri west",/mumbai/andheri-west/babysitter-nanny,mumbai,very-high,"service x locality (babysitter-nanny)",yes
"japa maid in andheri west",/mumbai/andheri-west/babysitter-nanny,mumbai,very-high,"service x locality (babysitter-nanny)",yes
"elder care maid in andheri west",/mumbai/andheri-west/elder-care,mumbai,very-high,"service x locality (elder-care)",yes
"caretaker for elderly in andheri west",/mumbai/andheri-west/elder-care,mumbai,very-high,"service x locality (elder-care)",yes
"domestic help in andheri west",/mumbai/andheri-west/domestic-help,mumbai,very-high,"service x locality (domestic-help)",yes
"house help in andheri west",/mumbai/andheri-west/domestic-help,mumbai,very-high,"service x locality (domestic-help)",yes
"maid service in andheri east",/mumbai/andheri-east,mumbai,very-high,"locality hub",yes
"maid agency in andheri east",/mumbai/andheri-east,mumbai,very-high,"locality hub",yes
"maid provider in andheri east",/mumbai/andheri-east,mumbai,very-high,"locality hub",yes
"house maid in andheri east",/mumbai/andheri-east,mumbai,very-high,"locality hub",yes
"housemaid in andheri east",/mumbai/andheri-east,mumbai,very-high,"locality hub",yes
"professional maid service in andheri east",/mumbai/andheri-east,mumbai,very-high,"locality hub",yes
"best maid service in andheri east",/mumbai/andheri-east,mumbai,very-high,"locality hub",yes
"verified maid service in andheri east",/mumbai/andheri-east,mumbai,very-high,"locality hub",yes
"reliable maid service in andheri east",/mumbai/andheri-east,mumbai,very-high,"locality hub",yes
"maid near me andheri east",/mumbai/andheri-east,mumbai,very-high,"locality hub",yes
"full time maid in andheri east",/mumbai/andheri-east/full-time-maid,mumbai,very-high,"service x locality (full-time-maid)",yes
"live in maid in andheri east",/mumbai/andheri-east/full-time-maid,mumbai,very-high,"service x locality (full-time-maid)",yes
"24 hours maid in andheri east",/mumbai/andheri-east/full-time-maid,mumbai,very-high,"service x locality (full-time-maid)",yes
"part time maid in andheri east",/mumbai/andheri-east/part-time-maid,mumbai,very-high,"service x locality (part-time-maid)",yes
"hourly maid in andheri east",/mumbai/andheri-east/part-time-maid,mumbai,very-high,"service x locality (part-time-maid)",yes
"morning maid in andheri east",/mumbai/andheri-east/part-time-maid,mumbai,very-high,"service x locality (part-time-maid)",yes
"cook service in andheri east",/mumbai/andheri-east/cook,mumbai,very-high,"service x locality (cook)",yes
"home cook in andheri east",/mumbai/andheri-east/cook,mumbai,very-high,"service x locality (cook)",yes
"cook in andheri east",/mumbai/andheri-east/cook,mumbai,very-high,"service x locality (cook)",yes
"babysitter in andheri east",/mumbai/andheri-east/babysitter-nanny,mumbai,very-high,"service x locality (babysitter-nanny)",yes
"nanny service in andheri east",/mumbai/andheri-east/babysitter-nanny,mumbai,very-high,"service x locality (babysitter-nanny)",yes
"japa maid in andheri east",/mumbai/andheri-east/babysitter-nanny,mumbai,very-high,"service x locality (babysitter-nanny)",yes
"elder care maid in andheri east",/mumbai/andheri-east/elder-care,mumbai,very-high,"service x locality (elder-care)",yes
"caretaker for elderly in andheri east",/mumbai/andheri-east/elder-care,mumbai,very-high,"service x locality (elder-care)",yes
"domestic help in andheri east",/mumbai/andheri-east/domestic-help,mumbai,very-high,"service x locality (domestic-help)",yes
"house help in andheri east",/mumbai/andheri-east/domestic-help,mumbai,very-high,"service x locality (domestic-help)",yes
"maid service in versova",/mumbai/versova,mumbai,very-high,"locality hub",yes
"maid agency in versova",/mumbai/versova,mumbai,very-high,"locality hub",yes
"maid provider in versova",/mumbai/versova,mumbai,very-high,"locality hub",yes
"house maid in versova",/mumbai/versova,mumbai,very-high,"locality hub",yes
"housemaid in versova",/mumbai/versova,mumbai,very-high,"locality hub",yes
"professional maid service in versova",/mumbai/versova,mumbai,very-high,"locality hub",yes
"best maid service in versova",/mumbai/versova,mumbai,very-high,"locality hub",yes
"verified maid service in versova",/mumbai/versova,mumbai,very-high,"locality hub",yes
"reliable maid service in versova",/mumbai/versova,mumbai,very-high,"locality hub",yes
"maid near me versova",/mumbai/versova,mumbai,very-high,"locality hub",yes
"full time maid in versova",/mumbai/versova/full-time-maid,mumbai,very-high,"service x locality (full-time-maid)",yes
"live in maid in versova",/mumbai/versova/full-time-maid,mumbai,very-high,"service x locality (full-time-maid)",yes
"24 hours maid in versova",/mumbai/versova/full-time-maid,mumbai,very-high,"service x locality (full-time-maid)",yes
"part time maid in versova",/mumbai/versova/part-time-maid,mumbai,very-high,"service x locality (part-time-maid)",yes
"hourly maid in versova",/mumbai/versova/part-time-maid,mumbai,very-high,"service x locality (part-time-maid)",yes
"morning maid in versova",/mumbai/versova/part-time-maid,mumbai,very-high,"service x locality (part-time-maid)",yes
"cook service in versova",/mumbai/versova/cook,mumbai,very-high,"service x locality (cook)",yes
"home cook in versova",/mumbai/versova/cook,mumbai,very-high,"service x locality (cook)",yes
"cook in versova",/mumbai/versova/cook,mumbai,very-high,"service x locality (cook)",yes
"babysitter in versova",/mumbai/versova/babysitter-nanny,mumbai,very-high,"service x locality (babysitter-nanny)",yes
"nanny service in versova",/mumbai/versova/babysitter-nanny,mumbai,very-high,"service x locality (babysitter-nanny)",yes
"japa maid in versova",/mumbai/versova/babysitter-nanny,mumbai,very-high,"service x locality (babysitter-nanny)",yes
"elder care maid in versova",/mumbai/versova/elder-care,mumbai,very-high,"service x locality (elder-care)",yes
"caretaker for elderly in versova",/mumbai/versova/elder-care,mumbai,very-high,"service x locality (elder-care)",yes
"domestic help in versova",/mumbai/versova/domestic-help,mumbai,very-high,"service x locality (domestic-help)",yes
"house help in versova",/mumbai/versova/domestic-help,mumbai,very-high,"service x locality (domestic-help)",yes
"maid service in jogeshwari east",/mumbai/jogeshwari-east,mumbai,high,"locality hub",yes
"maid agency in jogeshwari east",/mumbai/jogeshwari-east,mumbai,high,"locality hub",yes
"domestic help in jogeshwari east",/mumbai/jogeshwari-east,mumbai,high,"locality hub",yes
"full-time maid in jogeshwari east",/mumbai/jogeshwari-east/full-time-maid,mumbai,high,"service x locality (full-time-maid)",yes
"part-time maid in jogeshwari east",/mumbai/jogeshwari-east/part-time-maid,mumbai,high,"service x locality (part-time-maid)",yes
"cook in jogeshwari east",/mumbai/jogeshwari-east/cook,mumbai,high,"service x locality (cook)",yes
"babysitter / nanny in jogeshwari east",/mumbai/jogeshwari-east/babysitter-nanny,mumbai,high,"service x locality (babysitter-nanny)",yes
"elder care in jogeshwari east",/mumbai/jogeshwari-east/elder-care,mumbai,high,"service x locality (elder-care)",yes
"maid service in jogeshwari west",/mumbai/jogeshwari-west,mumbai,high,"locality hub",yes
"maid agency in jogeshwari west",/mumbai/jogeshwari-west,mumbai,high,"locality hub",yes
"domestic help in jogeshwari west",/mumbai/jogeshwari-west,mumbai,high,"locality hub",yes
"full-time maid in jogeshwari west",/mumbai/jogeshwari-west/full-time-maid,mumbai,high,"service x locality (full-time-maid)",yes
"part-time maid in jogeshwari west",/mumbai/jogeshwari-west/part-time-maid,mumbai,high,"service x locality (part-time-maid)",yes
"cook in jogeshwari west",/mumbai/jogeshwari-west/cook,mumbai,high,"service x locality (cook)",yes
"babysitter / nanny in jogeshwari west",/mumbai/jogeshwari-west/babysitter-nanny,mumbai,high,"service x locality (babysitter-nanny)",yes
"elder care in jogeshwari west",/mumbai/jogeshwari-west/elder-care,mumbai,high,"service x locality (elder-care)",yes
"maid service in goregaon east",/mumbai/goregaon-east,mumbai,very-high,"locality hub",yes
"maid agency in goregaon east",/mumbai/goregaon-east,mumbai,very-high,"locality hub",yes
"maid provider in goregaon east",/mumbai/goregaon-east,mumbai,very-high,"locality hub",yes
"house maid in goregaon east",/mumbai/goregaon-east,mumbai,very-high,"locality hub",yes
"housemaid in goregaon east",/mumbai/goregaon-east,mumbai,very-high,"locality hub",yes
"professional maid service in goregaon east",/mumbai/goregaon-east,mumbai,very-high,"locality hub",yes
"best maid service in goregaon east",/mumbai/goregaon-east,mumbai,very-high,"locality hub",yes
"verified maid service in goregaon east",/mumbai/goregaon-east,mumbai,very-high,"locality hub",yes
"reliable maid service in goregaon east",/mumbai/goregaon-east,mumbai,very-high,"locality hub",yes
"maid near me goregaon east",/mumbai/goregaon-east,mumbai,very-high,"locality hub",yes
"maid service in goregaon",/mumbai/goregaon-east,mumbai,very-high,"locality hub (alt name, same page)",yes
"full time maid in goregaon east",/mumbai/goregaon-east/full-time-maid,mumbai,very-high,"service x locality (full-time-maid)",yes
"live in maid in goregaon east",/mumbai/goregaon-east/full-time-maid,mumbai,very-high,"service x locality (full-time-maid)",yes
"24 hours maid in goregaon east",/mumbai/goregaon-east/full-time-maid,mumbai,very-high,"service x locality (full-time-maid)",yes
"part time maid in goregaon east",/mumbai/goregaon-east/part-time-maid,mumbai,very-high,"service x locality (part-time-maid)",yes
"hourly maid in goregaon east",/mumbai/goregaon-east/part-time-maid,mumbai,very-high,"service x locality (part-time-maid)",yes
"morning maid in goregaon east",/mumbai/goregaon-east/part-time-maid,mumbai,very-high,"service x locality (part-time-maid)",yes
"cook service in goregaon east",/mumbai/goregaon-east/cook,mumbai,very-high,"service x locality (cook)",yes
"home cook in goregaon east",/mumbai/goregaon-east/cook,mumbai,very-high,"service x locality (cook)",yes
"cook in goregaon east",/mumbai/goregaon-east/cook,mumbai,very-high,"service x locality (cook)",yes
"babysitter in goregaon east",/mumbai/goregaon-east/babysitter-nanny,mumbai,very-high,"service x locality (babysitter-nanny)",yes
"nanny service in goregaon east",/mumbai/goregaon-east/babysitter-nanny,mumbai,very-high,"service x locality (babysitter-nanny)",yes
"japa maid in goregaon east",/mumbai/goregaon-east/babysitter-nanny,mumbai,very-high,"service x locality (babysitter-nanny)",yes
"elder care maid in goregaon east",/mumbai/goregaon-east/elder-care,mumbai,very-high,"service x locality (elder-care)",yes
"caretaker for elderly in goregaon east",/mumbai/goregaon-east/elder-care,mumbai,very-high,"service x locality (elder-care)",yes
"domestic help in goregaon east",/mumbai/goregaon-east/domestic-help,mumbai,very-high,"service x locality (domestic-help)",yes
"house help in goregaon east",/mumbai/goregaon-east/domestic-help,mumbai,very-high,"service x locality (domestic-help)",yes
"maid service in goregaon west",/mumbai/goregaon-west,mumbai,very-high,"locality hub",yes
"maid agency in goregaon west",/mumbai/goregaon-west,mumbai,very-high,"locality hub",yes
"maid provider in goregaon west",/mumbai/goregaon-west,mumbai,very-high,"locality hub",yes
"house maid in goregaon west",/mumbai/goregaon-west,mumbai,very-high,"locality hub",yes
"housemaid in goregaon west",/mumbai/goregaon-west,mumbai,very-high,"locality hub",yes
"professional maid service in goregaon west",/mumbai/goregaon-west,mumbai,very-high,"locality hub",yes
"best maid service in goregaon west",/mumbai/goregaon-west,mumbai,very-high,"locality hub",yes
"verified maid service in goregaon west",/mumbai/goregaon-west,mumbai,very-high,"locality hub",yes
"reliable maid service in goregaon west",/mumbai/goregaon-west,mumbai,very-high,"locality hub",yes
"maid near me goregaon west",/mumbai/goregaon-west,mumbai,very-high,"locality hub",yes
"full time maid in goregaon west",/mumbai/goregaon-west/full-time-maid,mumbai,very-high,"service x locality (full-time-maid)",yes
"live in maid in goregaon west",/mumbai/goregaon-west/full-time-maid,mumbai,very-high,"service x locality (full-time-maid)",yes
"24 hours maid in goregaon west",/mumbai/goregaon-west/full-time-maid,mumbai,very-high,"service x locality (full-time-maid)",yes
"part time maid in goregaon west",/mumbai/goregaon-west/part-time-maid,mumbai,very-high,"service x locality (part-time-maid)",yes
"hourly maid in goregaon west",/mumbai/goregaon-west/part-time-maid,mumbai,very-high,"service x locality (part-time-maid)",yes
"morning maid in goregaon west",/mumbai/goregaon-west/part-time-maid,mumbai,very-high,"service x locality (part-time-maid)",yes
"cook service in goregaon west",/mumbai/goregaon-west/cook,mumbai,very-high,"service x locality (cook)",yes
"home cook in goregaon west",/mumbai/goregaon-west/cook,mumbai,very-high,"service x locality (cook)",yes
"cook in goregaon west",/mumbai/goregaon-west/cook,mumbai,very-high,"service x locality (cook)",yes
"babysitter in goregaon west",/mumbai/goregaon-west/babysitter-nanny,mumbai,very-high,"service x locality (babysitter-nanny)",yes
"nanny service in goregaon west",/mumbai/goregaon-west/babysitter-nanny,mumbai,very-high,"service x locality (babysitter-nanny)",yes
"japa maid in goregaon west",/mumbai/goregaon-west/babysitter-nanny,mumbai,very-high,"service x locality (babysitter-nanny)",yes
"elder care maid in goregaon west",/mumbai/goregaon-west/elder-care,mumbai,very-high,"service x locality (elder-care)",yes
"caretaker for elderly in goregaon west",/mumbai/goregaon-west/elder-care,mumbai,very-high,"service x locality (elder-care)",yes
"domestic help in goregaon west",/mumbai/goregaon-west/domestic-help,mumbai,very-high,"service x locality (domestic-help)",yes
"house help in goregaon west",/mumbai/goregaon-west/domestic-help,mumbai,very-high,"service x locality (domestic-help)",yes
"maid service in malad west",/mumbai/malad-west,mumbai,very-high,"locality hub",yes
"maid agency in malad west",/mumbai/malad-west,mumbai,very-high,"locality hub",yes
"maid provider in malad west",/mumbai/malad-west,mumbai,very-high,"locality hub",yes
"house maid in malad west",/mumbai/malad-west,mumbai,very-high,"locality hub",yes
"housemaid in malad west",/mumbai/malad-west,mumbai,very-high,"locality hub",yes
"professional maid service in malad west",/mumbai/malad-west,mumbai,very-high,"locality hub",yes
"best maid service in malad west",/mumbai/malad-west,mumbai,very-high,"locality hub",yes
"verified maid service in malad west",/mumbai/malad-west,mumbai,very-high,"locality hub",yes
"reliable maid service in malad west",/mumbai/malad-west,mumbai,very-high,"locality hub",yes
"maid near me malad west",/mumbai/malad-west,mumbai,very-high,"locality hub",yes
"maid service in malad",/mumbai/malad-west,mumbai,very-high,"locality hub (alt name, same page)",yes
"full time maid in malad west",/mumbai/malad-west/full-time-maid,mumbai,very-high,"service x locality (full-time-maid)",yes
"live in maid in malad west",/mumbai/malad-west/full-time-maid,mumbai,very-high,"service x locality (full-time-maid)",yes
"24 hours maid in malad west",/mumbai/malad-west/full-time-maid,mumbai,very-high,"service x locality (full-time-maid)",yes
"part time maid in malad west",/mumbai/malad-west/part-time-maid,mumbai,very-high,"service x locality (part-time-maid)",yes
"hourly maid in malad west",/mumbai/malad-west/part-time-maid,mumbai,very-high,"service x locality (part-time-maid)",yes
"morning maid in malad west",/mumbai/malad-west/part-time-maid,mumbai,very-high,"service x locality (part-time-maid)",yes
"cook service in malad west",/mumbai/malad-west/cook,mumbai,very-high,"service x locality (cook)",yes
"home cook in malad west",/mumbai/malad-west/cook,mumbai,very-high,"service x locality (cook)",yes
"cook in malad west",/mumbai/malad-west/cook,mumbai,very-high,"service x locality (cook)",yes
"babysitter in malad west",/mumbai/malad-west/babysitter-nanny,mumbai,very-high,"service x locality (babysitter-nanny)",yes
"nanny service in malad west",/mumbai/malad-west/babysitter-nanny,mumbai,very-high,"service x locality (babysitter-nanny)",yes
"japa maid in malad west",/mumbai/malad-west/babysitter-nanny,mumbai,very-high,"service x locality (babysitter-nanny)",yes
"elder care maid in malad west",/mumbai/malad-west/elder-care,mumbai,very-high,"service x locality (elder-care)",yes
"caretaker for elderly in malad west",/mumbai/malad-west/elder-care,mumbai,very-high,"service x locality (elder-care)",yes
"domestic help in malad west",/mumbai/malad-west/domestic-help,mumbai,very-high,"service x locality (domestic-help)",yes
"house help in malad west",/mumbai/malad-west/domestic-help,mumbai,very-high,"service x locality (domestic-help)",yes
"maid service in malad east",/mumbai/malad-east,mumbai,very-high,"locality hub",yes
"maid agency in malad east",/mumbai/malad-east,mumbai,very-high,"locality hub",yes
"maid provider in malad east",/mumbai/malad-east,mumbai,very-high,"locality hub",yes
"house maid in malad east",/mumbai/malad-east,mumbai,very-high,"locality hub",yes
"housemaid in malad east",/mumbai/malad-east,mumbai,very-high,"locality hub",yes
"professional maid service in malad east",/mumbai/malad-east,mumbai,very-high,"locality hub",yes
"best maid service in malad east",/mumbai/malad-east,mumbai,very-high,"locality hub",yes
"verified maid service in malad east",/mumbai/malad-east,mumbai,very-high,"locality hub",yes
"reliable maid service in malad east",/mumbai/malad-east,mumbai,very-high,"locality hub",yes
"maid near me malad east",/mumbai/malad-east,mumbai,very-high,"locality hub",yes
"full time maid in malad east",/mumbai/malad-east/full-time-maid,mumbai,very-high,"service x locality (full-time-maid)",yes
"live in maid in malad east",/mumbai/malad-east/full-time-maid,mumbai,very-high,"service x locality (full-time-maid)",yes
"24 hours maid in malad east",/mumbai/malad-east/full-time-maid,mumbai,very-high,"service x locality (full-time-maid)",yes
"part time maid in malad east",/mumbai/malad-east/part-time-maid,mumbai,very-high,"service x locality (part-time-maid)",yes
"hourly maid in malad east",/mumbai/malad-east/part-time-maid,mumbai,very-high,"service x locality (part-time-maid)",yes
"morning maid in malad east",/mumbai/malad-east/part-time-maid,mumbai,very-high,"service x locality (part-time-maid)",yes
"cook service in malad east",/mumbai/malad-east/cook,mumbai,very-high,"service x locality (cook)",yes
"home cook in malad east",/mumbai/malad-east/cook,mumbai,very-high,"service x locality (cook)",yes
"cook in malad east",/mumbai/malad-east/cook,mumbai,very-high,"service x locality (cook)",yes
"babysitter in malad east",/mumbai/malad-east/babysitter-nanny,mumbai,very-high,"service x locality (babysitter-nanny)",yes
"nanny service in malad east",/mumbai/malad-east/babysitter-nanny,mumbai,very-high,"service x locality (babysitter-nanny)",yes
"japa maid in malad east",/mumbai/malad-east/babysitter-nanny,mumbai,very-high,"service x locality (babysitter-nanny)",yes
"elder care maid in malad east",/mumbai/malad-east/elder-care,mumbai,very-high,"service x locality (elder-care)",yes
"caretaker for elderly in malad east",/mumbai/malad-east/elder-care,mumbai,very-high,"service x locality (elder-care)",yes
"domestic help in malad east",/mumbai/malad-east/domestic-help,mumbai,very-high,"service x locality (domestic-help)",yes
"house help in malad east",/mumbai/malad-east/domestic-help,mumbai,very-high,"service x locality (domestic-help)",yes
"maid service in kandivali east",/mumbai/kandivali-east,mumbai,very-high,"locality hub",yes
"maid agency in kandivali east",/mumbai/kandivali-east,mumbai,very-high,"locality hub",yes
"maid provider in kandivali east",/mumbai/kandivali-east,mumbai,very-high,"locality hub",yes
"house maid in kandivali east",/mumbai/kandivali-east,mumbai,very-high,"locality hub",yes
"housemaid in kandivali east",/mumbai/kandivali-east,mumbai,very-high,"locality hub",yes
"professional maid service in kandivali east",/mumbai/kandivali-east,mumbai,very-high,"locality hub",yes
"best maid service in kandivali east",/mumbai/kandivali-east,mumbai,very-high,"locality hub",yes
"verified maid service in kandivali east",/mumbai/kandivali-east,mumbai,very-high,"locality hub",yes
"reliable maid service in kandivali east",/mumbai/kandivali-east,mumbai,very-high,"locality hub",yes
"maid near me kandivali east",/mumbai/kandivali-east,mumbai,very-high,"locality hub",yes
"maid service in kandivali",/mumbai/kandivali-east,mumbai,very-high,"locality hub (alt name, same page)",yes
"full time maid in kandivali east",/mumbai/kandivali-east/full-time-maid,mumbai,very-high,"service x locality (full-time-maid)",yes
"live in maid in kandivali east",/mumbai/kandivali-east/full-time-maid,mumbai,very-high,"service x locality (full-time-maid)",yes
"24 hours maid in kandivali east",/mumbai/kandivali-east/full-time-maid,mumbai,very-high,"service x locality (full-time-maid)",yes
"part time maid in kandivali east",/mumbai/kandivali-east/part-time-maid,mumbai,very-high,"service x locality (part-time-maid)",yes
"hourly maid in kandivali east",/mumbai/kandivali-east/part-time-maid,mumbai,very-high,"service x locality (part-time-maid)",yes
"morning maid in kandivali east",/mumbai/kandivali-east/part-time-maid,mumbai,very-high,"service x locality (part-time-maid)",yes
"cook service in kandivali east",/mumbai/kandivali-east/cook,mumbai,very-high,"service x locality (cook)",yes
"home cook in kandivali east",/mumbai/kandivali-east/cook,mumbai,very-high,"service x locality (cook)",yes
"cook in kandivali east",/mumbai/kandivali-east/cook,mumbai,very-high,"service x locality (cook)",yes
"babysitter in kandivali east",/mumbai/kandivali-east/babysitter-nanny,mumbai,very-high,"service x locality (babysitter-nanny)",yes
"nanny service in kandivali east",/mumbai/kandivali-east/babysitter-nanny,mumbai,very-high,"service x locality (babysitter-nanny)",yes
"japa maid in kandivali east",/mumbai/kandivali-east/babysitter-nanny,mumbai,very-high,"service x locality (babysitter-nanny)",yes
"elder care maid in kandivali east",/mumbai/kandivali-east/elder-care,mumbai,very-high,"service x locality (elder-care)",yes
"caretaker for elderly in kandivali east",/mumbai/kandivali-east/elder-care,mumbai,very-high,"service x locality (elder-care)",yes
"domestic help in kandivali east",/mumbai/kandivali-east/domestic-help,mumbai,very-high,"service x locality (domestic-help)",yes
"house help in kandivali east",/mumbai/kandivali-east/domestic-help,mumbai,very-high,"service x locality (domestic-help)",yes
"maid service in kandivali west",/mumbai/kandivali-west,mumbai,very-high,"locality hub",yes
"maid agency in kandivali west",/mumbai/kandivali-west,mumbai,very-high,"locality hub",yes
"maid provider in kandivali west",/mumbai/kandivali-west,mumbai,very-high,"locality hub",yes
"house maid in kandivali west",/mumbai/kandivali-west,mumbai,very-high,"locality hub",yes
"housemaid in kandivali west",/mumbai/kandivali-west,mumbai,very-high,"locality hub",yes
"professional maid service in kandivali west",/mumbai/kandivali-west,mumbai,very-high,"locality hub",yes
"best maid service in kandivali west",/mumbai/kandivali-west,mumbai,very-high,"locality hub",yes
"verified maid service in kandivali west",/mumbai/kandivali-west,mumbai,very-high,"locality hub",yes
"reliable maid service in kandivali west",/mumbai/kandivali-west,mumbai,very-high,"locality hub",yes
"maid near me kandivali west",/mumbai/kandivali-west,mumbai,very-high,"locality hub",yes
"full time maid in kandivali west",/mumbai/kandivali-west/full-time-maid,mumbai,very-high,"service x locality (full-time-maid)",yes
"live in maid in kandivali west",/mumbai/kandivali-west/full-time-maid,mumbai,very-high,"service x locality (full-time-maid)",yes
"24 hours maid in kandivali west",/mumbai/kandivali-west/full-time-maid,mumbai,very-high,"service x locality (full-time-maid)",yes
"part time maid in kandivali west",/mumbai/kandivali-west/part-time-maid,mumbai,very-high,"service x locality (part-time-maid)",yes
"hourly maid in kandivali west",/mumbai/kandivali-west/part-time-maid,mumbai,very-high,"service x locality (part-time-maid)",yes
"morning maid in kandivali west",/mumbai/kandivali-west/part-time-maid,mumbai,very-high,"service x locality (part-time-maid)",yes
"cook service in kandivali west",/mumbai/kandivali-west/cook,mumbai,very-high,"service x locality (cook)",yes
"home cook in kandivali west",/mumbai/kandivali-west/cook,mumbai,very-high,"service x locality (cook)",yes
"cook in kandivali west",/mumbai/kandivali-west/cook,mumbai,very-high,"service x locality (cook)",yes
"babysitter in kandivali west",/mumbai/kandivali-west/babysitter-nanny,mumbai,very-high,"service x locality (babysitter-nanny)",yes
"nanny service in kandivali west",/mumbai/kandivali-west/babysitter-nanny,mumbai,very-high,"service x locality (babysitter-nanny)",yes
"japa maid in kandivali west",/mumbai/kandivali-west/babysitter-nanny,mumbai,very-high,"service x locality (babysitter-nanny)",yes
"elder care maid in kandivali west",/mumbai/kandivali-west/elder-care,mumbai,very-high,"service x locality (elder-care)",yes
"caretaker for elderly in kandivali west",/mumbai/kandivali-west/elder-care,mumbai,very-high,"service x locality (elder-care)",yes
"domestic help in kandivali west",/mumbai/kandivali-west/domestic-help,mumbai,very-high,"service x locality (domestic-help)",yes
"house help in kandivali west",/mumbai/kandivali-west/domestic-help,mumbai,very-high,"service x locality (domestic-help)",yes
"maid service in dahisar",/mumbai/dahisar,mumbai,high,"locality hub",yes
"maid agency in dahisar",/mumbai/dahisar,mumbai,high,"locality hub",yes
"domestic help in dahisar",/mumbai/dahisar,mumbai,high,"locality hub",yes
"full-time maid in dahisar",/mumbai/dahisar/full-time-maid,mumbai,high,"service x locality (full-time-maid)",no
"part-time maid in dahisar",/mumbai/dahisar/part-time-maid,mumbai,high,"service x locality (part-time-maid)",yes
"cook in dahisar",/mumbai/dahisar/cook,mumbai,high,"service x locality (cook)",yes
"babysitter / nanny in dahisar",/mumbai/dahisar/babysitter-nanny,mumbai,high,"service x locality (babysitter-nanny)",no
"elder care in dahisar",/mumbai/dahisar/elder-care,mumbai,high,"service x locality (elder-care)",yes
"maid service in powai",/mumbai/powai,mumbai,very-high,"locality hub",yes
"maid agency in powai",/mumbai/powai,mumbai,very-high,"locality hub",yes
"maid provider in powai",/mumbai/powai,mumbai,very-high,"locality hub",yes
"house maid in powai",/mumbai/powai,mumbai,very-high,"locality hub",yes
"housemaid in powai",/mumbai/powai,mumbai,very-high,"locality hub",yes
"professional maid service in powai",/mumbai/powai,mumbai,very-high,"locality hub",yes
"best maid service in powai",/mumbai/powai,mumbai,very-high,"locality hub",yes
"verified maid service in powai",/mumbai/powai,mumbai,very-high,"locality hub",yes
"reliable maid service in powai",/mumbai/powai,mumbai,very-high,"locality hub",yes
"maid near me powai",/mumbai/powai,mumbai,very-high,"locality hub",yes
"full time maid in powai",/mumbai/powai/full-time-maid,mumbai,very-high,"service x locality (full-time-maid)",yes
"live in maid in powai",/mumbai/powai/full-time-maid,mumbai,very-high,"service x locality (full-time-maid)",yes
"24 hours maid in powai",/mumbai/powai/full-time-maid,mumbai,very-high,"service x locality (full-time-maid)",yes
"part time maid in powai",/mumbai/powai/part-time-maid,mumbai,very-high,"service x locality (part-time-maid)",yes
"hourly maid in powai",/mumbai/powai/part-time-maid,mumbai,very-high,"service x locality (part-time-maid)",yes
"morning maid in powai",/mumbai/powai/part-time-maid,mumbai,very-high,"service x locality (part-time-maid)",yes
"cook service in powai",/mumbai/powai/cook,mumbai,very-high,"service x locality (cook)",yes
"home cook in powai",/mumbai/powai/cook,mumbai,very-high,"service x locality (cook)",yes
"cook in powai",/mumbai/powai/cook,mumbai,very-high,"service x locality (cook)",yes
"babysitter in powai",/mumbai/powai/babysitter-nanny,mumbai,very-high,"service x locality (babysitter-nanny)",yes
"nanny service in powai",/mumbai/powai/babysitter-nanny,mumbai,very-high,"service x locality (babysitter-nanny)",yes
"japa maid in powai",/mumbai/powai/babysitter-nanny,mumbai,very-high,"service x locality (babysitter-nanny)",yes
"elder care maid in powai",/mumbai/powai/elder-care,mumbai,very-high,"service x locality (elder-care)",yes
"caretaker for elderly in powai",/mumbai/powai/elder-care,mumbai,very-high,"service x locality (elder-care)",yes
"domestic help in powai",/mumbai/powai/domestic-help,mumbai,very-high,"service x locality (domestic-help)",yes
"house help in powai",/mumbai/powai/domestic-help,mumbai,very-high,"service x locality (domestic-help)",yes
"maid service in ghatkopar",/mumbai/ghatkopar,mumbai,very-high,"locality hub",yes
"maid agency in ghatkopar",/mumbai/ghatkopar,mumbai,very-high,"locality hub",yes
"maid provider in ghatkopar",/mumbai/ghatkopar,mumbai,very-high,"locality hub",yes
"house maid in ghatkopar",/mumbai/ghatkopar,mumbai,very-high,"locality hub",yes
"housemaid in ghatkopar",/mumbai/ghatkopar,mumbai,very-high,"locality hub",yes
"professional maid service in ghatkopar",/mumbai/ghatkopar,mumbai,very-high,"locality hub",yes
"best maid service in ghatkopar",/mumbai/ghatkopar,mumbai,very-high,"locality hub",yes
"verified maid service in ghatkopar",/mumbai/ghatkopar,mumbai,very-high,"locality hub",yes
"reliable maid service in ghatkopar",/mumbai/ghatkopar,mumbai,very-high,"locality hub",yes
"maid near me ghatkopar",/mumbai/ghatkopar,mumbai,very-high,"locality hub",yes
"maid service in ghatkopar west",/mumbai/ghatkopar,mumbai,very-high,"locality hub (alt name, same page)",yes
"maid service in ghatkopar east",/mumbai/ghatkopar,mumbai,very-high,"locality hub (alt name, same page)",yes
"full time maid in ghatkopar",/mumbai/ghatkopar/full-time-maid,mumbai,very-high,"service x locality (full-time-maid)",yes
"live in maid in ghatkopar",/mumbai/ghatkopar/full-time-maid,mumbai,very-high,"service x locality (full-time-maid)",yes
"24 hours maid in ghatkopar",/mumbai/ghatkopar/full-time-maid,mumbai,very-high,"service x locality (full-time-maid)",yes
"part time maid in ghatkopar",/mumbai/ghatkopar/part-time-maid,mumbai,very-high,"service x locality (part-time-maid)",yes
"hourly maid in ghatkopar",/mumbai/ghatkopar/part-time-maid,mumbai,very-high,"service x locality (part-time-maid)",yes
"morning maid in ghatkopar",/mumbai/ghatkopar/part-time-maid,mumbai,very-high,"service x locality (part-time-maid)",yes
"cook service in ghatkopar",/mumbai/ghatkopar/cook,mumbai,very-high,"service x locality (cook)",yes
"home cook in ghatkopar",/mumbai/ghatkopar/cook,mumbai,very-high,"service x locality (cook)",yes
"cook in ghatkopar",/mumbai/ghatkopar/cook,mumbai,very-high,"service x locality (cook)",yes
"babysitter in ghatkopar",/mumbai/ghatkopar/babysitter-nanny,mumbai,very-high,"service x locality (babysitter-nanny)",yes
"nanny service in ghatkopar",/mumbai/ghatkopar/babysitter-nanny,mumbai,very-high,"service x locality (babysitter-nanny)",yes
"japa maid in ghatkopar",/mumbai/ghatkopar/babysitter-nanny,mumbai,very-high,"service x locality (babysitter-nanny)",yes
"elder care maid in ghatkopar",/mumbai/ghatkopar/elder-care,mumbai,very-high,"service x locality (elder-care)",yes
"caretaker for elderly in ghatkopar",/mumbai/ghatkopar/elder-care,mumbai,very-high,"service x locality (elder-care)",yes
"domestic help in ghatkopar",/mumbai/ghatkopar/domestic-help,mumbai,very-high,"service x locality (domestic-help)",yes
"house help in ghatkopar",/mumbai/ghatkopar/domestic-help,mumbai,very-high,"service x locality (domestic-help)",yes
"maid service in chembur",/mumbai/chembur,mumbai,very-high,"locality hub",yes
"maid agency in chembur",/mumbai/chembur,mumbai,very-high,"locality hub",yes
"maid provider in chembur",/mumbai/chembur,mumbai,very-high,"locality hub",yes
"house maid in chembur",/mumbai/chembur,mumbai,very-high,"locality hub",yes
"housemaid in chembur",/mumbai/chembur,mumbai,very-high,"locality hub",yes
"professional maid service in chembur",/mumbai/chembur,mumbai,very-high,"locality hub",yes
"best maid service in chembur",/mumbai/chembur,mumbai,very-high,"locality hub",yes
"verified maid service in chembur",/mumbai/chembur,mumbai,very-high,"locality hub",yes
"reliable maid service in chembur",/mumbai/chembur,mumbai,very-high,"locality hub",yes
"maid near me chembur",/mumbai/chembur,mumbai,very-high,"locality hub",yes
"full time maid in chembur",/mumbai/chembur/full-time-maid,mumbai,very-high,"service x locality (full-time-maid)",yes
"live in maid in chembur",/mumbai/chembur/full-time-maid,mumbai,very-high,"service x locality (full-time-maid)",yes
"24 hours maid in chembur",/mumbai/chembur/full-time-maid,mumbai,very-high,"service x locality (full-time-maid)",yes
"part time maid in chembur",/mumbai/chembur/part-time-maid,mumbai,very-high,"service x locality (part-time-maid)",yes
"hourly maid in chembur",/mumbai/chembur/part-time-maid,mumbai,very-high,"service x locality (part-time-maid)",yes
"morning maid in chembur",/mumbai/chembur/part-time-maid,mumbai,very-high,"service x locality (part-time-maid)",yes
"cook service in chembur",/mumbai/chembur/cook,mumbai,very-high,"service x locality (cook)",yes
"home cook in chembur",/mumbai/chembur/cook,mumbai,very-high,"service x locality (cook)",yes
"cook in chembur",/mumbai/chembur/cook,mumbai,very-high,"service x locality (cook)",yes
"babysitter in chembur",/mumbai/chembur/babysitter-nanny,mumbai,very-high,"service x locality (babysitter-nanny)",yes
"nanny service in chembur",/mumbai/chembur/babysitter-nanny,mumbai,very-high,"service x locality (babysitter-nanny)",yes
"japa maid in chembur",/mumbai/chembur/babysitter-nanny,mumbai,very-high,"service x locality (babysitter-nanny)",yes
"elder care maid in chembur",/mumbai/chembur/elder-care,mumbai,very-high,"service x locality (elder-care)",yes
"caretaker for elderly in chembur",/mumbai/chembur/elder-care,mumbai,very-high,"service x locality (elder-care)",yes
"domestic help in chembur",/mumbai/chembur/domestic-help,mumbai,very-high,"service x locality (domestic-help)",yes
"house help in chembur",/mumbai/chembur/domestic-help,mumbai,very-high,"service x locality (domestic-help)",yes
"maid service in vikhroli",/mumbai/vikhroli,mumbai,high,"locality hub",yes
"maid agency in vikhroli",/mumbai/vikhroli,mumbai,high,"locality hub",yes
"domestic help in vikhroli",/mumbai/vikhroli,mumbai,high,"locality hub",yes
"full-time maid in vikhroli",/mumbai/vikhroli/full-time-maid,mumbai,high,"service x locality (full-time-maid)",yes
"part-time maid in vikhroli",/mumbai/vikhroli/part-time-maid,mumbai,high,"service x locality (part-time-maid)",yes
"cook in vikhroli",/mumbai/vikhroli/cook,mumbai,high,"service x locality (cook)",yes
"babysitter / nanny in vikhroli",/mumbai/vikhroli/babysitter-nanny,mumbai,high,"service x locality (babysitter-nanny)",yes
"elder care in vikhroli",/mumbai/vikhroli/elder-care,mumbai,high,"service x locality (elder-care)",yes
"maid service in bhandup",/mumbai/bhandup,mumbai,high,"locality hub",yes
"maid agency in bhandup",/mumbai/bhandup,mumbai,high,"locality hub",yes
"domestic help in bhandup",/mumbai/bhandup,mumbai,high,"locality hub",yes
"full-time maid in bhandup",/mumbai/bhandup/full-time-maid,mumbai,high,"service x locality (full-time-maid)",yes
"part-time maid in bhandup",/mumbai/bhandup/part-time-maid,mumbai,high,"service x locality (part-time-maid)",yes
"cook in bhandup",/mumbai/bhandup/cook,mumbai,high,"service x locality (cook)",yes
"babysitter / nanny in bhandup",/mumbai/bhandup/babysitter-nanny,mumbai,high,"service x locality (babysitter-nanny)",yes
"elder care in bhandup",/mumbai/bhandup/elder-care,mumbai,high,"service x locality (elder-care)",yes
"maid service in mulund",/mumbai/mulund,mumbai,high,"locality hub",yes
"maid agency in mulund",/mumbai/mulund,mumbai,high,"locality hub",yes
"domestic help in mulund",/mumbai/mulund,mumbai,high,"locality hub",yes
"full-time maid in mulund",/mumbai/mulund/full-time-maid,mumbai,high,"service x locality (full-time-maid)",yes
"part-time maid in mulund",/mumbai/mulund/part-time-maid,mumbai,high,"service x locality (part-time-maid)",yes
"cook in mulund",/mumbai/mulund/cook,mumbai,high,"service x locality (cook)",yes
"babysitter / nanny in mulund",/mumbai/mulund/babysitter-nanny,mumbai,high,"service x locality (babysitter-nanny)",yes
"elder care in mulund",/mumbai/mulund/elder-care,mumbai,high,"service x locality (elder-care)",yes
"maid service in mulund east",/mumbai/mulund-east,mumbai,high,"locality hub",yes
"maid agency in mulund east",/mumbai/mulund-east,mumbai,high,"locality hub",yes
"domestic help in mulund east",/mumbai/mulund-east,mumbai,high,"locality hub",yes
"full-time maid in mulund east",/mumbai/mulund-east/full-time-maid,mumbai,high,"service x locality (full-time-maid)",yes
"part-time maid in mulund east",/mumbai/mulund-east/part-time-maid,mumbai,high,"service x locality (part-time-maid)",yes
"cook in mulund east",/mumbai/mulund-east/cook,mumbai,high,"service x locality (cook)",yes
"babysitter / nanny in mulund east",/mumbai/mulund-east/babysitter-nanny,mumbai,high,"service x locality (babysitter-nanny)",yes
"elder care in mulund east",/mumbai/mulund-east/elder-care,mumbai,high,"service x locality (elder-care)",yes
"maid service in vashi",/mumbai/vashi,mumbai,high,"locality hub",yes
"maid agency in vashi",/mumbai/vashi,mumbai,high,"locality hub",yes
"domestic help in vashi",/mumbai/vashi,mumbai,high,"locality hub",yes
"full-time maid in vashi",/mumbai/vashi/full-time-maid,mumbai,high,"service x locality (full-time-maid)",yes
"part-time maid in vashi",/mumbai/vashi/part-time-maid,mumbai,high,"service x locality (part-time-maid)",yes
"cook in vashi",/mumbai/vashi/cook,mumbai,high,"service x locality (cook)",no
"babysitter / nanny in vashi",/mumbai/vashi/babysitter-nanny,mumbai,high,"service x locality (babysitter-nanny)",yes
"elder care in vashi",/mumbai/vashi/elder-care,mumbai,high,"service x locality (elder-care)",yes
"maid service in nerul",/mumbai/nerul,mumbai,high,"locality hub",yes
"maid agency in nerul",/mumbai/nerul,mumbai,high,"locality hub",yes
"domestic help in nerul",/mumbai/nerul,mumbai,high,"locality hub",yes
"full-time maid in nerul",/mumbai/nerul/full-time-maid,mumbai,high,"service x locality (full-time-maid)",yes
"part-time maid in nerul",/mumbai/nerul/part-time-maid,mumbai,high,"service x locality (part-time-maid)",yes
"cook in nerul",/mumbai/nerul/cook,mumbai,high,"service x locality (cook)",no
"babysitter / nanny in nerul",/mumbai/nerul/babysitter-nanny,mumbai,high,"service x locality (babysitter-nanny)",yes
"elder care in nerul",/mumbai/nerul/elder-care,mumbai,high,"service x locality (elder-care)",yes
"maid service in sanpada",/mumbai/sanpada,mumbai,high,"locality hub",yes
"maid agency in sanpada",/mumbai/sanpada,mumbai,high,"locality hub",yes
"domestic help in sanpada",/mumbai/sanpada,mumbai,high,"locality hub",yes
"full-time maid in sanpada",/mumbai/sanpada/full-time-maid,mumbai,high,"service x locality (full-time-maid)",yes
"part-time maid in sanpada",/mumbai/sanpada/part-time-maid,mumbai,high,"service x locality (part-time-maid)",yes
"cook in sanpada",/mumbai/sanpada/cook,mumbai,high,"service x locality (cook)",yes
"babysitter / nanny in sanpada",/mumbai/sanpada/babysitter-nanny,mumbai,high,"service x locality (babysitter-nanny)",yes
"elder care in sanpada",/mumbai/sanpada/elder-care,mumbai,high,"service x locality (elder-care)",yes
"maid service in airoli",/mumbai/airoli,mumbai,high,"locality hub",yes
"maid agency in airoli",/mumbai/airoli,mumbai,high,"locality hub",yes
"domestic help in airoli",/mumbai/airoli,mumbai,high,"locality hub",yes
"full-time maid in airoli",/mumbai/airoli/full-time-maid,mumbai,high,"service x locality (full-time-maid)",yes
"part-time maid in airoli",/mumbai/airoli/part-time-maid,mumbai,high,"service x locality (part-time-maid)",yes
"cook in airoli",/mumbai/airoli/cook,mumbai,high,"service x locality (cook)",yes
"babysitter / nanny in airoli",/mumbai/airoli/babysitter-nanny,mumbai,high,"service x locality (babysitter-nanny)",yes
"elder care in airoli",/mumbai/airoli/elder-care,mumbai,high,"service x locality (elder-care)",yes
"maid service in aundh",/pune/aundh,pune,very-high,"locality hub",yes
"maid agency in aundh",/pune/aundh,pune,very-high,"locality hub",yes
"maid provider in aundh",/pune/aundh,pune,very-high,"locality hub",yes
"house maid in aundh",/pune/aundh,pune,very-high,"locality hub",yes
"housemaid in aundh",/pune/aundh,pune,very-high,"locality hub",yes
"professional maid service in aundh",/pune/aundh,pune,very-high,"locality hub",yes
"best maid service in aundh",/pune/aundh,pune,very-high,"locality hub",yes
"verified maid service in aundh",/pune/aundh,pune,very-high,"locality hub",yes
"reliable maid service in aundh",/pune/aundh,pune,very-high,"locality hub",yes
"maid near me aundh",/pune/aundh,pune,very-high,"locality hub",yes
"full time maid in aundh",/pune/aundh/full-time-maid,pune,very-high,"service x locality (full-time-maid)",yes
"live in maid in aundh",/pune/aundh/full-time-maid,pune,very-high,"service x locality (full-time-maid)",yes
"24 hours maid in aundh",/pune/aundh/full-time-maid,pune,very-high,"service x locality (full-time-maid)",yes
"part time maid in aundh",/pune/aundh/part-time-maid,pune,very-high,"service x locality (part-time-maid)",yes
"hourly maid in aundh",/pune/aundh/part-time-maid,pune,very-high,"service x locality (part-time-maid)",yes
"morning maid in aundh",/pune/aundh/part-time-maid,pune,very-high,"service x locality (part-time-maid)",yes
"cook service in aundh",/pune/aundh/cook,pune,very-high,"service x locality (cook)",yes
"home cook in aundh",/pune/aundh/cook,pune,very-high,"service x locality (cook)",yes
"cook in aundh",/pune/aundh/cook,pune,very-high,"service x locality (cook)",yes
"babysitter in aundh",/pune/aundh/babysitter-nanny,pune,very-high,"service x locality (babysitter-nanny)",yes
"nanny service in aundh",/pune/aundh/babysitter-nanny,pune,very-high,"service x locality (babysitter-nanny)",yes
"japa maid in aundh",/pune/aundh/babysitter-nanny,pune,very-high,"service x locality (babysitter-nanny)",yes
"elder care maid in aundh",/pune/aundh/elder-care,pune,very-high,"service x locality (elder-care)",yes
"caretaker for elderly in aundh",/pune/aundh/elder-care,pune,very-high,"service x locality (elder-care)",yes
"domestic help in aundh",/pune/aundh/domestic-help,pune,very-high,"service x locality (domestic-help)",yes
"house help in aundh",/pune/aundh/domestic-help,pune,very-high,"service x locality (domestic-help)",yes
"maid service in baner",/pune/baner,pune,very-high,"locality hub",yes
"maid agency in baner",/pune/baner,pune,very-high,"locality hub",yes
"maid provider in baner",/pune/baner,pune,very-high,"locality hub",yes
"house maid in baner",/pune/baner,pune,very-high,"locality hub",yes
"housemaid in baner",/pune/baner,pune,very-high,"locality hub",yes
"professional maid service in baner",/pune/baner,pune,very-high,"locality hub",yes
"best maid service in baner",/pune/baner,pune,very-high,"locality hub",yes
"verified maid service in baner",/pune/baner,pune,very-high,"locality hub",yes
"reliable maid service in baner",/pune/baner,pune,very-high,"locality hub",yes
"maid near me baner",/pune/baner,pune,very-high,"locality hub",yes
"full time maid in baner",/pune/baner/full-time-maid,pune,very-high,"service x locality (full-time-maid)",yes
"live in maid in baner",/pune/baner/full-time-maid,pune,very-high,"service x locality (full-time-maid)",yes
"24 hours maid in baner",/pune/baner/full-time-maid,pune,very-high,"service x locality (full-time-maid)",yes
"part time maid in baner",/pune/baner/part-time-maid,pune,very-high,"service x locality (part-time-maid)",yes
"hourly maid in baner",/pune/baner/part-time-maid,pune,very-high,"service x locality (part-time-maid)",yes
"morning maid in baner",/pune/baner/part-time-maid,pune,very-high,"service x locality (part-time-maid)",yes
"cook service in baner",/pune/baner/cook,pune,very-high,"service x locality (cook)",yes
"home cook in baner",/pune/baner/cook,pune,very-high,"service x locality (cook)",yes
"cook in baner",/pune/baner/cook,pune,very-high,"service x locality (cook)",yes
"babysitter in baner",/pune/baner/babysitter-nanny,pune,very-high,"service x locality (babysitter-nanny)",yes
"nanny service in baner",/pune/baner/babysitter-nanny,pune,very-high,"service x locality (babysitter-nanny)",yes
"japa maid in baner",/pune/baner/babysitter-nanny,pune,very-high,"service x locality (babysitter-nanny)",yes
"elder care maid in baner",/pune/baner/elder-care,pune,very-high,"service x locality (elder-care)",yes
"caretaker for elderly in baner",/pune/baner/elder-care,pune,very-high,"service x locality (elder-care)",yes
"domestic help in baner",/pune/baner/domestic-help,pune,very-high,"service x locality (domestic-help)",yes
"house help in baner",/pune/baner/domestic-help,pune,very-high,"service x locality (domestic-help)",yes
"maid service in balewadi",/pune/balewadi,pune,very-high,"locality hub",yes
"maid agency in balewadi",/pune/balewadi,pune,very-high,"locality hub",yes
"maid provider in balewadi",/pune/balewadi,pune,very-high,"locality hub",yes
"house maid in balewadi",/pune/balewadi,pune,very-high,"locality hub",yes
"housemaid in balewadi",/pune/balewadi,pune,very-high,"locality hub",yes
"professional maid service in balewadi",/pune/balewadi,pune,very-high,"locality hub",yes
"best maid service in balewadi",/pune/balewadi,pune,very-high,"locality hub",yes
"verified maid service in balewadi",/pune/balewadi,pune,very-high,"locality hub",yes
"reliable maid service in balewadi",/pune/balewadi,pune,very-high,"locality hub",yes
"maid near me balewadi",/pune/balewadi,pune,very-high,"locality hub",yes
"full time maid in balewadi",/pune/balewadi/full-time-maid,pune,very-high,"service x locality (full-time-maid)",yes
"live in maid in balewadi",/pune/balewadi/full-time-maid,pune,very-high,"service x locality (full-time-maid)",yes
"24 hours maid in balewadi",/pune/balewadi/full-time-maid,pune,very-high,"service x locality (full-time-maid)",yes
"part time maid in balewadi",/pune/balewadi/part-time-maid,pune,very-high,"service x locality (part-time-maid)",yes
"hourly maid in balewadi",/pune/balewadi/part-time-maid,pune,very-high,"service x locality (part-time-maid)",yes
"morning maid in balewadi",/pune/balewadi/part-time-maid,pune,very-high,"service x locality (part-time-maid)",yes
"cook service in balewadi",/pune/balewadi/cook,pune,very-high,"service x locality (cook)",yes
"home cook in balewadi",/pune/balewadi/cook,pune,very-high,"service x locality (cook)",yes
"cook in balewadi",/pune/balewadi/cook,pune,very-high,"service x locality (cook)",yes
"babysitter in balewadi",/pune/balewadi/babysitter-nanny,pune,very-high,"service x locality (babysitter-nanny)",yes
"nanny service in balewadi",/pune/balewadi/babysitter-nanny,pune,very-high,"service x locality (babysitter-nanny)",yes
"japa maid in balewadi",/pune/balewadi/babysitter-nanny,pune,very-high,"service x locality (babysitter-nanny)",yes
"elder care maid in balewadi",/pune/balewadi/elder-care,pune,very-high,"service x locality (elder-care)",yes
"caretaker for elderly in balewadi",/pune/balewadi/elder-care,pune,very-high,"service x locality (elder-care)",yes
"domestic help in balewadi",/pune/balewadi/domestic-help,pune,very-high,"service x locality (domestic-help)",yes
"house help in balewadi",/pune/balewadi/domestic-help,pune,very-high,"service x locality (domestic-help)",yes
"maid service in pashan",/pune/pashan,pune,very-high,"locality hub",yes
"maid agency in pashan",/pune/pashan,pune,very-high,"locality hub",yes
"maid provider in pashan",/pune/pashan,pune,very-high,"locality hub",yes
"house maid in pashan",/pune/pashan,pune,very-high,"locality hub",yes
"housemaid in pashan",/pune/pashan,pune,very-high,"locality hub",yes
"professional maid service in pashan",/pune/pashan,pune,very-high,"locality hub",yes
"best maid service in pashan",/pune/pashan,pune,very-high,"locality hub",yes
"verified maid service in pashan",/pune/pashan,pune,very-high,"locality hub",yes
"reliable maid service in pashan",/pune/pashan,pune,very-high,"locality hub",yes
"maid near me pashan",/pune/pashan,pune,very-high,"locality hub",yes
"full time maid in pashan",/pune/pashan/full-time-maid,pune,very-high,"service x locality (full-time-maid)",yes
"live in maid in pashan",/pune/pashan/full-time-maid,pune,very-high,"service x locality (full-time-maid)",yes
"24 hours maid in pashan",/pune/pashan/full-time-maid,pune,very-high,"service x locality (full-time-maid)",yes
"part time maid in pashan",/pune/pashan/part-time-maid,pune,very-high,"service x locality (part-time-maid)",yes
"hourly maid in pashan",/pune/pashan/part-time-maid,pune,very-high,"service x locality (part-time-maid)",yes
"morning maid in pashan",/pune/pashan/part-time-maid,pune,very-high,"service x locality (part-time-maid)",yes
"cook service in pashan",/pune/pashan/cook,pune,very-high,"service x locality (cook)",yes
"home cook in pashan",/pune/pashan/cook,pune,very-high,"service x locality (cook)",yes
"cook in pashan",/pune/pashan/cook,pune,very-high,"service x locality (cook)",yes
"babysitter in pashan",/pune/pashan/babysitter-nanny,pune,very-high,"service x locality (babysitter-nanny)",yes
"nanny service in pashan",/pune/pashan/babysitter-nanny,pune,very-high,"service x locality (babysitter-nanny)",yes
"japa maid in pashan",/pune/pashan/babysitter-nanny,pune,very-high,"service x locality (babysitter-nanny)",yes
"elder care maid in pashan",/pune/pashan/elder-care,pune,very-high,"service x locality (elder-care)",yes
"caretaker for elderly in pashan",/pune/pashan/elder-care,pune,very-high,"service x locality (elder-care)",yes
"domestic help in pashan",/pune/pashan/domestic-help,pune,very-high,"service x locality (domestic-help)",yes
"house help in pashan",/pune/pashan/domestic-help,pune,very-high,"service x locality (domestic-help)",yes
"maid service in sus",/pune/sus,pune,high,"locality hub",yes
"maid agency in sus",/pune/sus,pune,high,"locality hub",yes
"domestic help in sus",/pune/sus,pune,high,"locality hub",yes
"full-time maid in sus",/pune/sus/full-time-maid,pune,high,"service x locality (full-time-maid)",yes
"part-time maid in sus",/pune/sus/part-time-maid,pune,high,"service x locality (part-time-maid)",yes
"cook in sus",/pune/sus/cook,pune,high,"service x locality (cook)",yes
"babysitter / nanny in sus",/pune/sus/babysitter-nanny,pune,high,"service x locality (babysitter-nanny)",yes
"elder care in sus",/pune/sus/elder-care,pune,high,"service x locality (elder-care)",yes
"maid service in bavdhan",/pune/bavdhan,pune,very-high,"locality hub",yes
"maid agency in bavdhan",/pune/bavdhan,pune,very-high,"locality hub",yes
"maid provider in bavdhan",/pune/bavdhan,pune,very-high,"locality hub",yes
"house maid in bavdhan",/pune/bavdhan,pune,very-high,"locality hub",yes
"housemaid in bavdhan",/pune/bavdhan,pune,very-high,"locality hub",yes
"professional maid service in bavdhan",/pune/bavdhan,pune,very-high,"locality hub",yes
"best maid service in bavdhan",/pune/bavdhan,pune,very-high,"locality hub",yes
"verified maid service in bavdhan",/pune/bavdhan,pune,very-high,"locality hub",yes
"reliable maid service in bavdhan",/pune/bavdhan,pune,very-high,"locality hub",yes
"maid near me bavdhan",/pune/bavdhan,pune,very-high,"locality hub",yes
"full time maid in bavdhan",/pune/bavdhan/full-time-maid,pune,very-high,"service x locality (full-time-maid)",yes
"live in maid in bavdhan",/pune/bavdhan/full-time-maid,pune,very-high,"service x locality (full-time-maid)",yes
"24 hours maid in bavdhan",/pune/bavdhan/full-time-maid,pune,very-high,"service x locality (full-time-maid)",yes
"part time maid in bavdhan",/pune/bavdhan/part-time-maid,pune,very-high,"service x locality (part-time-maid)",yes
"hourly maid in bavdhan",/pune/bavdhan/part-time-maid,pune,very-high,"service x locality (part-time-maid)",yes
"morning maid in bavdhan",/pune/bavdhan/part-time-maid,pune,very-high,"service x locality (part-time-maid)",yes
"cook service in bavdhan",/pune/bavdhan/cook,pune,very-high,"service x locality (cook)",yes
"home cook in bavdhan",/pune/bavdhan/cook,pune,very-high,"service x locality (cook)",yes
"cook in bavdhan",/pune/bavdhan/cook,pune,very-high,"service x locality (cook)",yes
"babysitter in bavdhan",/pune/bavdhan/babysitter-nanny,pune,very-high,"service x locality (babysitter-nanny)",yes
"nanny service in bavdhan",/pune/bavdhan/babysitter-nanny,pune,very-high,"service x locality (babysitter-nanny)",yes
"japa maid in bavdhan",/pune/bavdhan/babysitter-nanny,pune,very-high,"service x locality (babysitter-nanny)",yes
"elder care maid in bavdhan",/pune/bavdhan/elder-care,pune,very-high,"service x locality (elder-care)",yes
"caretaker for elderly in bavdhan",/pune/bavdhan/elder-care,pune,very-high,"service x locality (elder-care)",yes
"domestic help in bavdhan",/pune/bavdhan/domestic-help,pune,very-high,"service x locality (domestic-help)",yes
"house help in bavdhan",/pune/bavdhan/domestic-help,pune,very-high,"service x locality (domestic-help)",yes
"maid service in wakad",/pune/wakad,pune,very-high,"locality hub",yes
"maid agency in wakad",/pune/wakad,pune,very-high,"locality hub",yes
"maid provider in wakad",/pune/wakad,pune,very-high,"locality hub",yes
"house maid in wakad",/pune/wakad,pune,very-high,"locality hub",yes
"housemaid in wakad",/pune/wakad,pune,very-high,"locality hub",yes
"professional maid service in wakad",/pune/wakad,pune,very-high,"locality hub",yes
"best maid service in wakad",/pune/wakad,pune,very-high,"locality hub",yes
"verified maid service in wakad",/pune/wakad,pune,very-high,"locality hub",yes
"reliable maid service in wakad",/pune/wakad,pune,very-high,"locality hub",yes
"maid near me wakad",/pune/wakad,pune,very-high,"locality hub",yes
"full time maid in wakad",/pune/wakad/full-time-maid,pune,very-high,"service x locality (full-time-maid)",yes
"live in maid in wakad",/pune/wakad/full-time-maid,pune,very-high,"service x locality (full-time-maid)",yes
"24 hours maid in wakad",/pune/wakad/full-time-maid,pune,very-high,"service x locality (full-time-maid)",yes
"part time maid in wakad",/pune/wakad/part-time-maid,pune,very-high,"service x locality (part-time-maid)",yes
"hourly maid in wakad",/pune/wakad/part-time-maid,pune,very-high,"service x locality (part-time-maid)",yes
"morning maid in wakad",/pune/wakad/part-time-maid,pune,very-high,"service x locality (part-time-maid)",yes
"cook service in wakad",/pune/wakad/cook,pune,very-high,"service x locality (cook)",yes
"home cook in wakad",/pune/wakad/cook,pune,very-high,"service x locality (cook)",yes
"cook in wakad",/pune/wakad/cook,pune,very-high,"service x locality (cook)",yes
"babysitter in wakad",/pune/wakad/babysitter-nanny,pune,very-high,"service x locality (babysitter-nanny)",yes
"nanny service in wakad",/pune/wakad/babysitter-nanny,pune,very-high,"service x locality (babysitter-nanny)",yes
"japa maid in wakad",/pune/wakad/babysitter-nanny,pune,very-high,"service x locality (babysitter-nanny)",yes
"elder care maid in wakad",/pune/wakad/elder-care,pune,very-high,"service x locality (elder-care)",yes
"caretaker for elderly in wakad",/pune/wakad/elder-care,pune,very-high,"service x locality (elder-care)",yes
"domestic help in wakad",/pune/wakad/domestic-help,pune,very-high,"service x locality (domestic-help)",yes
"house help in wakad",/pune/wakad/domestic-help,pune,very-high,"service x locality (domestic-help)",yes
"maid service in hinjawadi",/pune/hinjawadi,pune,very-high,"locality hub",yes
"maid agency in hinjawadi",/pune/hinjawadi,pune,very-high,"locality hub",yes
"maid provider in hinjawadi",/pune/hinjawadi,pune,very-high,"locality hub",yes
"house maid in hinjawadi",/pune/hinjawadi,pune,very-high,"locality hub",yes
"housemaid in hinjawadi",/pune/hinjawadi,pune,very-high,"locality hub",yes
"professional maid service in hinjawadi",/pune/hinjawadi,pune,very-high,"locality hub",yes
"best maid service in hinjawadi",/pune/hinjawadi,pune,very-high,"locality hub",yes
"verified maid service in hinjawadi",/pune/hinjawadi,pune,very-high,"locality hub",yes
"reliable maid service in hinjawadi",/pune/hinjawadi,pune,very-high,"locality hub",yes
"maid near me hinjawadi",/pune/hinjawadi,pune,very-high,"locality hub",yes
"maid service in hinjewadi",/pune/hinjawadi,pune,very-high,"locality hub (alt name, same page)",yes
"full time maid in hinjawadi",/pune/hinjawadi/full-time-maid,pune,very-high,"service x locality (full-time-maid)",yes
"live in maid in hinjawadi",/pune/hinjawadi/full-time-maid,pune,very-high,"service x locality (full-time-maid)",yes
"24 hours maid in hinjawadi",/pune/hinjawadi/full-time-maid,pune,very-high,"service x locality (full-time-maid)",yes
"part time maid in hinjawadi",/pune/hinjawadi/part-time-maid,pune,very-high,"service x locality (part-time-maid)",yes
"hourly maid in hinjawadi",/pune/hinjawadi/part-time-maid,pune,very-high,"service x locality (part-time-maid)",yes
"morning maid in hinjawadi",/pune/hinjawadi/part-time-maid,pune,very-high,"service x locality (part-time-maid)",yes
"cook service in hinjawadi",/pune/hinjawadi/cook,pune,very-high,"service x locality (cook)",yes
"home cook in hinjawadi",/pune/hinjawadi/cook,pune,very-high,"service x locality (cook)",yes
"cook in hinjawadi",/pune/hinjawadi/cook,pune,very-high,"service x locality (cook)",yes
"babysitter in hinjawadi",/pune/hinjawadi/babysitter-nanny,pune,very-high,"service x locality (babysitter-nanny)",yes
"nanny service in hinjawadi",/pune/hinjawadi/babysitter-nanny,pune,very-high,"service x locality (babysitter-nanny)",yes
"japa maid in hinjawadi",/pune/hinjawadi/babysitter-nanny,pune,very-high,"service x locality (babysitter-nanny)",yes
"elder care maid in hinjawadi",/pune/hinjawadi/elder-care,pune,very-high,"service x locality (elder-care)",yes
"caretaker for elderly in hinjawadi",/pune/hinjawadi/elder-care,pune,very-high,"service x locality (elder-care)",yes
"domestic help in hinjawadi",/pune/hinjawadi/domestic-help,pune,very-high,"service x locality (domestic-help)",yes
"house help in hinjawadi",/pune/hinjawadi/domestic-help,pune,very-high,"service x locality (domestic-help)",yes
"maid service in pune camp",/pune/pune-camp,pune,high,"locality hub",yes
"maid agency in pune camp",/pune/pune-camp,pune,high,"locality hub",yes
"domestic help in pune camp",/pune/pune-camp,pune,high,"locality hub",yes
"full-time maid in pune camp",/pune/pune-camp/full-time-maid,pune,high,"service x locality (full-time-maid)",yes
"part-time maid in pune camp",/pune/pune-camp/part-time-maid,pune,high,"service x locality (part-time-maid)",yes
"cook in pune camp",/pune/pune-camp/cook,pune,high,"service x locality (cook)",yes
"babysitter / nanny in pune camp",/pune/pune-camp/babysitter-nanny,pune,high,"service x locality (babysitter-nanny)",yes
"elder care in pune camp",/pune/pune-camp/elder-care,pune,high,"service x locality (elder-care)",yes
"maid service in deccan",/pune/deccan,pune,high,"locality hub",yes
"maid agency in deccan",/pune/deccan,pune,high,"locality hub",yes
"domestic help in deccan",/pune/deccan,pune,high,"locality hub",yes
"full-time maid in deccan",/pune/deccan/full-time-maid,pune,high,"service x locality (full-time-maid)",yes
"part-time maid in deccan",/pune/deccan/part-time-maid,pune,high,"service x locality (part-time-maid)",yes
"cook in deccan",/pune/deccan/cook,pune,high,"service x locality (cook)",yes
"babysitter / nanny in deccan",/pune/deccan/babysitter-nanny,pune,high,"service x locality (babysitter-nanny)",yes
"elder care in deccan",/pune/deccan/elder-care,pune,high,"service x locality (elder-care)",yes
"maid service in deccan gymkhana",/pune/deccan-gymkhana,pune,high,"locality hub",yes
"maid agency in deccan gymkhana",/pune/deccan-gymkhana,pune,high,"locality hub",yes
"domestic help in deccan gymkhana",/pune/deccan-gymkhana,pune,high,"locality hub",yes
"full-time maid in deccan gymkhana",/pune/deccan-gymkhana/full-time-maid,pune,high,"service x locality (full-time-maid)",yes
"part-time maid in deccan gymkhana",/pune/deccan-gymkhana/part-time-maid,pune,high,"service x locality (part-time-maid)",yes
"cook in deccan gymkhana",/pune/deccan-gymkhana/cook,pune,high,"service x locality (cook)",yes
"babysitter / nanny in deccan gymkhana",/pune/deccan-gymkhana/babysitter-nanny,pune,high,"service x locality (babysitter-nanny)",yes
"elder care in deccan gymkhana",/pune/deccan-gymkhana/elder-care,pune,high,"service x locality (elder-care)",yes
"maid service in shivajinagar",/pune/shivajinagar,pune,high,"locality hub",yes
"maid agency in shivajinagar",/pune/shivajinagar,pune,high,"locality hub",yes
"domestic help in shivajinagar",/pune/shivajinagar,pune,high,"locality hub",yes
"full-time maid in shivajinagar",/pune/shivajinagar/full-time-maid,pune,high,"service x locality (full-time-maid)",yes
"part-time maid in shivajinagar",/pune/shivajinagar/part-time-maid,pune,high,"service x locality (part-time-maid)",yes
"cook in shivajinagar",/pune/shivajinagar/cook,pune,high,"service x locality (cook)",yes
"babysitter / nanny in shivajinagar",/pune/shivajinagar/babysitter-nanny,pune,high,"service x locality (babysitter-nanny)",yes
"elder care in shivajinagar",/pune/shivajinagar/elder-care,pune,high,"service x locality (elder-care)",yes
"maid service in pune university area",/pune/pune-university-area,pune,high,"locality hub",yes
"maid agency in pune university area",/pune/pune-university-area,pune,high,"locality hub",yes
"domestic help in pune university area",/pune/pune-university-area,pune,high,"locality hub",yes
"full-time maid in pune university area",/pune/pune-university-area/full-time-maid,pune,high,"service x locality (full-time-maid)",yes
"part-time maid in pune university area",/pune/pune-university-area/part-time-maid,pune,high,"service x locality (part-time-maid)",yes
"cook in pune university area",/pune/pune-university-area/cook,pune,high,"service x locality (cook)",yes
"babysitter / nanny in pune university area",/pune/pune-university-area/babysitter-nanny,pune,high,"service x locality (babysitter-nanny)",yes
"elder care in pune university area",/pune/pune-university-area/elder-care,pune,high,"service x locality (elder-care)",yes
"maid service in sadashiv peth",/pune/sadashiv-peth,pune,high,"locality hub",yes
"maid agency in sadashiv peth",/pune/sadashiv-peth,pune,high,"locality hub",yes
"domestic help in sadashiv peth",/pune/sadashiv-peth,pune,high,"locality hub",yes
"full-time maid in sadashiv peth",/pune/sadashiv-peth/full-time-maid,pune,high,"service x locality (full-time-maid)",yes
"part-time maid in sadashiv peth",/pune/sadashiv-peth/part-time-maid,pune,high,"service x locality (part-time-maid)",yes
"cook in sadashiv peth",/pune/sadashiv-peth/cook,pune,high,"service x locality (cook)",no
"babysitter / nanny in sadashiv peth",/pune/sadashiv-peth/babysitter-nanny,pune,high,"service x locality (babysitter-nanny)",yes
"elder care in sadashiv peth",/pune/sadashiv-peth/elder-care,pune,high,"service x locality (elder-care)",yes
"maid service in kothrud",/pune/kothrud,pune,very-high,"locality hub",yes
"maid agency in kothrud",/pune/kothrud,pune,very-high,"locality hub",yes
"maid provider in kothrud",/pune/kothrud,pune,very-high,"locality hub",yes
"house maid in kothrud",/pune/kothrud,pune,very-high,"locality hub",yes
"housemaid in kothrud",/pune/kothrud,pune,very-high,"locality hub",yes
"professional maid service in kothrud",/pune/kothrud,pune,very-high,"locality hub",yes
"best maid service in kothrud",/pune/kothrud,pune,very-high,"locality hub",yes
"verified maid service in kothrud",/pune/kothrud,pune,very-high,"locality hub",yes
"reliable maid service in kothrud",/pune/kothrud,pune,very-high,"locality hub",yes
"maid near me kothrud",/pune/kothrud,pune,very-high,"locality hub",yes
"maid service in paud road",/pune/kothrud,pune,very-high,"locality hub (alt name, same page)",yes
"full time maid in kothrud",/pune/kothrud/full-time-maid,pune,very-high,"service x locality (full-time-maid)",yes
"live in maid in kothrud",/pune/kothrud/full-time-maid,pune,very-high,"service x locality (full-time-maid)",yes
"24 hours maid in kothrud",/pune/kothrud/full-time-maid,pune,very-high,"service x locality (full-time-maid)",yes
"part time maid in kothrud",/pune/kothrud/part-time-maid,pune,very-high,"service x locality (part-time-maid)",yes
"hourly maid in kothrud",/pune/kothrud/part-time-maid,pune,very-high,"service x locality (part-time-maid)",yes
"morning maid in kothrud",/pune/kothrud/part-time-maid,pune,very-high,"service x locality (part-time-maid)",yes
"cook service in kothrud",/pune/kothrud/cook,pune,very-high,"service x locality (cook)",yes
"home cook in kothrud",/pune/kothrud/cook,pune,very-high,"service x locality (cook)",yes
"cook in kothrud",/pune/kothrud/cook,pune,very-high,"service x locality (cook)",yes
"babysitter in kothrud",/pune/kothrud/babysitter-nanny,pune,very-high,"service x locality (babysitter-nanny)",yes
"nanny service in kothrud",/pune/kothrud/babysitter-nanny,pune,very-high,"service x locality (babysitter-nanny)",yes
"japa maid in kothrud",/pune/kothrud/babysitter-nanny,pune,very-high,"service x locality (babysitter-nanny)",yes
"elder care maid in kothrud",/pune/kothrud/elder-care,pune,very-high,"service x locality (elder-care)",yes
"caretaker for elderly in kothrud",/pune/kothrud/elder-care,pune,very-high,"service x locality (elder-care)",yes
"domestic help in kothrud",/pune/kothrud/domestic-help,pune,very-high,"service x locality (domestic-help)",yes
"house help in kothrud",/pune/kothrud/domestic-help,pune,very-high,"service x locality (domestic-help)",yes
"maid service in karve nagar",/pune/karve-nagar,pune,very-high,"locality hub",yes
"maid agency in karve nagar",/pune/karve-nagar,pune,very-high,"locality hub",yes
"maid provider in karve nagar",/pune/karve-nagar,pune,very-high,"locality hub",yes
"house maid in karve nagar",/pune/karve-nagar,pune,very-high,"locality hub",yes
"housemaid in karve nagar",/pune/karve-nagar,pune,very-high,"locality hub",yes
"professional maid service in karve nagar",/pune/karve-nagar,pune,very-high,"locality hub",yes
"best maid service in karve nagar",/pune/karve-nagar,pune,very-high,"locality hub",yes
"verified maid service in karve nagar",/pune/karve-nagar,pune,very-high,"locality hub",yes
"reliable maid service in karve nagar",/pune/karve-nagar,pune,very-high,"locality hub",yes
"maid near me karve nagar",/pune/karve-nagar,pune,very-high,"locality hub",yes
"full time maid in karve nagar",/pune/karve-nagar/full-time-maid,pune,very-high,"service x locality (full-time-maid)",yes
"live in maid in karve nagar",/pune/karve-nagar/full-time-maid,pune,very-high,"service x locality (full-time-maid)",yes
"24 hours maid in karve nagar",/pune/karve-nagar/full-time-maid,pune,very-high,"service x locality (full-time-maid)",yes
"part time maid in karve nagar",/pune/karve-nagar/part-time-maid,pune,very-high,"service x locality (part-time-maid)",yes
"hourly maid in karve nagar",/pune/karve-nagar/part-time-maid,pune,very-high,"service x locality (part-time-maid)",yes
"morning maid in karve nagar",/pune/karve-nagar/part-time-maid,pune,very-high,"service x locality (part-time-maid)",yes
"cook service in karve nagar",/pune/karve-nagar/cook,pune,very-high,"service x locality (cook)",yes
"home cook in karve nagar",/pune/karve-nagar/cook,pune,very-high,"service x locality (cook)",yes
"cook in karve nagar",/pune/karve-nagar/cook,pune,very-high,"service x locality (cook)",yes
"babysitter in karve nagar",/pune/karve-nagar/babysitter-nanny,pune,very-high,"service x locality (babysitter-nanny)",yes
"nanny service in karve nagar",/pune/karve-nagar/babysitter-nanny,pune,very-high,"service x locality (babysitter-nanny)",yes
"japa maid in karve nagar",/pune/karve-nagar/babysitter-nanny,pune,very-high,"service x locality (babysitter-nanny)",yes
"elder care maid in karve nagar",/pune/karve-nagar/elder-care,pune,very-high,"service x locality (elder-care)",yes
"caretaker for elderly in karve nagar",/pune/karve-nagar/elder-care,pune,very-high,"service x locality (elder-care)",yes
"domestic help in karve nagar",/pune/karve-nagar/domestic-help,pune,very-high,"service x locality (domestic-help)",yes
"house help in karve nagar",/pune/karve-nagar/domestic-help,pune,very-high,"service x locality (domestic-help)",yes
"maid service in warje",/pune/warje,pune,high,"locality hub",yes
"maid agency in warje",/pune/warje,pune,high,"locality hub",yes
"domestic help in warje",/pune/warje,pune,high,"locality hub",yes
"full-time maid in warje",/pune/warje/full-time-maid,pune,high,"service x locality (full-time-maid)",yes
"part-time maid in warje",/pune/warje/part-time-maid,pune,high,"service x locality (part-time-maid)",yes
"cook in warje",/pune/warje/cook,pune,high,"service x locality (cook)",yes
"babysitter / nanny in warje",/pune/warje/babysitter-nanny,pune,high,"service x locality (babysitter-nanny)",yes
"elder care in warje",/pune/warje/elder-care,pune,high,"service x locality (elder-care)",yes
"maid service in anandnagar",/pune/anandnagar,pune,high,"locality hub",yes
"maid agency in anandnagar",/pune/anandnagar,pune,high,"locality hub",yes
"domestic help in anandnagar",/pune/anandnagar,pune,high,"locality hub",yes
"full-time maid in anandnagar",/pune/anandnagar/full-time-maid,pune,high,"service x locality (full-time-maid)",yes
"part-time maid in anandnagar",/pune/anandnagar/part-time-maid,pune,high,"service x locality (part-time-maid)",yes
"cook in anandnagar",/pune/anandnagar/cook,pune,high,"service x locality (cook)",yes
"babysitter / nanny in anandnagar",/pune/anandnagar/babysitter-nanny,pune,high,"service x locality (babysitter-nanny)",yes
"elder care in anandnagar",/pune/anandnagar/elder-care,pune,high,"service x locality (elder-care)",yes
"maid service in kharadi",/pune/kharadi,pune,very-high,"locality hub",yes
"maid agency in kharadi",/pune/kharadi,pune,very-high,"locality hub",yes
"maid provider in kharadi",/pune/kharadi,pune,very-high,"locality hub",yes
"house maid in kharadi",/pune/kharadi,pune,very-high,"locality hub",yes
"housemaid in kharadi",/pune/kharadi,pune,very-high,"locality hub",yes
"professional maid service in kharadi",/pune/kharadi,pune,very-high,"locality hub",yes
"best maid service in kharadi",/pune/kharadi,pune,very-high,"locality hub",yes
"verified maid service in kharadi",/pune/kharadi,pune,very-high,"locality hub",yes
"reliable maid service in kharadi",/pune/kharadi,pune,very-high,"locality hub",yes
"maid near me kharadi",/pune/kharadi,pune,very-high,"locality hub",yes
"full time maid in kharadi",/pune/kharadi/full-time-maid,pune,very-high,"service x locality (full-time-maid)",yes
"live in maid in kharadi",/pune/kharadi/full-time-maid,pune,very-high,"service x locality (full-time-maid)",yes
"24 hours maid in kharadi",/pune/kharadi/full-time-maid,pune,very-high,"service x locality (full-time-maid)",yes
"part time maid in kharadi",/pune/kharadi/part-time-maid,pune,very-high,"service x locality (part-time-maid)",yes
"hourly maid in kharadi",/pune/kharadi/part-time-maid,pune,very-high,"service x locality (part-time-maid)",yes
"morning maid in kharadi",/pune/kharadi/part-time-maid,pune,very-high,"service x locality (part-time-maid)",yes
"cook service in kharadi",/pune/kharadi/cook,pune,very-high,"service x locality (cook)",yes
"home cook in kharadi",/pune/kharadi/cook,pune,very-high,"service x locality (cook)",yes
"cook in kharadi",/pune/kharadi/cook,pune,very-high,"service x locality (cook)",yes
"babysitter in kharadi",/pune/kharadi/babysitter-nanny,pune,very-high,"service x locality (babysitter-nanny)",yes
"nanny service in kharadi",/pune/kharadi/babysitter-nanny,pune,very-high,"service x locality (babysitter-nanny)",yes
"japa maid in kharadi",/pune/kharadi/babysitter-nanny,pune,very-high,"service x locality (babysitter-nanny)",yes
"elder care maid in kharadi",/pune/kharadi/elder-care,pune,very-high,"service x locality (elder-care)",yes
"caretaker for elderly in kharadi",/pune/kharadi/elder-care,pune,very-high,"service x locality (elder-care)",yes
"domestic help in kharadi",/pune/kharadi/domestic-help,pune,very-high,"service x locality (domestic-help)",yes
"house help in kharadi",/pune/kharadi/domestic-help,pune,very-high,"service x locality (domestic-help)",yes
"maid service in viman nagar",/pune/viman-nagar,pune,very-high,"locality hub",yes
"maid agency in viman nagar",/pune/viman-nagar,pune,very-high,"locality hub",yes
"maid provider in viman nagar",/pune/viman-nagar,pune,very-high,"locality hub",yes
"house maid in viman nagar",/pune/viman-nagar,pune,very-high,"locality hub",yes
"housemaid in viman nagar",/pune/viman-nagar,pune,very-high,"locality hub",yes
"professional maid service in viman nagar",/pune/viman-nagar,pune,very-high,"locality hub",yes
"best maid service in viman nagar",/pune/viman-nagar,pune,very-high,"locality hub",yes
"verified maid service in viman nagar",/pune/viman-nagar,pune,very-high,"locality hub",yes
"reliable maid service in viman nagar",/pune/viman-nagar,pune,very-high,"locality hub",yes
"maid near me viman nagar",/pune/viman-nagar,pune,very-high,"locality hub",yes
"full time maid in viman nagar",/pune/viman-nagar/full-time-maid,pune,very-high,"service x locality (full-time-maid)",yes
"live in maid in viman nagar",/pune/viman-nagar/full-time-maid,pune,very-high,"service x locality (full-time-maid)",yes
"24 hours maid in viman nagar",/pune/viman-nagar/full-time-maid,pune,very-high,"service x locality (full-time-maid)",yes
"part time maid in viman nagar",/pune/viman-nagar/part-time-maid,pune,very-high,"service x locality (part-time-maid)",yes
"hourly maid in viman nagar",/pune/viman-nagar/part-time-maid,pune,very-high,"service x locality (part-time-maid)",yes
"morning maid in viman nagar",/pune/viman-nagar/part-time-maid,pune,very-high,"service x locality (part-time-maid)",yes
"cook service in viman nagar",/pune/viman-nagar/cook,pune,very-high,"service x locality (cook)",yes
"home cook in viman nagar",/pune/viman-nagar/cook,pune,very-high,"service x locality (cook)",yes
"cook in viman nagar",/pune/viman-nagar/cook,pune,very-high,"service x locality (cook)",yes
"babysitter in viman nagar",/pune/viman-nagar/babysitter-nanny,pune,very-high,"service x locality (babysitter-nanny)",yes
"nanny service in viman nagar",/pune/viman-nagar/babysitter-nanny,pune,very-high,"service x locality (babysitter-nanny)",yes
"japa maid in viman nagar",/pune/viman-nagar/babysitter-nanny,pune,very-high,"service x locality (babysitter-nanny)",yes
"elder care maid in viman nagar",/pune/viman-nagar/elder-care,pune,very-high,"service x locality (elder-care)",yes
"caretaker for elderly in viman nagar",/pune/viman-nagar/elder-care,pune,very-high,"service x locality (elder-care)",yes
"domestic help in viman nagar",/pune/viman-nagar/domestic-help,pune,very-high,"service x locality (domestic-help)",yes
"house help in viman nagar",/pune/viman-nagar/domestic-help,pune,very-high,"service x locality (domestic-help)",yes
"maid service in hadapsar",/pune/hadapsar,pune,very-high,"locality hub",yes
"maid agency in hadapsar",/pune/hadapsar,pune,very-high,"locality hub",yes
"maid provider in hadapsar",/pune/hadapsar,pune,very-high,"locality hub",yes
"house maid in hadapsar",/pune/hadapsar,pune,very-high,"locality hub",yes
"housemaid in hadapsar",/pune/hadapsar,pune,very-high,"locality hub",yes
"professional maid service in hadapsar",/pune/hadapsar,pune,very-high,"locality hub",yes
"best maid service in hadapsar",/pune/hadapsar,pune,very-high,"locality hub",yes
"verified maid service in hadapsar",/pune/hadapsar,pune,very-high,"locality hub",yes
"reliable maid service in hadapsar",/pune/hadapsar,pune,very-high,"locality hub",yes
"maid near me hadapsar",/pune/hadapsar,pune,very-high,"locality hub",yes
"full time maid in hadapsar",/pune/hadapsar/full-time-maid,pune,very-high,"service x locality (full-time-maid)",yes
"live in maid in hadapsar",/pune/hadapsar/full-time-maid,pune,very-high,"service x locality (full-time-maid)",yes
"24 hours maid in hadapsar",/pune/hadapsar/full-time-maid,pune,very-high,"service x locality (full-time-maid)",yes
"part time maid in hadapsar",/pune/hadapsar/part-time-maid,pune,very-high,"service x locality (part-time-maid)",yes
"hourly maid in hadapsar",/pune/hadapsar/part-time-maid,pune,very-high,"service x locality (part-time-maid)",yes
"morning maid in hadapsar",/pune/hadapsar/part-time-maid,pune,very-high,"service x locality (part-time-maid)",yes
"cook service in hadapsar",/pune/hadapsar/cook,pune,very-high,"service x locality (cook)",yes
"home cook in hadapsar",/pune/hadapsar/cook,pune,very-high,"service x locality (cook)",yes
"cook in hadapsar",/pune/hadapsar/cook,pune,very-high,"service x locality (cook)",yes
"babysitter in hadapsar",/pune/hadapsar/babysitter-nanny,pune,very-high,"service x locality (babysitter-nanny)",yes
"nanny service in hadapsar",/pune/hadapsar/babysitter-nanny,pune,very-high,"service x locality (babysitter-nanny)",yes
"japa maid in hadapsar",/pune/hadapsar/babysitter-nanny,pune,very-high,"service x locality (babysitter-nanny)",yes
"elder care maid in hadapsar",/pune/hadapsar/elder-care,pune,very-high,"service x locality (elder-care)",yes
"caretaker for elderly in hadapsar",/pune/hadapsar/elder-care,pune,very-high,"service x locality (elder-care)",yes
"domestic help in hadapsar",/pune/hadapsar/domestic-help,pune,very-high,"service x locality (domestic-help)",yes
"house help in hadapsar",/pune/hadapsar/domestic-help,pune,very-high,"service x locality (domestic-help)",yes
"maid service in dhanori",/pune/dhanori,pune,high,"locality hub",yes
"maid agency in dhanori",/pune/dhanori,pune,high,"locality hub",yes
"domestic help in dhanori",/pune/dhanori,pune,high,"locality hub",yes
"full-time maid in dhanori",/pune/dhanori/full-time-maid,pune,high,"service x locality (full-time-maid)",yes
"part-time maid in dhanori",/pune/dhanori/part-time-maid,pune,high,"service x locality (part-time-maid)",yes
"cook in dhanori",/pune/dhanori/cook,pune,high,"service x locality (cook)",yes
"babysitter / nanny in dhanori",/pune/dhanori/babysitter-nanny,pune,high,"service x locality (babysitter-nanny)",yes
"elder care in dhanori",/pune/dhanori/elder-care,pune,high,"service x locality (elder-care)",yes
"maid service in lohegaon",/pune/lohegaon,pune,high,"locality hub",yes
"maid agency in lohegaon",/pune/lohegaon,pune,high,"locality hub",yes
"domestic help in lohegaon",/pune/lohegaon,pune,high,"locality hub",yes
"full-time maid in lohegaon",/pune/lohegaon/full-time-maid,pune,high,"service x locality (full-time-maid)",yes
"part-time maid in lohegaon",/pune/lohegaon/part-time-maid,pune,high,"service x locality (part-time-maid)",yes
"cook in lohegaon",/pune/lohegaon/cook,pune,high,"service x locality (cook)",yes
"babysitter / nanny in lohegaon",/pune/lohegaon/babysitter-nanny,pune,high,"service x locality (babysitter-nanny)",yes
"elder care in lohegaon",/pune/lohegaon/elder-care,pune,high,"service x locality (elder-care)",yes
"maid service in wanowrie",/pune/wanowrie,pune,high,"locality hub",yes
"maid agency in wanowrie",/pune/wanowrie,pune,high,"locality hub",yes
"domestic help in wanowrie",/pune/wanowrie,pune,high,"locality hub",yes
"full-time maid in wanowrie",/pune/wanowrie/full-time-maid,pune,high,"service x locality (full-time-maid)",yes
"part-time maid in wanowrie",/pune/wanowrie/part-time-maid,pune,high,"service x locality (part-time-maid)",yes
"cook in wanowrie",/pune/wanowrie/cook,pune,high,"service x locality (cook)",yes
"babysitter / nanny in wanowrie",/pune/wanowrie/babysitter-nanny,pune,high,"service x locality (babysitter-nanny)",yes
"elder care in wanowrie",/pune/wanowrie/elder-care,pune,high,"service x locality (elder-care)",yes
"maid service in nibm",/pune/nibm,pune,very-high,"locality hub",yes
"maid agency in nibm",/pune/nibm,pune,very-high,"locality hub",yes
"maid provider in nibm",/pune/nibm,pune,very-high,"locality hub",yes
"house maid in nibm",/pune/nibm,pune,very-high,"locality hub",yes
"housemaid in nibm",/pune/nibm,pune,very-high,"locality hub",yes
"professional maid service in nibm",/pune/nibm,pune,very-high,"locality hub",yes
"best maid service in nibm",/pune/nibm,pune,very-high,"locality hub",yes
"verified maid service in nibm",/pune/nibm,pune,very-high,"locality hub",yes
"reliable maid service in nibm",/pune/nibm,pune,very-high,"locality hub",yes
"maid near me nibm",/pune/nibm,pune,very-high,"locality hub",yes
"maid service in nibm road",/pune/nibm,pune,very-high,"locality hub (alt name, same page)",yes
"full time maid in nibm",/pune/nibm/full-time-maid,pune,very-high,"service x locality (full-time-maid)",yes
"live in maid in nibm",/pune/nibm/full-time-maid,pune,very-high,"service x locality (full-time-maid)",yes
"24 hours maid in nibm",/pune/nibm/full-time-maid,pune,very-high,"service x locality (full-time-maid)",yes
"part time maid in nibm",/pune/nibm/part-time-maid,pune,very-high,"service x locality (part-time-maid)",yes
"hourly maid in nibm",/pune/nibm/part-time-maid,pune,very-high,"service x locality (part-time-maid)",yes
"morning maid in nibm",/pune/nibm/part-time-maid,pune,very-high,"service x locality (part-time-maid)",yes
"cook service in nibm",/pune/nibm/cook,pune,very-high,"service x locality (cook)",yes
"home cook in nibm",/pune/nibm/cook,pune,very-high,"service x locality (cook)",yes
"cook in nibm",/pune/nibm/cook,pune,very-high,"service x locality (cook)",yes
"babysitter in nibm",/pune/nibm/babysitter-nanny,pune,very-high,"service x locality (babysitter-nanny)",yes
"nanny service in nibm",/pune/nibm/babysitter-nanny,pune,very-high,"service x locality (babysitter-nanny)",yes
"japa maid in nibm",/pune/nibm/babysitter-nanny,pune,very-high,"service x locality (babysitter-nanny)",yes
"elder care maid in nibm",/pune/nibm/elder-care,pune,very-high,"service x locality (elder-care)",yes
"caretaker for elderly in nibm",/pune/nibm/elder-care,pune,very-high,"service x locality (elder-care)",yes
"domestic help in nibm",/pune/nibm/domestic-help,pune,very-high,"service x locality (domestic-help)",yes
"house help in nibm",/pune/nibm/domestic-help,pune,very-high,"service x locality (domestic-help)",yes
"maid service in kondhwa",/pune/kondhwa,pune,very-high,"locality hub",yes
"maid agency in kondhwa",/pune/kondhwa,pune,very-high,"locality hub",yes
"maid provider in kondhwa",/pune/kondhwa,pune,very-high,"locality hub",yes
"house maid in kondhwa",/pune/kondhwa,pune,very-high,"locality hub",yes
"housemaid in kondhwa",/pune/kondhwa,pune,very-high,"locality hub",yes
"professional maid service in kondhwa",/pune/kondhwa,pune,very-high,"locality hub",yes
"best maid service in kondhwa",/pune/kondhwa,pune,very-high,"locality hub",yes
"verified maid service in kondhwa",/pune/kondhwa,pune,very-high,"locality hub",yes
"reliable maid service in kondhwa",/pune/kondhwa,pune,very-high,"locality hub",yes
"maid near me kondhwa",/pune/kondhwa,pune,very-high,"locality hub",yes
"full time maid in kondhwa",/pune/kondhwa/full-time-maid,pune,very-high,"service x locality (full-time-maid)",yes
"live in maid in kondhwa",/pune/kondhwa/full-time-maid,pune,very-high,"service x locality (full-time-maid)",yes
"24 hours maid in kondhwa",/pune/kondhwa/full-time-maid,pune,very-high,"service x locality (full-time-maid)",yes
"part time maid in kondhwa",/pune/kondhwa/part-time-maid,pune,very-high,"service x locality (part-time-maid)",yes
"hourly maid in kondhwa",/pune/kondhwa/part-time-maid,pune,very-high,"service x locality (part-time-maid)",yes
"morning maid in kondhwa",/pune/kondhwa/part-time-maid,pune,very-high,"service x locality (part-time-maid)",yes
"cook service in kondhwa",/pune/kondhwa/cook,pune,very-high,"service x locality (cook)",yes
"home cook in kondhwa",/pune/kondhwa/cook,pune,very-high,"service x locality (cook)",yes
"cook in kondhwa",/pune/kondhwa/cook,pune,very-high,"service x locality (cook)",yes
"babysitter in kondhwa",/pune/kondhwa/babysitter-nanny,pune,very-high,"service x locality (babysitter-nanny)",yes
"nanny service in kondhwa",/pune/kondhwa/babysitter-nanny,pune,very-high,"service x locality (babysitter-nanny)",yes
"japa maid in kondhwa",/pune/kondhwa/babysitter-nanny,pune,very-high,"service x locality (babysitter-nanny)",yes
"elder care maid in kondhwa",/pune/kondhwa/elder-care,pune,very-high,"service x locality (elder-care)",yes
"caretaker for elderly in kondhwa",/pune/kondhwa/elder-care,pune,very-high,"service x locality (elder-care)",yes
"domestic help in kondhwa",/pune/kondhwa/domestic-help,pune,very-high,"service x locality (domestic-help)",yes
"house help in kondhwa",/pune/kondhwa/domestic-help,pune,very-high,"service x locality (domestic-help)",yes
"maid service in bibwewadi",/pune/bibwewadi,pune,high,"locality hub",yes
"maid agency in bibwewadi",/pune/bibwewadi,pune,high,"locality hub",yes
"domestic help in bibwewadi",/pune/bibwewadi,pune,high,"locality hub",yes
"full-time maid in bibwewadi",/pune/bibwewadi/full-time-maid,pune,high,"service x locality (full-time-maid)",yes
"part-time maid in bibwewadi",/pune/bibwewadi/part-time-maid,pune,high,"service x locality (part-time-maid)",yes
"cook in bibwewadi",/pune/bibwewadi/cook,pune,high,"service x locality (cook)",yes
"babysitter / nanny in bibwewadi",/pune/bibwewadi/babysitter-nanny,pune,high,"service x locality (babysitter-nanny)",yes
"elder care in bibwewadi",/pune/bibwewadi/elder-care,pune,high,"service x locality (elder-care)",yes
"maid service in katraj",/pune/katraj,pune,high,"locality hub",yes
"maid agency in katraj",/pune/katraj,pune,high,"locality hub",yes
"domestic help in katraj",/pune/katraj,pune,high,"locality hub",yes
"full-time maid in katraj",/pune/katraj/full-time-maid,pune,high,"service x locality (full-time-maid)",yes
"part-time maid in katraj",/pune/katraj/part-time-maid,pune,high,"service x locality (part-time-maid)",yes
"cook in katraj",/pune/katraj/cook,pune,high,"service x locality (cook)",yes
"babysitter / nanny in katraj",/pune/katraj/babysitter-nanny,pune,high,"service x locality (babysitter-nanny)",yes
"elder care in katraj",/pune/katraj/elder-care,pune,high,"service x locality (elder-care)",yes
"maid service in pimpri",/pune/pimpri,pune,very-high,"locality hub",yes
"maid agency in pimpri",/pune/pimpri,pune,very-high,"locality hub",yes
"maid provider in pimpri",/pune/pimpri,pune,very-high,"locality hub",yes
"house maid in pimpri",/pune/pimpri,pune,very-high,"locality hub",yes
"housemaid in pimpri",/pune/pimpri,pune,very-high,"locality hub",yes
"professional maid service in pimpri",/pune/pimpri,pune,very-high,"locality hub",yes
"best maid service in pimpri",/pune/pimpri,pune,very-high,"locality hub",yes
"verified maid service in pimpri",/pune/pimpri,pune,very-high,"locality hub",yes
"reliable maid service in pimpri",/pune/pimpri,pune,very-high,"locality hub",yes
"maid near me pimpri",/pune/pimpri,pune,very-high,"locality hub",yes
"maid service in pimpri it-residential belt",/pune/pimpri,pune,very-high,"locality hub (alt name, same page)",yes
"full time maid in pimpri",/pune/pimpri/full-time-maid,pune,very-high,"service x locality (full-time-maid)",yes
"live in maid in pimpri",/pune/pimpri/full-time-maid,pune,very-high,"service x locality (full-time-maid)",yes
"24 hours maid in pimpri",/pune/pimpri/full-time-maid,pune,very-high,"service x locality (full-time-maid)",yes
"part time maid in pimpri",/pune/pimpri/part-time-maid,pune,very-high,"service x locality (part-time-maid)",yes
"hourly maid in pimpri",/pune/pimpri/part-time-maid,pune,very-high,"service x locality (part-time-maid)",yes
"morning maid in pimpri",/pune/pimpri/part-time-maid,pune,very-high,"service x locality (part-time-maid)",yes
"cook service in pimpri",/pune/pimpri/cook,pune,very-high,"service x locality (cook)",no
"home cook in pimpri",/pune/pimpri/cook,pune,very-high,"service x locality (cook)",no
"cook in pimpri",/pune/pimpri/cook,pune,very-high,"service x locality (cook)",no
"babysitter in pimpri",/pune/pimpri/babysitter-nanny,pune,very-high,"service x locality (babysitter-nanny)",yes
"nanny service in pimpri",/pune/pimpri/babysitter-nanny,pune,very-high,"service x locality (babysitter-nanny)",yes
"japa maid in pimpri",/pune/pimpri/babysitter-nanny,pune,very-high,"service x locality (babysitter-nanny)",yes
"elder care maid in pimpri",/pune/pimpri/elder-care,pune,very-high,"service x locality (elder-care)",yes
"caretaker for elderly in pimpri",/pune/pimpri/elder-care,pune,very-high,"service x locality (elder-care)",yes
"domestic help in pimpri",/pune/pimpri/domestic-help,pune,very-high,"service x locality (domestic-help)",yes
"house help in pimpri",/pune/pimpri/domestic-help,pune,very-high,"service x locality (domestic-help)",yes
"maid service in chinchwad",/pune/chinchwad,pune,high,"locality hub",yes
"maid agency in chinchwad",/pune/chinchwad,pune,high,"locality hub",yes
"domestic help in chinchwad",/pune/chinchwad,pune,high,"locality hub",yes
"full-time maid in chinchwad",/pune/chinchwad/full-time-maid,pune,high,"service x locality (full-time-maid)",yes
"part-time maid in chinchwad",/pune/chinchwad/part-time-maid,pune,high,"service x locality (part-time-maid)",yes
"cook in chinchwad",/pune/chinchwad/cook,pune,high,"service x locality (cook)",yes
"babysitter / nanny in chinchwad",/pune/chinchwad/babysitter-nanny,pune,high,"service x locality (babysitter-nanny)",yes
"elder care in chinchwad",/pune/chinchwad/elder-care,pune,high,"service x locality (elder-care)",yes
"maid service in pimple saudagar",/pune/pimple-saudagar,pune,very-high,"locality hub",yes
"maid agency in pimple saudagar",/pune/pimple-saudagar,pune,very-high,"locality hub",yes
"maid provider in pimple saudagar",/pune/pimple-saudagar,pune,very-high,"locality hub",yes
"house maid in pimple saudagar",/pune/pimple-saudagar,pune,very-high,"locality hub",yes
"housemaid in pimple saudagar",/pune/pimple-saudagar,pune,very-high,"locality hub",yes
"professional maid service in pimple saudagar",/pune/pimple-saudagar,pune,very-high,"locality hub",yes
"best maid service in pimple saudagar",/pune/pimple-saudagar,pune,very-high,"locality hub",yes
"verified maid service in pimple saudagar",/pune/pimple-saudagar,pune,very-high,"locality hub",yes
"reliable maid service in pimple saudagar",/pune/pimple-saudagar,pune,very-high,"locality hub",yes
"maid near me pimple saudagar",/pune/pimple-saudagar,pune,very-high,"locality hub",yes
"full time maid in pimple saudagar",/pune/pimple-saudagar/full-time-maid,pune,very-high,"service x locality (full-time-maid)",yes
"live in maid in pimple saudagar",/pune/pimple-saudagar/full-time-maid,pune,very-high,"service x locality (full-time-maid)",yes
"24 hours maid in pimple saudagar",/pune/pimple-saudagar/full-time-maid,pune,very-high,"service x locality (full-time-maid)",yes
"part time maid in pimple saudagar",/pune/pimple-saudagar/part-time-maid,pune,very-high,"service x locality (part-time-maid)",yes
"hourly maid in pimple saudagar",/pune/pimple-saudagar/part-time-maid,pune,very-high,"service x locality (part-time-maid)",yes
"morning maid in pimple saudagar",/pune/pimple-saudagar/part-time-maid,pune,very-high,"service x locality (part-time-maid)",yes
"cook service in pimple saudagar",/pune/pimple-saudagar/cook,pune,very-high,"service x locality (cook)",yes
"home cook in pimple saudagar",/pune/pimple-saudagar/cook,pune,very-high,"service x locality (cook)",yes
"cook in pimple saudagar",/pune/pimple-saudagar/cook,pune,very-high,"service x locality (cook)",yes
"babysitter in pimple saudagar",/pune/pimple-saudagar/babysitter-nanny,pune,very-high,"service x locality (babysitter-nanny)",yes
"nanny service in pimple saudagar",/pune/pimple-saudagar/babysitter-nanny,pune,very-high,"service x locality (babysitter-nanny)",yes
"japa maid in pimple saudagar",/pune/pimple-saudagar/babysitter-nanny,pune,very-high,"service x locality (babysitter-nanny)",yes
"elder care maid in pimple saudagar",/pune/pimple-saudagar/elder-care,pune,very-high,"service x locality (elder-care)",yes
"caretaker for elderly in pimple saudagar",/pune/pimple-saudagar/elder-care,pune,very-high,"service x locality (elder-care)",yes
"domestic help in pimple saudagar",/pune/pimple-saudagar/domestic-help,pune,very-high,"service x locality (domestic-help)",yes
"house help in pimple saudagar",/pune/pimple-saudagar/domestic-help,pune,very-high,"service x locality (domestic-help)",yes
"maid service in whitefield",/bangalore/whitefield,bangalore,very-high,"locality hub",yes
"maid agency in whitefield",/bangalore/whitefield,bangalore,very-high,"locality hub",yes
"maid provider in whitefield",/bangalore/whitefield,bangalore,very-high,"locality hub",yes
"house maid in whitefield",/bangalore/whitefield,bangalore,very-high,"locality hub",yes
"housemaid in whitefield",/bangalore/whitefield,bangalore,very-high,"locality hub",yes
"professional maid service in whitefield",/bangalore/whitefield,bangalore,very-high,"locality hub",yes
"best maid service in whitefield",/bangalore/whitefield,bangalore,very-high,"locality hub",yes
"verified maid service in whitefield",/bangalore/whitefield,bangalore,very-high,"locality hub",yes
"reliable maid service in whitefield",/bangalore/whitefield,bangalore,very-high,"locality hub",yes
"maid near me whitefield",/bangalore/whitefield,bangalore,very-high,"locality hub",yes
"full time maid in whitefield",/bangalore/whitefield/full-time-maid,bangalore,very-high,"service x locality (full-time-maid)",yes
"live in maid in whitefield",/bangalore/whitefield/full-time-maid,bangalore,very-high,"service x locality (full-time-maid)",yes
"24 hours maid in whitefield",/bangalore/whitefield/full-time-maid,bangalore,very-high,"service x locality (full-time-maid)",yes
"part time maid in whitefield",/bangalore/whitefield/part-time-maid,bangalore,very-high,"service x locality (part-time-maid)",yes
"hourly maid in whitefield",/bangalore/whitefield/part-time-maid,bangalore,very-high,"service x locality (part-time-maid)",yes
"morning maid in whitefield",/bangalore/whitefield/part-time-maid,bangalore,very-high,"service x locality (part-time-maid)",yes
"cook service in whitefield",/bangalore/whitefield/cook,bangalore,very-high,"service x locality (cook)",yes
"home cook in whitefield",/bangalore/whitefield/cook,bangalore,very-high,"service x locality (cook)",yes
"cook in whitefield",/bangalore/whitefield/cook,bangalore,very-high,"service x locality (cook)",yes
"babysitter in whitefield",/bangalore/whitefield/babysitter-nanny,bangalore,very-high,"service x locality (babysitter-nanny)",yes
"nanny service in whitefield",/bangalore/whitefield/babysitter-nanny,bangalore,very-high,"service x locality (babysitter-nanny)",yes
"japa maid in whitefield",/bangalore/whitefield/babysitter-nanny,bangalore,very-high,"service x locality (babysitter-nanny)",yes
"elder care maid in whitefield",/bangalore/whitefield/elder-care,bangalore,very-high,"service x locality (elder-care)",yes
"caretaker for elderly in whitefield",/bangalore/whitefield/elder-care,bangalore,very-high,"service x locality (elder-care)",yes
"domestic help in whitefield",/bangalore/whitefield/domestic-help,bangalore,very-high,"service x locality (domestic-help)",yes
"house help in whitefield",/bangalore/whitefield/domestic-help,bangalore,very-high,"service x locality (domestic-help)",yes
"maid service in marathahalli",/bangalore/marathahalli,bangalore,very-high,"locality hub",yes
"maid agency in marathahalli",/bangalore/marathahalli,bangalore,very-high,"locality hub",yes
"maid provider in marathahalli",/bangalore/marathahalli,bangalore,very-high,"locality hub",yes
"house maid in marathahalli",/bangalore/marathahalli,bangalore,very-high,"locality hub",yes
"housemaid in marathahalli",/bangalore/marathahalli,bangalore,very-high,"locality hub",yes
"professional maid service in marathahalli",/bangalore/marathahalli,bangalore,very-high,"locality hub",yes
"best maid service in marathahalli",/bangalore/marathahalli,bangalore,very-high,"locality hub",yes
"verified maid service in marathahalli",/bangalore/marathahalli,bangalore,very-high,"locality hub",yes
"reliable maid service in marathahalli",/bangalore/marathahalli,bangalore,very-high,"locality hub",yes
"maid near me marathahalli",/bangalore/marathahalli,bangalore,very-high,"locality hub",yes
"full time maid in marathahalli",/bangalore/marathahalli/full-time-maid,bangalore,very-high,"service x locality (full-time-maid)",yes
"live in maid in marathahalli",/bangalore/marathahalli/full-time-maid,bangalore,very-high,"service x locality (full-time-maid)",yes
"24 hours maid in marathahalli",/bangalore/marathahalli/full-time-maid,bangalore,very-high,"service x locality (full-time-maid)",yes
"part time maid in marathahalli",/bangalore/marathahalli/part-time-maid,bangalore,very-high,"service x locality (part-time-maid)",yes
"hourly maid in marathahalli",/bangalore/marathahalli/part-time-maid,bangalore,very-high,"service x locality (part-time-maid)",yes
"morning maid in marathahalli",/bangalore/marathahalli/part-time-maid,bangalore,very-high,"service x locality (part-time-maid)",yes
"cook service in marathahalli",/bangalore/marathahalli/cook,bangalore,very-high,"service x locality (cook)",yes
"home cook in marathahalli",/bangalore/marathahalli/cook,bangalore,very-high,"service x locality (cook)",yes
"cook in marathahalli",/bangalore/marathahalli/cook,bangalore,very-high,"service x locality (cook)",yes
"babysitter in marathahalli",/bangalore/marathahalli/babysitter-nanny,bangalore,very-high,"service x locality (babysitter-nanny)",yes
"nanny service in marathahalli",/bangalore/marathahalli/babysitter-nanny,bangalore,very-high,"service x locality (babysitter-nanny)",yes
"japa maid in marathahalli",/bangalore/marathahalli/babysitter-nanny,bangalore,very-high,"service x locality (babysitter-nanny)",yes
"elder care maid in marathahalli",/bangalore/marathahalli/elder-care,bangalore,very-high,"service x locality (elder-care)",yes
"caretaker for elderly in marathahalli",/bangalore/marathahalli/elder-care,bangalore,very-high,"service x locality (elder-care)",yes
"domestic help in marathahalli",/bangalore/marathahalli/domestic-help,bangalore,very-high,"service x locality (domestic-help)",yes
"house help in marathahalli",/bangalore/marathahalli/domestic-help,bangalore,very-high,"service x locality (domestic-help)",yes
"maid service in hoodi",/bangalore/hoodi,bangalore,high,"locality hub",yes
"maid agency in hoodi",/bangalore/hoodi,bangalore,high,"locality hub",yes
"domestic help in hoodi",/bangalore/hoodi,bangalore,high,"locality hub",yes
"full-time maid in hoodi",/bangalore/hoodi/full-time-maid,bangalore,high,"service x locality (full-time-maid)",yes
"part-time maid in hoodi",/bangalore/hoodi/part-time-maid,bangalore,high,"service x locality (part-time-maid)",yes
"cook in hoodi",/bangalore/hoodi/cook,bangalore,high,"service x locality (cook)",yes
"babysitter / nanny in hoodi",/bangalore/hoodi/babysitter-nanny,bangalore,high,"service x locality (babysitter-nanny)",yes
"elder care in hoodi",/bangalore/hoodi/elder-care,bangalore,high,"service x locality (elder-care)",yes
"maid service in ramamurthy nagar",/bangalore/ramamurthy-nagar,bangalore,high,"locality hub",yes
"maid agency in ramamurthy nagar",/bangalore/ramamurthy-nagar,bangalore,high,"locality hub",yes
"domestic help in ramamurthy nagar",/bangalore/ramamurthy-nagar,bangalore,high,"locality hub",yes
"full-time maid in ramamurthy nagar",/bangalore/ramamurthy-nagar/full-time-maid,bangalore,high,"service x locality (full-time-maid)",yes
"part-time maid in ramamurthy nagar",/bangalore/ramamurthy-nagar/part-time-maid,bangalore,high,"service x locality (part-time-maid)",yes
"cook in ramamurthy nagar",/bangalore/ramamurthy-nagar/cook,bangalore,high,"service x locality (cook)",no
"babysitter / nanny in ramamurthy nagar",/bangalore/ramamurthy-nagar/babysitter-nanny,bangalore,high,"service x locality (babysitter-nanny)",yes
"elder care in ramamurthy nagar",/bangalore/ramamurthy-nagar/elder-care,bangalore,high,"service x locality (elder-care)",yes
"maid service in koramangala",/bangalore/koramangala,bangalore,very-high,"locality hub",yes
"maid agency in koramangala",/bangalore/koramangala,bangalore,very-high,"locality hub",yes
"maid provider in koramangala",/bangalore/koramangala,bangalore,very-high,"locality hub",yes
"house maid in koramangala",/bangalore/koramangala,bangalore,very-high,"locality hub",yes
"housemaid in koramangala",/bangalore/koramangala,bangalore,very-high,"locality hub",yes
"professional maid service in koramangala",/bangalore/koramangala,bangalore,very-high,"locality hub",yes
"best maid service in koramangala",/bangalore/koramangala,bangalore,very-high,"locality hub",yes
"verified maid service in koramangala",/bangalore/koramangala,bangalore,very-high,"locality hub",yes
"reliable maid service in koramangala",/bangalore/koramangala,bangalore,very-high,"locality hub",yes
"maid near me koramangala",/bangalore/koramangala,bangalore,very-high,"locality hub",yes
"full time maid in koramangala",/bangalore/koramangala/full-time-maid,bangalore,very-high,"service x locality (full-time-maid)",yes
"live in maid in koramangala",/bangalore/koramangala/full-time-maid,bangalore,very-high,"service x locality (full-time-maid)",yes
"24 hours maid in koramangala",/bangalore/koramangala/full-time-maid,bangalore,very-high,"service x locality (full-time-maid)",yes
"part time maid in koramangala",/bangalore/koramangala/part-time-maid,bangalore,very-high,"service x locality (part-time-maid)",yes
"hourly maid in koramangala",/bangalore/koramangala/part-time-maid,bangalore,very-high,"service x locality (part-time-maid)",yes
"morning maid in koramangala",/bangalore/koramangala/part-time-maid,bangalore,very-high,"service x locality (part-time-maid)",yes
"cook service in koramangala",/bangalore/koramangala/cook,bangalore,very-high,"service x locality (cook)",yes
"home cook in koramangala",/bangalore/koramangala/cook,bangalore,very-high,"service x locality (cook)",yes
"cook in koramangala",/bangalore/koramangala/cook,bangalore,very-high,"service x locality (cook)",yes
"babysitter in koramangala",/bangalore/koramangala/babysitter-nanny,bangalore,very-high,"service x locality (babysitter-nanny)",yes
"nanny service in koramangala",/bangalore/koramangala/babysitter-nanny,bangalore,very-high,"service x locality (babysitter-nanny)",yes
"japa maid in koramangala",/bangalore/koramangala/babysitter-nanny,bangalore,very-high,"service x locality (babysitter-nanny)",yes
"elder care maid in koramangala",/bangalore/koramangala/elder-care,bangalore,very-high,"service x locality (elder-care)",yes
"caretaker for elderly in koramangala",/bangalore/koramangala/elder-care,bangalore,very-high,"service x locality (elder-care)",yes
"domestic help in koramangala",/bangalore/koramangala/domestic-help,bangalore,very-high,"service x locality (domestic-help)",yes
"house help in koramangala",/bangalore/koramangala/domestic-help,bangalore,very-high,"service x locality (domestic-help)",yes
"maid service in hsr layout",/bangalore/hsr-layout,bangalore,very-high,"locality hub",yes
"maid agency in hsr layout",/bangalore/hsr-layout,bangalore,very-high,"locality hub",yes
"maid provider in hsr layout",/bangalore/hsr-layout,bangalore,very-high,"locality hub",yes
"house maid in hsr layout",/bangalore/hsr-layout,bangalore,very-high,"locality hub",yes
"housemaid in hsr layout",/bangalore/hsr-layout,bangalore,very-high,"locality hub",yes
"professional maid service in hsr layout",/bangalore/hsr-layout,bangalore,very-high,"locality hub",yes
"best maid service in hsr layout",/bangalore/hsr-layout,bangalore,very-high,"locality hub",yes
"verified maid service in hsr layout",/bangalore/hsr-layout,bangalore,very-high,"locality hub",yes
"reliable maid service in hsr layout",/bangalore/hsr-layout,bangalore,very-high,"locality hub",yes
"maid near me hsr layout",/bangalore/hsr-layout,bangalore,very-high,"locality hub",yes
"maid service in hsr",/bangalore/hsr-layout,bangalore,very-high,"locality hub (alt name, same page)",yes
"full time maid in hsr layout",/bangalore/hsr-layout/full-time-maid,bangalore,very-high,"service x locality (full-time-maid)",yes
"live in maid in hsr layout",/bangalore/hsr-layout/full-time-maid,bangalore,very-high,"service x locality (full-time-maid)",yes
"24 hours maid in hsr layout",/bangalore/hsr-layout/full-time-maid,bangalore,very-high,"service x locality (full-time-maid)",yes
"part time maid in hsr layout",/bangalore/hsr-layout/part-time-maid,bangalore,very-high,"service x locality (part-time-maid)",yes
"hourly maid in hsr layout",/bangalore/hsr-layout/part-time-maid,bangalore,very-high,"service x locality (part-time-maid)",yes
"morning maid in hsr layout",/bangalore/hsr-layout/part-time-maid,bangalore,very-high,"service x locality (part-time-maid)",yes
"cook service in hsr layout",/bangalore/hsr-layout/cook,bangalore,very-high,"service x locality (cook)",yes
"home cook in hsr layout",/bangalore/hsr-layout/cook,bangalore,very-high,"service x locality (cook)",yes
"cook in hsr layout",/bangalore/hsr-layout/cook,bangalore,very-high,"service x locality (cook)",yes
"babysitter in hsr layout",/bangalore/hsr-layout/babysitter-nanny,bangalore,very-high,"service x locality (babysitter-nanny)",yes
"nanny service in hsr layout",/bangalore/hsr-layout/babysitter-nanny,bangalore,very-high,"service x locality (babysitter-nanny)",yes
"japa maid in hsr layout",/bangalore/hsr-layout/babysitter-nanny,bangalore,very-high,"service x locality (babysitter-nanny)",yes
"elder care maid in hsr layout",/bangalore/hsr-layout/elder-care,bangalore,very-high,"service x locality (elder-care)",yes
"caretaker for elderly in hsr layout",/bangalore/hsr-layout/elder-care,bangalore,very-high,"service x locality (elder-care)",yes
"domestic help in hsr layout",/bangalore/hsr-layout/domestic-help,bangalore,very-high,"service x locality (domestic-help)",yes
"house help in hsr layout",/bangalore/hsr-layout/domestic-help,bangalore,very-high,"service x locality (domestic-help)",yes
"maid service in bellandur",/bangalore/bellandur,bangalore,very-high,"locality hub",yes
"maid agency in bellandur",/bangalore/bellandur,bangalore,very-high,"locality hub",yes
"maid provider in bellandur",/bangalore/bellandur,bangalore,very-high,"locality hub",yes
"house maid in bellandur",/bangalore/bellandur,bangalore,very-high,"locality hub",yes
"housemaid in bellandur",/bangalore/bellandur,bangalore,very-high,"locality hub",yes
"professional maid service in bellandur",/bangalore/bellandur,bangalore,very-high,"locality hub",yes
"best maid service in bellandur",/bangalore/bellandur,bangalore,very-high,"locality hub",yes
"verified maid service in bellandur",/bangalore/bellandur,bangalore,very-high,"locality hub",yes
"reliable maid service in bellandur",/bangalore/bellandur,bangalore,very-high,"locality hub",yes
"maid near me bellandur",/bangalore/bellandur,bangalore,very-high,"locality hub",yes
"full time maid in bellandur",/bangalore/bellandur/full-time-maid,bangalore,very-high,"service x locality (full-time-maid)",yes
"live in maid in bellandur",/bangalore/bellandur/full-time-maid,bangalore,very-high,"service x locality (full-time-maid)",yes
"24 hours maid in bellandur",/bangalore/bellandur/full-time-maid,bangalore,very-high,"service x locality (full-time-maid)",yes
"part time maid in bellandur",/bangalore/bellandur/part-time-maid,bangalore,very-high,"service x locality (part-time-maid)",yes
"hourly maid in bellandur",/bangalore/bellandur/part-time-maid,bangalore,very-high,"service x locality (part-time-maid)",yes
"morning maid in bellandur",/bangalore/bellandur/part-time-maid,bangalore,very-high,"service x locality (part-time-maid)",yes
"cook service in bellandur",/bangalore/bellandur/cook,bangalore,very-high,"service x locality (cook)",yes
"home cook in bellandur",/bangalore/bellandur/cook,bangalore,very-high,"service x locality (cook)",yes
"cook in bellandur",/bangalore/bellandur/cook,bangalore,very-high,"service x locality (cook)",yes
"babysitter in bellandur",/bangalore/bellandur/babysitter-nanny,bangalore,very-high,"service x locality (babysitter-nanny)",yes
"nanny service in bellandur",/bangalore/bellandur/babysitter-nanny,bangalore,very-high,"service x locality (babysitter-nanny)",yes
"japa maid in bellandur",/bangalore/bellandur/babysitter-nanny,bangalore,very-high,"service x locality (babysitter-nanny)",yes
"elder care maid in bellandur",/bangalore/bellandur/elder-care,bangalore,very-high,"service x locality (elder-care)",yes
"caretaker for elderly in bellandur",/bangalore/bellandur/elder-care,bangalore,very-high,"service x locality (elder-care)",yes
"domestic help in bellandur",/bangalore/bellandur/domestic-help,bangalore,very-high,"service x locality (domestic-help)",yes
"house help in bellandur",/bangalore/bellandur/domestic-help,bangalore,very-high,"service x locality (domestic-help)",yes
"maid service in sarjapur road",/bangalore/sarjapur-road,bangalore,very-high,"locality hub",yes
"maid agency in sarjapur road",/bangalore/sarjapur-road,bangalore,very-high,"locality hub",yes
"maid provider in sarjapur road",/bangalore/sarjapur-road,bangalore,very-high,"locality hub",yes
"house maid in sarjapur road",/bangalore/sarjapur-road,bangalore,very-high,"locality hub",yes
"housemaid in sarjapur road",/bangalore/sarjapur-road,bangalore,very-high,"locality hub",yes
"professional maid service in sarjapur road",/bangalore/sarjapur-road,bangalore,very-high,"locality hub",yes
"best maid service in sarjapur road",/bangalore/sarjapur-road,bangalore,very-high,"locality hub",yes
"verified maid service in sarjapur road",/bangalore/sarjapur-road,bangalore,very-high,"locality hub",yes
"reliable maid service in sarjapur road",/bangalore/sarjapur-road,bangalore,very-high,"locality hub",yes
"maid near me sarjapur road",/bangalore/sarjapur-road,bangalore,very-high,"locality hub",yes
"maid service in sarjapura road",/bangalore/sarjapur-road,bangalore,very-high,"locality hub (alt name, same page)",yes
"full time maid in sarjapur road",/bangalore/sarjapur-road/full-time-maid,bangalore,very-high,"service x locality (full-time-maid)",yes
"live in maid in sarjapur road",/bangalore/sarjapur-road/full-time-maid,bangalore,very-high,"service x locality (full-time-maid)",yes
"24 hours maid in sarjapur road",/bangalore/sarjapur-road/full-time-maid,bangalore,very-high,"service x locality (full-time-maid)",yes
"part time maid in sarjapur road",/bangalore/sarjapur-road/part-time-maid,bangalore,very-high,"service x locality (part-time-maid)",yes
"hourly maid in sarjapur road",/bangalore/sarjapur-road/part-time-maid,bangalore,very-high,"service x locality (part-time-maid)",yes
"morning maid in sarjapur road",/bangalore/sarjapur-road/part-time-maid,bangalore,very-high,"service x locality (part-time-maid)",yes
"cook service in sarjapur road",/bangalore/sarjapur-road/cook,bangalore,very-high,"service x locality (cook)",yes
"home cook in sarjapur road",/bangalore/sarjapur-road/cook,bangalore,very-high,"service x locality (cook)",yes
"cook in sarjapur road",/bangalore/sarjapur-road/cook,bangalore,very-high,"service x locality (cook)",yes
"babysitter in sarjapur road",/bangalore/sarjapur-road/babysitter-nanny,bangalore,very-high,"service x locality (babysitter-nanny)",yes
"nanny service in sarjapur road",/bangalore/sarjapur-road/babysitter-nanny,bangalore,very-high,"service x locality (babysitter-nanny)",yes
"japa maid in sarjapur road",/bangalore/sarjapur-road/babysitter-nanny,bangalore,very-high,"service x locality (babysitter-nanny)",yes
"elder care maid in sarjapur road",/bangalore/sarjapur-road/elder-care,bangalore,very-high,"service x locality (elder-care)",yes
"caretaker for elderly in sarjapur road",/bangalore/sarjapur-road/elder-care,bangalore,very-high,"service x locality (elder-care)",yes
"domestic help in sarjapur road",/bangalore/sarjapur-road/domestic-help,bangalore,very-high,"service x locality (domestic-help)",yes
"house help in sarjapur road",/bangalore/sarjapur-road/domestic-help,bangalore,very-high,"service x locality (domestic-help)",yes
"maid service in bommanahalli",/bangalore/bommanahalli,bangalore,very-high,"locality hub",yes
"maid agency in bommanahalli",/bangalore/bommanahalli,bangalore,very-high,"locality hub",yes
"maid provider in bommanahalli",/bangalore/bommanahalli,bangalore,very-high,"locality hub",yes
"house maid in bommanahalli",/bangalore/bommanahalli,bangalore,very-high,"locality hub",yes
"housemaid in bommanahalli",/bangalore/bommanahalli,bangalore,very-high,"locality hub",yes
"professional maid service in bommanahalli",/bangalore/bommanahalli,bangalore,very-high,"locality hub",yes
"best maid service in bommanahalli",/bangalore/bommanahalli,bangalore,very-high,"locality hub",yes
"verified maid service in bommanahalli",/bangalore/bommanahalli,bangalore,very-high,"locality hub",yes
"reliable maid service in bommanahalli",/bangalore/bommanahalli,bangalore,very-high,"locality hub",yes
"maid near me bommanahalli",/bangalore/bommanahalli,bangalore,very-high,"locality hub",yes
"full time maid in bommanahalli",/bangalore/bommanahalli/full-time-maid,bangalore,very-high,"service x locality (full-time-maid)",yes
"live in maid in bommanahalli",/bangalore/bommanahalli/full-time-maid,bangalore,very-high,"service x locality (full-time-maid)",yes
"24 hours maid in bommanahalli",/bangalore/bommanahalli/full-time-maid,bangalore,very-high,"service x locality (full-time-maid)",yes
"part time maid in bommanahalli",/bangalore/bommanahalli/part-time-maid,bangalore,very-high,"service x locality (part-time-maid)",yes
"hourly maid in bommanahalli",/bangalore/bommanahalli/part-time-maid,bangalore,very-high,"service x locality (part-time-maid)",yes
"morning maid in bommanahalli",/bangalore/bommanahalli/part-time-maid,bangalore,very-high,"service x locality (part-time-maid)",yes
"cook service in bommanahalli",/bangalore/bommanahalli/cook,bangalore,very-high,"service x locality (cook)",yes
"home cook in bommanahalli",/bangalore/bommanahalli/cook,bangalore,very-high,"service x locality (cook)",yes
"cook in bommanahalli",/bangalore/bommanahalli/cook,bangalore,very-high,"service x locality (cook)",yes
"babysitter in bommanahalli",/bangalore/bommanahalli/babysitter-nanny,bangalore,very-high,"service x locality (babysitter-nanny)",yes
"nanny service in bommanahalli",/bangalore/bommanahalli/babysitter-nanny,bangalore,very-high,"service x locality (babysitter-nanny)",yes
"japa maid in bommanahalli",/bangalore/bommanahalli/babysitter-nanny,bangalore,very-high,"service x locality (babysitter-nanny)",yes
"elder care maid in bommanahalli",/bangalore/bommanahalli/elder-care,bangalore,very-high,"service x locality (elder-care)",yes
"caretaker for elderly in bommanahalli",/bangalore/bommanahalli/elder-care,bangalore,very-high,"service x locality (elder-care)",yes
"domestic help in bommanahalli",/bangalore/bommanahalli/domestic-help,bangalore,very-high,"service x locality (domestic-help)",yes
"house help in bommanahalli",/bangalore/bommanahalli/domestic-help,bangalore,very-high,"service x locality (domestic-help)",yes
"maid service in electronic city",/bangalore/electronic-city,bangalore,very-high,"locality hub",yes
"maid agency in electronic city",/bangalore/electronic-city,bangalore,very-high,"locality hub",yes
"maid provider in electronic city",/bangalore/electronic-city,bangalore,very-high,"locality hub",yes
"house maid in electronic city",/bangalore/electronic-city,bangalore,very-high,"locality hub",yes
"housemaid in electronic city",/bangalore/electronic-city,bangalore,very-high,"locality hub",yes
"professional maid service in electronic city",/bangalore/electronic-city,bangalore,very-high,"locality hub",yes
"best maid service in electronic city",/bangalore/electronic-city,bangalore,very-high,"locality hub",yes
"verified maid service in electronic city",/bangalore/electronic-city,bangalore,very-high,"locality hub",yes
"reliable maid service in electronic city",/bangalore/electronic-city,bangalore,very-high,"locality hub",yes
"maid near me electronic city",/bangalore/electronic-city,bangalore,very-high,"locality hub",yes
"maid service in e-city",/bangalore/electronic-city,bangalore,very-high,"locality hub (alt name, same page)",yes
"full time maid in electronic city",/bangalore/electronic-city/full-time-maid,bangalore,very-high,"service x locality (full-time-maid)",yes
"live in maid in electronic city",/bangalore/electronic-city/full-time-maid,bangalore,very-high,"service x locality (full-time-maid)",yes
"24 hours maid in electronic city",/bangalore/electronic-city/full-time-maid,bangalore,very-high,"service x locality (full-time-maid)",yes
"part time maid in electronic city",/bangalore/electronic-city/part-time-maid,bangalore,very-high,"service x locality (part-time-maid)",yes
"hourly maid in electronic city",/bangalore/electronic-city/part-time-maid,bangalore,very-high,"service x locality (part-time-maid)",yes
"morning maid in electronic city",/bangalore/electronic-city/part-time-maid,bangalore,very-high,"service x locality (part-time-maid)",yes
"cook service in electronic city",/bangalore/electronic-city/cook,bangalore,very-high,"service x locality (cook)",yes
"home cook in electronic city",/bangalore/electronic-city/cook,bangalore,very-high,"service x locality (cook)",yes
"cook in electronic city",/bangalore/electronic-city/cook,bangalore,very-high,"service x locality (cook)",yes
"babysitter in electronic city",/bangalore/electronic-city/babysitter-nanny,bangalore,very-high,"service x locality (babysitter-nanny)",yes
"nanny service in electronic city",/bangalore/electronic-city/babysitter-nanny,bangalore,very-high,"service x locality (babysitter-nanny)",yes
"japa maid in electronic city",/bangalore/electronic-city/babysitter-nanny,bangalore,very-high,"service x locality (babysitter-nanny)",yes
"elder care maid in electronic city",/bangalore/electronic-city/elder-care,bangalore,very-high,"service x locality (elder-care)",yes
"caretaker for elderly in electronic city",/bangalore/electronic-city/elder-care,bangalore,very-high,"service x locality (elder-care)",yes
"domestic help in electronic city",/bangalore/electronic-city/domestic-help,bangalore,very-high,"service x locality (domestic-help)",yes
"house help in electronic city",/bangalore/electronic-city/domestic-help,bangalore,very-high,"service x locality (domestic-help)",yes
"maid service in begur",/bangalore/begur,bangalore,high,"locality hub",yes
"maid agency in begur",/bangalore/begur,bangalore,high,"locality hub",yes
"domestic help in begur",/bangalore/begur,bangalore,high,"locality hub",yes
"full-time maid in begur",/bangalore/begur/full-time-maid,bangalore,high,"service x locality (full-time-maid)",yes
"part-time maid in begur",/bangalore/begur/part-time-maid,bangalore,high,"service x locality (part-time-maid)",yes
"cook in begur",/bangalore/begur/cook,bangalore,high,"service x locality (cook)",yes
"babysitter / nanny in begur",/bangalore/begur/babysitter-nanny,bangalore,high,"service x locality (babysitter-nanny)",yes
"elder care in begur",/bangalore/begur/elder-care,bangalore,high,"service x locality (elder-care)",yes
"maid service in jp nagar",/bangalore/jp-nagar,bangalore,very-high,"locality hub",yes
"maid agency in jp nagar",/bangalore/jp-nagar,bangalore,very-high,"locality hub",yes
"maid provider in jp nagar",/bangalore/jp-nagar,bangalore,very-high,"locality hub",yes
"house maid in jp nagar",/bangalore/jp-nagar,bangalore,very-high,"locality hub",yes
"housemaid in jp nagar",/bangalore/jp-nagar,bangalore,very-high,"locality hub",yes
"professional maid service in jp nagar",/bangalore/jp-nagar,bangalore,very-high,"locality hub",yes
"best maid service in jp nagar",/bangalore/jp-nagar,bangalore,very-high,"locality hub",yes
"verified maid service in jp nagar",/bangalore/jp-nagar,bangalore,very-high,"locality hub",yes
"reliable maid service in jp nagar",/bangalore/jp-nagar,bangalore,very-high,"locality hub",yes
"maid near me jp nagar",/bangalore/jp-nagar,bangalore,very-high,"locality hub",yes
"maid service in j.p. nagar",/bangalore/jp-nagar,bangalore,very-high,"locality hub (alt name, same page)",yes
"full time maid in jp nagar",/bangalore/jp-nagar/full-time-maid,bangalore,very-high,"service x locality (full-time-maid)",yes
"live in maid in jp nagar",/bangalore/jp-nagar/full-time-maid,bangalore,very-high,"service x locality (full-time-maid)",yes
"24 hours maid in jp nagar",/bangalore/jp-nagar/full-time-maid,bangalore,very-high,"service x locality (full-time-maid)",yes
"part time maid in jp nagar",/bangalore/jp-nagar/part-time-maid,bangalore,very-high,"service x locality (part-time-maid)",yes
"hourly maid in jp nagar",/bangalore/jp-nagar/part-time-maid,bangalore,very-high,"service x locality (part-time-maid)",yes
"morning maid in jp nagar",/bangalore/jp-nagar/part-time-maid,bangalore,very-high,"service x locality (part-time-maid)",yes
"cook service in jp nagar",/bangalore/jp-nagar/cook,bangalore,very-high,"service x locality (cook)",yes
"home cook in jp nagar",/bangalore/jp-nagar/cook,bangalore,very-high,"service x locality (cook)",yes
"cook in jp nagar",/bangalore/jp-nagar/cook,bangalore,very-high,"service x locality (cook)",yes
"babysitter in jp nagar",/bangalore/jp-nagar/babysitter-nanny,bangalore,very-high,"service x locality (babysitter-nanny)",yes
"nanny service in jp nagar",/bangalore/jp-nagar/babysitter-nanny,bangalore,very-high,"service x locality (babysitter-nanny)",yes
"japa maid in jp nagar",/bangalore/jp-nagar/babysitter-nanny,bangalore,very-high,"service x locality (babysitter-nanny)",yes
"elder care maid in jp nagar",/bangalore/jp-nagar/elder-care,bangalore,very-high,"service x locality (elder-care)",yes
"caretaker for elderly in jp nagar",/bangalore/jp-nagar/elder-care,bangalore,very-high,"service x locality (elder-care)",yes
"domestic help in jp nagar",/bangalore/jp-nagar/domestic-help,bangalore,very-high,"service x locality (domestic-help)",yes
"house help in jp nagar",/bangalore/jp-nagar/domestic-help,bangalore,very-high,"service x locality (domestic-help)",yes
"maid service in jayanagar",/bangalore/jayanagar,bangalore,very-high,"locality hub",yes
"maid agency in jayanagar",/bangalore/jayanagar,bangalore,very-high,"locality hub",yes
"maid provider in jayanagar",/bangalore/jayanagar,bangalore,very-high,"locality hub",yes
"house maid in jayanagar",/bangalore/jayanagar,bangalore,very-high,"locality hub",yes
"housemaid in jayanagar",/bangalore/jayanagar,bangalore,very-high,"locality hub",yes
"professional maid service in jayanagar",/bangalore/jayanagar,bangalore,very-high,"locality hub",yes
"best maid service in jayanagar",/bangalore/jayanagar,bangalore,very-high,"locality hub",yes
"verified maid service in jayanagar",/bangalore/jayanagar,bangalore,very-high,"locality hub",yes
"reliable maid service in jayanagar",/bangalore/jayanagar,bangalore,very-high,"locality hub",yes
"maid near me jayanagar",/bangalore/jayanagar,bangalore,very-high,"locality hub",yes
"full time maid in jayanagar",/bangalore/jayanagar/full-time-maid,bangalore,very-high,"service x locality (full-time-maid)",yes
"live in maid in jayanagar",/bangalore/jayanagar/full-time-maid,bangalore,very-high,"service x locality (full-time-maid)",yes
"24 hours maid in jayanagar",/bangalore/jayanagar/full-time-maid,bangalore,very-high,"service x locality (full-time-maid)",yes
"part time maid in jayanagar",/bangalore/jayanagar/part-time-maid,bangalore,very-high,"service x locality (part-time-maid)",yes
"hourly maid in jayanagar",/bangalore/jayanagar/part-time-maid,bangalore,very-high,"service x locality (part-time-maid)",yes
"morning maid in jayanagar",/bangalore/jayanagar/part-time-maid,bangalore,very-high,"service x locality (part-time-maid)",yes
"cook service in jayanagar",/bangalore/jayanagar/cook,bangalore,very-high,"service x locality (cook)",yes
"home cook in jayanagar",/bangalore/jayanagar/cook,bangalore,very-high,"service x locality (cook)",yes
"cook in jayanagar",/bangalore/jayanagar/cook,bangalore,very-high,"service x locality (cook)",yes
"babysitter in jayanagar",/bangalore/jayanagar/babysitter-nanny,bangalore,very-high,"service x locality (babysitter-nanny)",yes
"nanny service in jayanagar",/bangalore/jayanagar/babysitter-nanny,bangalore,very-high,"service x locality (babysitter-nanny)",yes
"japa maid in jayanagar",/bangalore/jayanagar/babysitter-nanny,bangalore,very-high,"service x locality (babysitter-nanny)",yes
"elder care maid in jayanagar",/bangalore/jayanagar/elder-care,bangalore,very-high,"service x locality (elder-care)",yes
"caretaker for elderly in jayanagar",/bangalore/jayanagar/elder-care,bangalore,very-high,"service x locality (elder-care)",yes
"domestic help in jayanagar",/bangalore/jayanagar/domestic-help,bangalore,very-high,"service x locality (domestic-help)",yes
"house help in jayanagar",/bangalore/jayanagar/domestic-help,bangalore,very-high,"service x locality (domestic-help)",yes
"maid service in bannerghatta road",/bangalore/bannerghatta-road,bangalore,very-high,"locality hub",yes
"maid agency in bannerghatta road",/bangalore/bannerghatta-road,bangalore,very-high,"locality hub",yes
"maid provider in bannerghatta road",/bangalore/bannerghatta-road,bangalore,very-high,"locality hub",yes
"house maid in bannerghatta road",/bangalore/bannerghatta-road,bangalore,very-high,"locality hub",yes
"housemaid in bannerghatta road",/bangalore/bannerghatta-road,bangalore,very-high,"locality hub",yes
"professional maid service in bannerghatta road",/bangalore/bannerghatta-road,bangalore,very-high,"locality hub",yes
"best maid service in bannerghatta road",/bangalore/bannerghatta-road,bangalore,very-high,"locality hub",yes
"verified maid service in bannerghatta road",/bangalore/bannerghatta-road,bangalore,very-high,"locality hub",yes
"reliable maid service in bannerghatta road",/bangalore/bannerghatta-road,bangalore,very-high,"locality hub",yes
"maid near me bannerghatta road",/bangalore/bannerghatta-road,bangalore,very-high,"locality hub",yes
"maid service in bannerghatta",/bangalore/bannerghatta-road,bangalore,very-high,"locality hub (alt name, same page)",yes
"full time maid in bannerghatta road",/bangalore/bannerghatta-road/full-time-maid,bangalore,very-high,"service x locality (full-time-maid)",yes
"live in maid in bannerghatta road",/bangalore/bannerghatta-road/full-time-maid,bangalore,very-high,"service x locality (full-time-maid)",yes
"24 hours maid in bannerghatta road",/bangalore/bannerghatta-road/full-time-maid,bangalore,very-high,"service x locality (full-time-maid)",yes
"part time maid in bannerghatta road",/bangalore/bannerghatta-road/part-time-maid,bangalore,very-high,"service x locality (part-time-maid)",yes
"hourly maid in bannerghatta road",/bangalore/bannerghatta-road/part-time-maid,bangalore,very-high,"service x locality (part-time-maid)",yes
"morning maid in bannerghatta road",/bangalore/bannerghatta-road/part-time-maid,bangalore,very-high,"service x locality (part-time-maid)",yes
"cook service in bannerghatta road",/bangalore/bannerghatta-road/cook,bangalore,very-high,"service x locality (cook)",no
"home cook in bannerghatta road",/bangalore/bannerghatta-road/cook,bangalore,very-high,"service x locality (cook)",no
"cook in bannerghatta road",/bangalore/bannerghatta-road/cook,bangalore,very-high,"service x locality (cook)",no
"babysitter in bannerghatta road",/bangalore/bannerghatta-road/babysitter-nanny,bangalore,very-high,"service x locality (babysitter-nanny)",yes
"nanny service in bannerghatta road",/bangalore/bannerghatta-road/babysitter-nanny,bangalore,very-high,"service x locality (babysitter-nanny)",yes
"japa maid in bannerghatta road",/bangalore/bannerghatta-road/babysitter-nanny,bangalore,very-high,"service x locality (babysitter-nanny)",yes
"elder care maid in bannerghatta road",/bangalore/bannerghatta-road/elder-care,bangalore,very-high,"service x locality (elder-care)",yes
"caretaker for elderly in bannerghatta road",/bangalore/bannerghatta-road/elder-care,bangalore,very-high,"service x locality (elder-care)",yes
"domestic help in bannerghatta road",/bangalore/bannerghatta-road/domestic-help,bangalore,very-high,"service x locality (domestic-help)",yes
"house help in bannerghatta road",/bangalore/bannerghatta-road/domestic-help,bangalore,very-high,"service x locality (domestic-help)",yes
"maid service in banashankari",/bangalore/banashankari,bangalore,high,"locality hub",yes
"maid agency in banashankari",/bangalore/banashankari,bangalore,high,"locality hub",yes
"domestic help in banashankari",/bangalore/banashankari,bangalore,high,"locality hub",yes
"full-time maid in banashankari",/bangalore/banashankari/full-time-maid,bangalore,high,"service x locality (full-time-maid)",yes
"part-time maid in banashankari",/bangalore/banashankari/part-time-maid,bangalore,high,"service x locality (part-time-maid)",yes
"cook in banashankari",/bangalore/banashankari/cook,bangalore,high,"service x locality (cook)",yes
"babysitter / nanny in banashankari",/bangalore/banashankari/babysitter-nanny,bangalore,high,"service x locality (babysitter-nanny)",yes
"elder care in banashankari",/bangalore/banashankari/elder-care,bangalore,high,"service x locality (elder-care)",yes
"maid service in basavanagudi",/bangalore/basavanagudi,bangalore,high,"locality hub",yes
"maid agency in basavanagudi",/bangalore/basavanagudi,bangalore,high,"locality hub",yes
"domestic help in basavanagudi",/bangalore/basavanagudi,bangalore,high,"locality hub",yes
"full-time maid in basavanagudi",/bangalore/basavanagudi/full-time-maid,bangalore,high,"service x locality (full-time-maid)",yes
"part-time maid in basavanagudi",/bangalore/basavanagudi/part-time-maid,bangalore,high,"service x locality (part-time-maid)",yes
"cook in basavanagudi",/bangalore/basavanagudi/cook,bangalore,high,"service x locality (cook)",yes
"babysitter / nanny in basavanagudi",/bangalore/basavanagudi/babysitter-nanny,bangalore,high,"service x locality (babysitter-nanny)",yes
"elder care in basavanagudi",/bangalore/basavanagudi/elder-care,bangalore,high,"service x locality (elder-care)",yes
"maid service in wilson garden",/bangalore/wilson-garden,bangalore,high,"locality hub",yes
"maid agency in wilson garden",/bangalore/wilson-garden,bangalore,high,"locality hub",yes
"domestic help in wilson garden",/bangalore/wilson-garden,bangalore,high,"locality hub",yes
"full-time maid in wilson garden",/bangalore/wilson-garden/full-time-maid,bangalore,high,"service x locality (full-time-maid)",yes
"part-time maid in wilson garden",/bangalore/wilson-garden/part-time-maid,bangalore,high,"service x locality (part-time-maid)",yes
"cook in wilson garden",/bangalore/wilson-garden/cook,bangalore,high,"service x locality (cook)",yes
"babysitter / nanny in wilson garden",/bangalore/wilson-garden/babysitter-nanny,bangalore,high,"service x locality (babysitter-nanny)",yes
"elder care in wilson garden",/bangalore/wilson-garden/elder-care,bangalore,high,"service x locality (elder-care)",yes
"maid service in adugodi",/bangalore/adugodi,bangalore,high,"locality hub",yes
"maid agency in adugodi",/bangalore/adugodi,bangalore,high,"locality hub",yes
"domestic help in adugodi",/bangalore/adugodi,bangalore,high,"locality hub",yes
"full-time maid in adugodi",/bangalore/adugodi/full-time-maid,bangalore,high,"service x locality (full-time-maid)",yes
"part-time maid in adugodi",/bangalore/adugodi/part-time-maid,bangalore,high,"service x locality (part-time-maid)",yes
"cook in adugodi",/bangalore/adugodi/cook,bangalore,high,"service x locality (cook)",yes
"babysitter / nanny in adugodi",/bangalore/adugodi/babysitter-nanny,bangalore,high,"service x locality (babysitter-nanny)",yes
"elder care in adugodi",/bangalore/adugodi/elder-care,bangalore,high,"service x locality (elder-care)",yes
"maid service in vasanth nagar",/bangalore/vasanth-nagar,bangalore,high,"locality hub",yes
"maid agency in vasanth nagar",/bangalore/vasanth-nagar,bangalore,high,"locality hub",yes
"domestic help in vasanth nagar",/bangalore/vasanth-nagar,bangalore,high,"locality hub",yes
"full-time maid in vasanth nagar",/bangalore/vasanth-nagar/full-time-maid,bangalore,high,"service x locality (full-time-maid)",yes
"part-time maid in vasanth nagar",/bangalore/vasanth-nagar/part-time-maid,bangalore,high,"service x locality (part-time-maid)",yes
"cook in vasanth nagar",/bangalore/vasanth-nagar/cook,bangalore,high,"service x locality (cook)",yes
"babysitter / nanny in vasanth nagar",/bangalore/vasanth-nagar/babysitter-nanny,bangalore,high,"service x locality (babysitter-nanny)",yes
"elder care in vasanth nagar",/bangalore/vasanth-nagar/elder-care,bangalore,high,"service x locality (elder-care)",yes
"maid service in richmond town",/bangalore/richmond-town,bangalore,high,"locality hub",yes
"maid agency in richmond town",/bangalore/richmond-town,bangalore,high,"locality hub",yes
"domestic help in richmond town",/bangalore/richmond-town,bangalore,high,"locality hub",yes
"full-time maid in richmond town",/bangalore/richmond-town/full-time-maid,bangalore,high,"service x locality (full-time-maid)",yes
"part-time maid in richmond town",/bangalore/richmond-town/part-time-maid,bangalore,high,"service x locality (part-time-maid)",yes
"cook in richmond town",/bangalore/richmond-town/cook,bangalore,high,"service x locality (cook)",yes
"babysitter / nanny in richmond town",/bangalore/richmond-town/babysitter-nanny,bangalore,high,"service x locality (babysitter-nanny)",yes
"elder care in richmond town",/bangalore/richmond-town/elder-care,bangalore,high,"service x locality (elder-care)",yes
"maid service in domlur",/bangalore/domlur,bangalore,very-high,"locality hub",yes
"maid agency in domlur",/bangalore/domlur,bangalore,very-high,"locality hub",yes
"maid provider in domlur",/bangalore/domlur,bangalore,very-high,"locality hub",yes
"house maid in domlur",/bangalore/domlur,bangalore,very-high,"locality hub",yes
"housemaid in domlur",/bangalore/domlur,bangalore,very-high,"locality hub",yes
"professional maid service in domlur",/bangalore/domlur,bangalore,very-high,"locality hub",yes
"best maid service in domlur",/bangalore/domlur,bangalore,very-high,"locality hub",yes
"verified maid service in domlur",/bangalore/domlur,bangalore,very-high,"locality hub",yes
"reliable maid service in domlur",/bangalore/domlur,bangalore,very-high,"locality hub",yes
"maid near me domlur",/bangalore/domlur,bangalore,very-high,"locality hub",yes
"full time maid in domlur",/bangalore/domlur/full-time-maid,bangalore,very-high,"service x locality (full-time-maid)",yes
"live in maid in domlur",/bangalore/domlur/full-time-maid,bangalore,very-high,"service x locality (full-time-maid)",yes
"24 hours maid in domlur",/bangalore/domlur/full-time-maid,bangalore,very-high,"service x locality (full-time-maid)",yes
"part time maid in domlur",/bangalore/domlur/part-time-maid,bangalore,very-high,"service x locality (part-time-maid)",yes
"hourly maid in domlur",/bangalore/domlur/part-time-maid,bangalore,very-high,"service x locality (part-time-maid)",yes
"morning maid in domlur",/bangalore/domlur/part-time-maid,bangalore,very-high,"service x locality (part-time-maid)",yes
"cook service in domlur",/bangalore/domlur/cook,bangalore,very-high,"service x locality (cook)",yes
"home cook in domlur",/bangalore/domlur/cook,bangalore,very-high,"service x locality (cook)",yes
"cook in domlur",/bangalore/domlur/cook,bangalore,very-high,"service x locality (cook)",yes
"babysitter in domlur",/bangalore/domlur/babysitter-nanny,bangalore,very-high,"service x locality (babysitter-nanny)",yes
"nanny service in domlur",/bangalore/domlur/babysitter-nanny,bangalore,very-high,"service x locality (babysitter-nanny)",yes
"japa maid in domlur",/bangalore/domlur/babysitter-nanny,bangalore,very-high,"service x locality (babysitter-nanny)",yes
"elder care maid in domlur",/bangalore/domlur/elder-care,bangalore,very-high,"service x locality (elder-care)",yes
"caretaker for elderly in domlur",/bangalore/domlur/elder-care,bangalore,very-high,"service x locality (elder-care)",yes
"domestic help in domlur",/bangalore/domlur/domestic-help,bangalore,very-high,"service x locality (domestic-help)",yes
"house help in domlur",/bangalore/domlur/domestic-help,bangalore,very-high,"service x locality (domestic-help)",yes
"maid service in indiranagar",/bangalore/indiranagar,bangalore,very-high,"locality hub",yes
"maid agency in indiranagar",/bangalore/indiranagar,bangalore,very-high,"locality hub",yes
"maid provider in indiranagar",/bangalore/indiranagar,bangalore,very-high,"locality hub",yes
"house maid in indiranagar",/bangalore/indiranagar,bangalore,very-high,"locality hub",yes
"housemaid in indiranagar",/bangalore/indiranagar,bangalore,very-high,"locality hub",yes
"professional maid service in indiranagar",/bangalore/indiranagar,bangalore,very-high,"locality hub",yes
"best maid service in indiranagar",/bangalore/indiranagar,bangalore,very-high,"locality hub",yes
"verified maid service in indiranagar",/bangalore/indiranagar,bangalore,very-high,"locality hub",yes
"reliable maid service in indiranagar",/bangalore/indiranagar,bangalore,very-high,"locality hub",yes
"maid near me indiranagar",/bangalore/indiranagar,bangalore,very-high,"locality hub",yes
"maid service in indira nagar",/bangalore/indiranagar,bangalore,very-high,"locality hub (alt name, same page)",yes
"full time maid in indiranagar",/bangalore/indiranagar/full-time-maid,bangalore,very-high,"service x locality (full-time-maid)",yes
"live in maid in indiranagar",/bangalore/indiranagar/full-time-maid,bangalore,very-high,"service x locality (full-time-maid)",yes
"24 hours maid in indiranagar",/bangalore/indiranagar/full-time-maid,bangalore,very-high,"service x locality (full-time-maid)",yes
"part time maid in indiranagar",/bangalore/indiranagar/part-time-maid,bangalore,very-high,"service x locality (part-time-maid)",yes
"hourly maid in indiranagar",/bangalore/indiranagar/part-time-maid,bangalore,very-high,"service x locality (part-time-maid)",yes
"morning maid in indiranagar",/bangalore/indiranagar/part-time-maid,bangalore,very-high,"service x locality (part-time-maid)",yes
"cook service in indiranagar",/bangalore/indiranagar/cook,bangalore,very-high,"service x locality (cook)",yes
"home cook in indiranagar",/bangalore/indiranagar/cook,bangalore,very-high,"service x locality (cook)",yes
"cook in indiranagar",/bangalore/indiranagar/cook,bangalore,very-high,"service x locality (cook)",yes
"babysitter in indiranagar",/bangalore/indiranagar/babysitter-nanny,bangalore,very-high,"service x locality (babysitter-nanny)",yes
"nanny service in indiranagar",/bangalore/indiranagar/babysitter-nanny,bangalore,very-high,"service x locality (babysitter-nanny)",yes
"japa maid in indiranagar",/bangalore/indiranagar/babysitter-nanny,bangalore,very-high,"service x locality (babysitter-nanny)",yes
"elder care maid in indiranagar",/bangalore/indiranagar/elder-care,bangalore,very-high,"service x locality (elder-care)",yes
"caretaker for elderly in indiranagar",/bangalore/indiranagar/elder-care,bangalore,very-high,"service x locality (elder-care)",yes
"domestic help in indiranagar",/bangalore/indiranagar/domestic-help,bangalore,very-high,"service x locality (domestic-help)",yes
"house help in indiranagar",/bangalore/indiranagar/domestic-help,bangalore,very-high,"service x locality (domestic-help)",yes
"maid service in viveknagar",/bangalore/viveknagar,bangalore,high,"locality hub",yes
"maid agency in viveknagar",/bangalore/viveknagar,bangalore,high,"locality hub",yes
"domestic help in viveknagar",/bangalore/viveknagar,bangalore,high,"locality hub",yes
"full-time maid in viveknagar",/bangalore/viveknagar/full-time-maid,bangalore,high,"service x locality (full-time-maid)",yes
"part-time maid in viveknagar",/bangalore/viveknagar/part-time-maid,bangalore,high,"service x locality (part-time-maid)",yes
"cook in viveknagar",/bangalore/viveknagar/cook,bangalore,high,"service x locality (cook)",yes
"babysitter / nanny in viveknagar",/bangalore/viveknagar/babysitter-nanny,bangalore,high,"service x locality (babysitter-nanny)",yes
"elder care in viveknagar",/bangalore/viveknagar/elder-care,bangalore,high,"service x locality (elder-care)",yes
"maid service in chickpet",/bangalore/chickpet,bangalore,high,"locality hub",yes
"maid agency in chickpet",/bangalore/chickpet,bangalore,high,"locality hub",yes
"domestic help in chickpet",/bangalore/chickpet,bangalore,high,"locality hub",yes
"full-time maid in chickpet",/bangalore/chickpet/full-time-maid,bangalore,high,"service x locality (full-time-maid)",no
"part-time maid in chickpet",/bangalore/chickpet/part-time-maid,bangalore,high,"service x locality (part-time-maid)",yes
"cook in chickpet",/bangalore/chickpet/cook,bangalore,high,"service x locality (cook)",no
"babysitter / nanny in chickpet",/bangalore/chickpet/babysitter-nanny,bangalore,high,"service x locality (babysitter-nanny)",yes
"elder care in chickpet",/bangalore/chickpet/elder-care,bangalore,high,"service x locality (elder-care)",yes
"maid service in seshadripuram",/bangalore/seshadripuram,bangalore,high,"locality hub",yes
"maid agency in seshadripuram",/bangalore/seshadripuram,bangalore,high,"locality hub",yes
"domestic help in seshadripuram",/bangalore/seshadripuram,bangalore,high,"locality hub",yes
"full-time maid in seshadripuram",/bangalore/seshadripuram/full-time-maid,bangalore,high,"service x locality (full-time-maid)",yes
"part-time maid in seshadripuram",/bangalore/seshadripuram/part-time-maid,bangalore,high,"service x locality (part-time-maid)",yes
"cook in seshadripuram",/bangalore/seshadripuram/cook,bangalore,high,"service x locality (cook)",yes
"babysitter / nanny in seshadripuram",/bangalore/seshadripuram/babysitter-nanny,bangalore,high,"service x locality (babysitter-nanny)",yes
"elder care in seshadripuram",/bangalore/seshadripuram/elder-care,bangalore,high,"service x locality (elder-care)",yes
"maid service in kalyan nagar",/bangalore/kalyan-nagar,bangalore,high,"locality hub",yes
"maid agency in kalyan nagar",/bangalore/kalyan-nagar,bangalore,high,"locality hub",yes
"domestic help in kalyan nagar",/bangalore/kalyan-nagar,bangalore,high,"locality hub",yes
"full-time maid in kalyan nagar",/bangalore/kalyan-nagar/full-time-maid,bangalore,high,"service x locality (full-time-maid)",yes
"part-time maid in kalyan nagar",/bangalore/kalyan-nagar/part-time-maid,bangalore,high,"service x locality (part-time-maid)",yes
"cook in kalyan nagar",/bangalore/kalyan-nagar/cook,bangalore,high,"service x locality (cook)",yes
"babysitter / nanny in kalyan nagar",/bangalore/kalyan-nagar/babysitter-nanny,bangalore,high,"service x locality (babysitter-nanny)",yes
"elder care in kalyan nagar",/bangalore/kalyan-nagar/elder-care,bangalore,high,"service x locality (elder-care)",yes
"maid service in nagawara",/bangalore/nagawara,bangalore,high,"locality hub",yes
"maid agency in nagawara",/bangalore/nagawara,bangalore,high,"locality hub",yes
"domestic help in nagawara",/bangalore/nagawara,bangalore,high,"locality hub",yes
"full-time maid in nagawara",/bangalore/nagawara/full-time-maid,bangalore,high,"service x locality (full-time-maid)",yes
"part-time maid in nagawara",/bangalore/nagawara/part-time-maid,bangalore,high,"service x locality (part-time-maid)",yes
"cook in nagawara",/bangalore/nagawara/cook,bangalore,high,"service x locality (cook)",yes
"babysitter / nanny in nagawara",/bangalore/nagawara/babysitter-nanny,bangalore,high,"service x locality (babysitter-nanny)",yes
"elder care in nagawara",/bangalore/nagawara/elder-care,bangalore,high,"service x locality (elder-care)",yes
"maid service in fraser town",/bangalore/fraser-town,bangalore,high,"locality hub",yes
"maid agency in fraser town",/bangalore/fraser-town,bangalore,high,"locality hub",yes
"domestic help in fraser town",/bangalore/fraser-town,bangalore,high,"locality hub",yes
"full-time maid in fraser town",/bangalore/fraser-town/full-time-maid,bangalore,high,"service x locality (full-time-maid)",yes
"part-time maid in fraser town",/bangalore/fraser-town/part-time-maid,bangalore,high,"service x locality (part-time-maid)",yes
"cook in fraser town",/bangalore/fraser-town/cook,bangalore,high,"service x locality (cook)",yes
"babysitter / nanny in fraser town",/bangalore/fraser-town/babysitter-nanny,bangalore,high,"service x locality (babysitter-nanny)",yes
"elder care in fraser town",/bangalore/fraser-town/elder-care,bangalore,high,"service x locality (elder-care)",yes
"maid service in rajajinagar",/bangalore/rajajinagar,bangalore,high,"locality hub",yes
"maid agency in rajajinagar",/bangalore/rajajinagar,bangalore,high,"locality hub",yes
"domestic help in rajajinagar",/bangalore/rajajinagar,bangalore,high,"locality hub",yes
"full-time maid in rajajinagar",/bangalore/rajajinagar/full-time-maid,bangalore,high,"service x locality (full-time-maid)",yes
"part-time maid in rajajinagar",/bangalore/rajajinagar/part-time-maid,bangalore,high,"service x locality (part-time-maid)",yes
"cook in rajajinagar",/bangalore/rajajinagar/cook,bangalore,high,"service x locality (cook)",yes
"babysitter / nanny in rajajinagar",/bangalore/rajajinagar/babysitter-nanny,bangalore,high,"service x locality (babysitter-nanny)",yes
"elder care in rajajinagar",/bangalore/rajajinagar/elder-care,bangalore,high,"service x locality (elder-care)",yes
"maid service in vijayanagar",/bangalore/vijayanagar,bangalore,high,"locality hub",yes
"maid agency in vijayanagar",/bangalore/vijayanagar,bangalore,high,"locality hub",yes
"domestic help in vijayanagar",/bangalore/vijayanagar,bangalore,high,"locality hub",yes
"full-time maid in vijayanagar",/bangalore/vijayanagar/full-time-maid,bangalore,high,"service x locality (full-time-maid)",yes
"part-time maid in vijayanagar",/bangalore/vijayanagar/part-time-maid,bangalore,high,"service x locality (part-time-maid)",yes
"cook in vijayanagar",/bangalore/vijayanagar/cook,bangalore,high,"service x locality (cook)",yes
"babysitter / nanny in vijayanagar",/bangalore/vijayanagar/babysitter-nanny,bangalore,high,"service x locality (babysitter-nanny)",yes
"elder care in vijayanagar",/bangalore/vijayanagar/elder-care,bangalore,high,"service x locality (elder-care)",yes
"maid service in malleswaram",/bangalore/malleswaram,bangalore,high,"locality hub",yes
"maid agency in malleswaram",/bangalore/malleswaram,bangalore,high,"locality hub",yes
"domestic help in malleswaram",/bangalore/malleswaram,bangalore,high,"locality hub",yes
"full-time maid in malleswaram",/bangalore/malleswaram/full-time-maid,bangalore,high,"service x locality (full-time-maid)",yes
"part-time maid in malleswaram",/bangalore/malleswaram/part-time-maid,bangalore,high,"service x locality (part-time-maid)",yes
"cook in malleswaram",/bangalore/malleswaram/cook,bangalore,high,"service x locality (cook)",yes
"babysitter / nanny in malleswaram",/bangalore/malleswaram/babysitter-nanny,bangalore,high,"service x locality (babysitter-nanny)",yes
"elder care in malleswaram",/bangalore/malleswaram/elder-care,bangalore,high,"service x locality (elder-care)",yes
"maid service in hampankatta",/mangalore/hampankatta,mangalore,high,"locality hub",yes
"maid agency in hampankatta",/mangalore/hampankatta,mangalore,high,"locality hub",yes
"domestic help in hampankatta",/mangalore/hampankatta,mangalore,high,"locality hub",yes
"full-time maid in hampankatta",/mangalore/hampankatta/full-time-maid,mangalore,high,"service x locality (full-time-maid)",yes
"part-time maid in hampankatta",/mangalore/hampankatta/part-time-maid,mangalore,high,"service x locality (part-time-maid)",yes
"cook in hampankatta",/mangalore/hampankatta/cook,mangalore,high,"service x locality (cook)",yes
"babysitter / nanny in hampankatta",/mangalore/hampankatta/babysitter-nanny,mangalore,high,"service x locality (babysitter-nanny)",yes
"elder care in hampankatta",/mangalore/hampankatta/elder-care,mangalore,high,"service x locality (elder-care)",yes
"maid service in kodialbail",/mangalore/kodialbail,mangalore,high,"locality hub",yes
"maid agency in kodialbail",/mangalore/kodialbail,mangalore,high,"locality hub",yes
"domestic help in kodialbail",/mangalore/kodialbail,mangalore,high,"locality hub",yes
"full-time maid in kodialbail",/mangalore/kodialbail/full-time-maid,mangalore,high,"service x locality (full-time-maid)",yes
"part-time maid in kodialbail",/mangalore/kodialbail/part-time-maid,mangalore,high,"service x locality (part-time-maid)",yes
"cook in kodialbail",/mangalore/kodialbail/cook,mangalore,high,"service x locality (cook)",yes
"babysitter / nanny in kodialbail",/mangalore/kodialbail/babysitter-nanny,mangalore,high,"service x locality (babysitter-nanny)",yes
"elder care in kodialbail",/mangalore/kodialbail/elder-care,mangalore,high,"service x locality (elder-care)",yes
"maid service in kadri",/mangalore/kadri,mangalore,very-high,"locality hub",yes
"maid agency in kadri",/mangalore/kadri,mangalore,very-high,"locality hub",yes
"maid provider in kadri",/mangalore/kadri,mangalore,very-high,"locality hub",yes
"house maid in kadri",/mangalore/kadri,mangalore,very-high,"locality hub",yes
"housemaid in kadri",/mangalore/kadri,mangalore,very-high,"locality hub",yes
"professional maid service in kadri",/mangalore/kadri,mangalore,very-high,"locality hub",yes
"best maid service in kadri",/mangalore/kadri,mangalore,very-high,"locality hub",yes
"verified maid service in kadri",/mangalore/kadri,mangalore,very-high,"locality hub",yes
"reliable maid service in kadri",/mangalore/kadri,mangalore,very-high,"locality hub",yes
"maid near me kadri",/mangalore/kadri,mangalore,very-high,"locality hub",yes
"full time maid in kadri",/mangalore/kadri/full-time-maid,mangalore,very-high,"service x locality (full-time-maid)",yes
"live in maid in kadri",/mangalore/kadri/full-time-maid,mangalore,very-high,"service x locality (full-time-maid)",yes
"24 hours maid in kadri",/mangalore/kadri/full-time-maid,mangalore,very-high,"service x locality (full-time-maid)",yes
"part time maid in kadri",/mangalore/kadri/part-time-maid,mangalore,very-high,"service x locality (part-time-maid)",yes
"hourly maid in kadri",/mangalore/kadri/part-time-maid,mangalore,very-high,"service x locality (part-time-maid)",yes
"morning maid in kadri",/mangalore/kadri/part-time-maid,mangalore,very-high,"service x locality (part-time-maid)",yes
"cook service in kadri",/mangalore/kadri/cook,mangalore,very-high,"service x locality (cook)",yes
"home cook in kadri",/mangalore/kadri/cook,mangalore,very-high,"service x locality (cook)",yes
"cook in kadri",/mangalore/kadri/cook,mangalore,very-high,"service x locality (cook)",yes
"babysitter in kadri",/mangalore/kadri/babysitter-nanny,mangalore,very-high,"service x locality (babysitter-nanny)",yes
"nanny service in kadri",/mangalore/kadri/babysitter-nanny,mangalore,very-high,"service x locality (babysitter-nanny)",yes
"japa maid in kadri",/mangalore/kadri/babysitter-nanny,mangalore,very-high,"service x locality (babysitter-nanny)",yes
"elder care maid in kadri",/mangalore/kadri/elder-care,mangalore,very-high,"service x locality (elder-care)",yes
"caretaker for elderly in kadri",/mangalore/kadri/elder-care,mangalore,very-high,"service x locality (elder-care)",yes
"domestic help in kadri",/mangalore/kadri/domestic-help,mangalore,very-high,"service x locality (domestic-help)",yes
"house help in kadri",/mangalore/kadri/domestic-help,mangalore,very-high,"service x locality (domestic-help)",yes
"maid service in kottara",/mangalore/kottara,mangalore,high,"locality hub",yes
"maid agency in kottara",/mangalore/kottara,mangalore,high,"locality hub",yes
"domestic help in kottara",/mangalore/kottara,mangalore,high,"locality hub",yes
"full-time maid in kottara",/mangalore/kottara/full-time-maid,mangalore,high,"service x locality (full-time-maid)",yes
"part-time maid in kottara",/mangalore/kottara/part-time-maid,mangalore,high,"service x locality (part-time-maid)",yes
"cook in kottara",/mangalore/kottara/cook,mangalore,high,"service x locality (cook)",yes
"babysitter / nanny in kottara",/mangalore/kottara/babysitter-nanny,mangalore,high,"service x locality (babysitter-nanny)",yes
"elder care in kottara",/mangalore/kottara/elder-care,mangalore,high,"service x locality (elder-care)",yes
"maid service in bejai",/mangalore/bejai,mangalore,very-high,"locality hub",yes
"maid agency in bejai",/mangalore/bejai,mangalore,very-high,"locality hub",yes
"maid provider in bejai",/mangalore/bejai,mangalore,very-high,"locality hub",yes
"house maid in bejai",/mangalore/bejai,mangalore,very-high,"locality hub",yes
"housemaid in bejai",/mangalore/bejai,mangalore,very-high,"locality hub",yes
"professional maid service in bejai",/mangalore/bejai,mangalore,very-high,"locality hub",yes
"best maid service in bejai",/mangalore/bejai,mangalore,very-high,"locality hub",yes
"verified maid service in bejai",/mangalore/bejai,mangalore,very-high,"locality hub",yes
"reliable maid service in bejai",/mangalore/bejai,mangalore,very-high,"locality hub",yes
"maid near me bejai",/mangalore/bejai,mangalore,very-high,"locality hub",yes
"full time maid in bejai",/mangalore/bejai/full-time-maid,mangalore,very-high,"service x locality (full-time-maid)",yes
"live in maid in bejai",/mangalore/bejai/full-time-maid,mangalore,very-high,"service x locality (full-time-maid)",yes
"24 hours maid in bejai",/mangalore/bejai/full-time-maid,mangalore,very-high,"service x locality (full-time-maid)",yes
"part time maid in bejai",/mangalore/bejai/part-time-maid,mangalore,very-high,"service x locality (part-time-maid)",yes
"hourly maid in bejai",/mangalore/bejai/part-time-maid,mangalore,very-high,"service x locality (part-time-maid)",yes
"morning maid in bejai",/mangalore/bejai/part-time-maid,mangalore,very-high,"service x locality (part-time-maid)",yes
"cook service in bejai",/mangalore/bejai/cook,mangalore,very-high,"service x locality (cook)",yes
"home cook in bejai",/mangalore/bejai/cook,mangalore,very-high,"service x locality (cook)",yes
"cook in bejai",/mangalore/bejai/cook,mangalore,very-high,"service x locality (cook)",yes
"babysitter in bejai",/mangalore/bejai/babysitter-nanny,mangalore,very-high,"service x locality (babysitter-nanny)",yes
"nanny service in bejai",/mangalore/bejai/babysitter-nanny,mangalore,very-high,"service x locality (babysitter-nanny)",yes
"japa maid in bejai",/mangalore/bejai/babysitter-nanny,mangalore,very-high,"service x locality (babysitter-nanny)",yes
"elder care maid in bejai",/mangalore/bejai/elder-care,mangalore,very-high,"service x locality (elder-care)",yes
"caretaker for elderly in bejai",/mangalore/bejai/elder-care,mangalore,very-high,"service x locality (elder-care)",yes
"domestic help in bejai",/mangalore/bejai/domestic-help,mangalore,very-high,"service x locality (domestic-help)",yes
"house help in bejai",/mangalore/bejai/domestic-help,mangalore,very-high,"service x locality (domestic-help)",yes
"maid service in derebail",/mangalore/derebail,mangalore,high,"locality hub",yes
"maid agency in derebail",/mangalore/derebail,mangalore,high,"locality hub",yes
"domestic help in derebail",/mangalore/derebail,mangalore,high,"locality hub",yes
"full-time maid in derebail",/mangalore/derebail/full-time-maid,mangalore,high,"service x locality (full-time-maid)",yes
"part-time maid in derebail",/mangalore/derebail/part-time-maid,mangalore,high,"service x locality (part-time-maid)",yes
"cook in derebail",/mangalore/derebail/cook,mangalore,high,"service x locality (cook)",yes
"babysitter / nanny in derebail",/mangalore/derebail/babysitter-nanny,mangalore,high,"service x locality (babysitter-nanny)",yes
"elder care in derebail",/mangalore/derebail/elder-care,mangalore,high,"service x locality (elder-care)",yes
"maid service in kulshekar",/mangalore/kulshekar,mangalore,high,"locality hub",yes
"maid agency in kulshekar",/mangalore/kulshekar,mangalore,high,"locality hub",yes
"domestic help in kulshekar",/mangalore/kulshekar,mangalore,high,"locality hub",yes
"full-time maid in kulshekar",/mangalore/kulshekar/full-time-maid,mangalore,high,"service x locality (full-time-maid)",yes
"part-time maid in kulshekar",/mangalore/kulshekar/part-time-maid,mangalore,high,"service x locality (part-time-maid)",yes
"cook in kulshekar",/mangalore/kulshekar/cook,mangalore,high,"service x locality (cook)",yes
"babysitter / nanny in kulshekar",/mangalore/kulshekar/babysitter-nanny,mangalore,high,"service x locality (babysitter-nanny)",yes
"elder care in kulshekar",/mangalore/kulshekar/elder-care,mangalore,high,"service x locality (elder-care)",yes
"maid service in valencia",/mangalore/valencia,mangalore,high,"locality hub",yes
"maid agency in valencia",/mangalore/valencia,mangalore,high,"locality hub",yes
"domestic help in valencia",/mangalore/valencia,mangalore,high,"locality hub",yes
"full-time maid in valencia",/mangalore/valencia/full-time-maid,mangalore,high,"service x locality (full-time-maid)",yes
"part-time maid in valencia",/mangalore/valencia/part-time-maid,mangalore,high,"service x locality (part-time-maid)",yes
"cook in valencia",/mangalore/valencia/cook,mangalore,high,"service x locality (cook)",yes
"babysitter / nanny in valencia",/mangalore/valencia/babysitter-nanny,mangalore,high,"service x locality (babysitter-nanny)",yes
"elder care in valencia",/mangalore/valencia/elder-care,mangalore,high,"service x locality (elder-care)",yes
"maid service in bolar",/mangalore/bolar,mangalore,high,"locality hub",yes
"maid agency in bolar",/mangalore/bolar,mangalore,high,"locality hub",yes
"domestic help in bolar",/mangalore/bolar,mangalore,high,"locality hub",yes
"full-time maid in bolar",/mangalore/bolar/full-time-maid,mangalore,high,"service x locality (full-time-maid)",yes
"part-time maid in bolar",/mangalore/bolar/part-time-maid,mangalore,high,"service x locality (part-time-maid)",yes
"cook in bolar",/mangalore/bolar/cook,mangalore,high,"service x locality (cook)",yes
"babysitter / nanny in bolar",/mangalore/bolar/babysitter-nanny,mangalore,high,"service x locality (babysitter-nanny)",yes
"elder care in bolar",/mangalore/bolar/elder-care,mangalore,high,"service x locality (elder-care)",yes
"maid service in jeppu",/mangalore/jeppu,mangalore,high,"locality hub",yes
"maid agency in jeppu",/mangalore/jeppu,mangalore,high,"locality hub",yes
"domestic help in jeppu",/mangalore/jeppu,mangalore,high,"locality hub",yes
"full-time maid in jeppu",/mangalore/jeppu/full-time-maid,mangalore,high,"service x locality (full-time-maid)",yes
"part-time maid in jeppu",/mangalore/jeppu/part-time-maid,mangalore,high,"service x locality (part-time-maid)",yes
"cook in jeppu",/mangalore/jeppu/cook,mangalore,high,"service x locality (cook)",yes
"babysitter / nanny in jeppu",/mangalore/jeppu/babysitter-nanny,mangalore,high,"service x locality (babysitter-nanny)",yes
"elder care in jeppu",/mangalore/jeppu/elder-care,mangalore,high,"service x locality (elder-care)",yes
"maid service in kankanady",/mangalore/kankanady,mangalore,very-high,"locality hub",yes
"maid agency in kankanady",/mangalore/kankanady,mangalore,very-high,"locality hub",yes
"maid provider in kankanady",/mangalore/kankanady,mangalore,very-high,"locality hub",yes
"house maid in kankanady",/mangalore/kankanady,mangalore,very-high,"locality hub",yes
"housemaid in kankanady",/mangalore/kankanady,mangalore,very-high,"locality hub",yes
"professional maid service in kankanady",/mangalore/kankanady,mangalore,very-high,"locality hub",yes
"best maid service in kankanady",/mangalore/kankanady,mangalore,very-high,"locality hub",yes
"verified maid service in kankanady",/mangalore/kankanady,mangalore,very-high,"locality hub",yes
"reliable maid service in kankanady",/mangalore/kankanady,mangalore,very-high,"locality hub",yes
"maid near me kankanady",/mangalore/kankanady,mangalore,very-high,"locality hub",yes
"full time maid in kankanady",/mangalore/kankanady/full-time-maid,mangalore,very-high,"service x locality (full-time-maid)",yes
"live in maid in kankanady",/mangalore/kankanady/full-time-maid,mangalore,very-high,"service x locality (full-time-maid)",yes
"24 hours maid in kankanady",/mangalore/kankanady/full-time-maid,mangalore,very-high,"service x locality (full-time-maid)",yes
"part time maid in kankanady",/mangalore/kankanady/part-time-maid,mangalore,very-high,"service x locality (part-time-maid)",yes
"hourly maid in kankanady",/mangalore/kankanady/part-time-maid,mangalore,very-high,"service x locality (part-time-maid)",yes
"morning maid in kankanady",/mangalore/kankanady/part-time-maid,mangalore,very-high,"service x locality (part-time-maid)",yes
"cook service in kankanady",/mangalore/kankanady/cook,mangalore,very-high,"service x locality (cook)",yes
"home cook in kankanady",/mangalore/kankanady/cook,mangalore,very-high,"service x locality (cook)",yes
"cook in kankanady",/mangalore/kankanady/cook,mangalore,very-high,"service x locality (cook)",yes
"babysitter in kankanady",/mangalore/kankanady/babysitter-nanny,mangalore,very-high,"service x locality (babysitter-nanny)",yes
"nanny service in kankanady",/mangalore/kankanady/babysitter-nanny,mangalore,very-high,"service x locality (babysitter-nanny)",yes
"japa maid in kankanady",/mangalore/kankanady/babysitter-nanny,mangalore,very-high,"service x locality (babysitter-nanny)",yes
"elder care maid in kankanady",/mangalore/kankanady/elder-care,mangalore,very-high,"service x locality (elder-care)",yes
"caretaker for elderly in kankanady",/mangalore/kankanady/elder-care,mangalore,very-high,"service x locality (elder-care)",yes
"domestic help in kankanady",/mangalore/kankanady/domestic-help,mangalore,very-high,"service x locality (domestic-help)",yes
"house help in kankanady",/mangalore/kankanady/domestic-help,mangalore,very-high,"service x locality (domestic-help)",yes
"maid service in attavar",/mangalore/attavar,mangalore,very-high,"locality hub",yes
"maid agency in attavar",/mangalore/attavar,mangalore,very-high,"locality hub",yes
"maid provider in attavar",/mangalore/attavar,mangalore,very-high,"locality hub",yes
"house maid in attavar",/mangalore/attavar,mangalore,very-high,"locality hub",yes
"housemaid in attavar",/mangalore/attavar,mangalore,very-high,"locality hub",yes
"professional maid service in attavar",/mangalore/attavar,mangalore,very-high,"locality hub",yes
"best maid service in attavar",/mangalore/attavar,mangalore,very-high,"locality hub",yes
"verified maid service in attavar",/mangalore/attavar,mangalore,very-high,"locality hub",yes
"reliable maid service in attavar",/mangalore/attavar,mangalore,very-high,"locality hub",yes
"maid near me attavar",/mangalore/attavar,mangalore,very-high,"locality hub",yes
"full time maid in attavar",/mangalore/attavar/full-time-maid,mangalore,very-high,"service x locality (full-time-maid)",yes
"live in maid in attavar",/mangalore/attavar/full-time-maid,mangalore,very-high,"service x locality (full-time-maid)",yes
"24 hours maid in attavar",/mangalore/attavar/full-time-maid,mangalore,very-high,"service x locality (full-time-maid)",yes
"part time maid in attavar",/mangalore/attavar/part-time-maid,mangalore,very-high,"service x locality (part-time-maid)",yes
"hourly maid in attavar",/mangalore/attavar/part-time-maid,mangalore,very-high,"service x locality (part-time-maid)",yes
"morning maid in attavar",/mangalore/attavar/part-time-maid,mangalore,very-high,"service x locality (part-time-maid)",yes
"cook service in attavar",/mangalore/attavar/cook,mangalore,very-high,"service x locality (cook)",yes
"home cook in attavar",/mangalore/attavar/cook,mangalore,very-high,"service x locality (cook)",yes
"cook in attavar",/mangalore/attavar/cook,mangalore,very-high,"service x locality (cook)",yes
"babysitter in attavar",/mangalore/attavar/babysitter-nanny,mangalore,very-high,"service x locality (babysitter-nanny)",yes
"nanny service in attavar",/mangalore/attavar/babysitter-nanny,mangalore,very-high,"service x locality (babysitter-nanny)",yes
"japa maid in attavar",/mangalore/attavar/babysitter-nanny,mangalore,very-high,"service x locality (babysitter-nanny)",yes
"elder care maid in attavar",/mangalore/attavar/elder-care,mangalore,very-high,"service x locality (elder-care)",yes
"caretaker for elderly in attavar",/mangalore/attavar/elder-care,mangalore,very-high,"service x locality (elder-care)",yes
"domestic help in attavar",/mangalore/attavar/domestic-help,mangalore,very-high,"service x locality (domestic-help)",yes
"house help in attavar",/mangalore/attavar/domestic-help,mangalore,very-high,"service x locality (domestic-help)",yes
"maid service in urwa",/mangalore/urwa,mangalore,very-high,"locality hub",yes
"maid agency in urwa",/mangalore/urwa,mangalore,very-high,"locality hub",yes
"maid provider in urwa",/mangalore/urwa,mangalore,very-high,"locality hub",yes
"house maid in urwa",/mangalore/urwa,mangalore,very-high,"locality hub",yes
"housemaid in urwa",/mangalore/urwa,mangalore,very-high,"locality hub",yes
"professional maid service in urwa",/mangalore/urwa,mangalore,very-high,"locality hub",yes
"best maid service in urwa",/mangalore/urwa,mangalore,very-high,"locality hub",yes
"verified maid service in urwa",/mangalore/urwa,mangalore,very-high,"locality hub",yes
"reliable maid service in urwa",/mangalore/urwa,mangalore,very-high,"locality hub",yes
"maid near me urwa",/mangalore/urwa,mangalore,very-high,"locality hub",yes
"full time maid in urwa",/mangalore/urwa/full-time-maid,mangalore,very-high,"service x locality (full-time-maid)",yes
"live in maid in urwa",/mangalore/urwa/full-time-maid,mangalore,very-high,"service x locality (full-time-maid)",yes
"24 hours maid in urwa",/mangalore/urwa/full-time-maid,mangalore,very-high,"service x locality (full-time-maid)",yes
"part time maid in urwa",/mangalore/urwa/part-time-maid,mangalore,very-high,"service x locality (part-time-maid)",yes
"hourly maid in urwa",/mangalore/urwa/part-time-maid,mangalore,very-high,"service x locality (part-time-maid)",yes
"morning maid in urwa",/mangalore/urwa/part-time-maid,mangalore,very-high,"service x locality (part-time-maid)",yes
"cook service in urwa",/mangalore/urwa/cook,mangalore,very-high,"service x locality (cook)",yes
"home cook in urwa",/mangalore/urwa/cook,mangalore,very-high,"service x locality (cook)",yes
"cook in urwa",/mangalore/urwa/cook,mangalore,very-high,"service x locality (cook)",yes
"babysitter in urwa",/mangalore/urwa/babysitter-nanny,mangalore,very-high,"service x locality (babysitter-nanny)",yes
"nanny service in urwa",/mangalore/urwa/babysitter-nanny,mangalore,very-high,"service x locality (babysitter-nanny)",yes
"japa maid in urwa",/mangalore/urwa/babysitter-nanny,mangalore,very-high,"service x locality (babysitter-nanny)",yes
"elder care maid in urwa",/mangalore/urwa/elder-care,mangalore,very-high,"service x locality (elder-care)",yes
"caretaker for elderly in urwa",/mangalore/urwa/elder-care,mangalore,very-high,"service x locality (elder-care)",yes
"domestic help in urwa",/mangalore/urwa/domestic-help,mangalore,very-high,"service x locality (domestic-help)",yes
"house help in urwa",/mangalore/urwa/domestic-help,mangalore,very-high,"service x locality (domestic-help)",yes
"maid service in kavoor",/mangalore/kavoor,mangalore,high,"locality hub",yes
"maid agency in kavoor",/mangalore/kavoor,mangalore,high,"locality hub",yes
"domestic help in kavoor",/mangalore/kavoor,mangalore,high,"locality hub",yes
"full-time maid in kavoor",/mangalore/kavoor/full-time-maid,mangalore,high,"service x locality (full-time-maid)",yes
"part-time maid in kavoor",/mangalore/kavoor/part-time-maid,mangalore,high,"service x locality (part-time-maid)",yes
"cook in kavoor",/mangalore/kavoor/cook,mangalore,high,"service x locality (cook)",yes
"babysitter / nanny in kavoor",/mangalore/kavoor/babysitter-nanny,mangalore,high,"service x locality (babysitter-nanny)",yes
"elder care in kavoor",/mangalore/kavoor/elder-care,mangalore,high,"service x locality (elder-care)",yes
"maid service in bondel",/mangalore/bondel,mangalore,very-high,"locality hub",yes
"maid agency in bondel",/mangalore/bondel,mangalore,very-high,"locality hub",yes
"maid provider in bondel",/mangalore/bondel,mangalore,very-high,"locality hub",yes
"house maid in bondel",/mangalore/bondel,mangalore,very-high,"locality hub",yes
"housemaid in bondel",/mangalore/bondel,mangalore,very-high,"locality hub",yes
"professional maid service in bondel",/mangalore/bondel,mangalore,very-high,"locality hub",yes
"best maid service in bondel",/mangalore/bondel,mangalore,very-high,"locality hub",yes
"verified maid service in bondel",/mangalore/bondel,mangalore,very-high,"locality hub",yes
"reliable maid service in bondel",/mangalore/bondel,mangalore,very-high,"locality hub",yes
"maid near me bondel",/mangalore/bondel,mangalore,very-high,"locality hub",yes
"full time maid in bondel",/mangalore/bondel/full-time-maid,mangalore,very-high,"service x locality (full-time-maid)",yes
"live in maid in bondel",/mangalore/bondel/full-time-maid,mangalore,very-high,"service x locality (full-time-maid)",yes
"24 hours maid in bondel",/mangalore/bondel/full-time-maid,mangalore,very-high,"service x locality (full-time-maid)",yes
"part time maid in bondel",/mangalore/bondel/part-time-maid,mangalore,very-high,"service x locality (part-time-maid)",yes
"hourly maid in bondel",/mangalore/bondel/part-time-maid,mangalore,very-high,"service x locality (part-time-maid)",yes
"morning maid in bondel",/mangalore/bondel/part-time-maid,mangalore,very-high,"service x locality (part-time-maid)",yes
"cook service in bondel",/mangalore/bondel/cook,mangalore,very-high,"service x locality (cook)",yes
"home cook in bondel",/mangalore/bondel/cook,mangalore,very-high,"service x locality (cook)",yes
"cook in bondel",/mangalore/bondel/cook,mangalore,very-high,"service x locality (cook)",yes
"babysitter in bondel",/mangalore/bondel/babysitter-nanny,mangalore,very-high,"service x locality (babysitter-nanny)",yes
"nanny service in bondel",/mangalore/bondel/babysitter-nanny,mangalore,very-high,"service x locality (babysitter-nanny)",yes
"japa maid in bondel",/mangalore/bondel/babysitter-nanny,mangalore,very-high,"service x locality (babysitter-nanny)",yes
"elder care maid in bondel",/mangalore/bondel/elder-care,mangalore,very-high,"service x locality (elder-care)",yes
"caretaker for elderly in bondel",/mangalore/bondel/elder-care,mangalore,very-high,"service x locality (elder-care)",yes
"domestic help in bondel",/mangalore/bondel/domestic-help,mangalore,very-high,"service x locality (domestic-help)",yes
"house help in bondel",/mangalore/bondel/domestic-help,mangalore,very-high,"service x locality (domestic-help)",yes
"maid service in kulur",/mangalore/kulur,mangalore,high,"locality hub",yes
"maid agency in kulur",/mangalore/kulur,mangalore,high,"locality hub",yes
"domestic help in kulur",/mangalore/kulur,mangalore,high,"locality hub",yes
"full-time maid in kulur",/mangalore/kulur/full-time-maid,mangalore,high,"service x locality (full-time-maid)",yes
"part-time maid in kulur",/mangalore/kulur/part-time-maid,mangalore,high,"service x locality (part-time-maid)",yes
"cook in kulur",/mangalore/kulur/cook,mangalore,high,"service x locality (cook)",yes
"babysitter / nanny in kulur",/mangalore/kulur/babysitter-nanny,mangalore,high,"service x locality (babysitter-nanny)",yes
"elder care in kulur",/mangalore/kulur/elder-care,mangalore,high,"service x locality (elder-care)",yes
"maid service in nantoor",/mangalore/nantoor,mangalore,very-high,"locality hub",yes
"maid agency in nantoor",/mangalore/nantoor,mangalore,very-high,"locality hub",yes
"maid provider in nantoor",/mangalore/nantoor,mangalore,very-high,"locality hub",yes
"house maid in nantoor",/mangalore/nantoor,mangalore,very-high,"locality hub",yes
"housemaid in nantoor",/mangalore/nantoor,mangalore,very-high,"locality hub",yes
"professional maid service in nantoor",/mangalore/nantoor,mangalore,very-high,"locality hub",yes
"best maid service in nantoor",/mangalore/nantoor,mangalore,very-high,"locality hub",yes
"verified maid service in nantoor",/mangalore/nantoor,mangalore,very-high,"locality hub",yes
"reliable maid service in nantoor",/mangalore/nantoor,mangalore,very-high,"locality hub",yes
"maid near me nantoor",/mangalore/nantoor,mangalore,very-high,"locality hub",yes
"maid service in nanthoor",/mangalore/nantoor,mangalore,very-high,"locality hub (alt name, same page)",yes
"full time maid in nantoor",/mangalore/nantoor/full-time-maid,mangalore,very-high,"service x locality (full-time-maid)",yes
"live in maid in nantoor",/mangalore/nantoor/full-time-maid,mangalore,very-high,"service x locality (full-time-maid)",yes
"24 hours maid in nantoor",/mangalore/nantoor/full-time-maid,mangalore,very-high,"service x locality (full-time-maid)",yes
"part time maid in nantoor",/mangalore/nantoor/part-time-maid,mangalore,very-high,"service x locality (part-time-maid)",yes
"hourly maid in nantoor",/mangalore/nantoor/part-time-maid,mangalore,very-high,"service x locality (part-time-maid)",yes
"morning maid in nantoor",/mangalore/nantoor/part-time-maid,mangalore,very-high,"service x locality (part-time-maid)",yes
"cook service in nantoor",/mangalore/nantoor/cook,mangalore,very-high,"service x locality (cook)",yes
"home cook in nantoor",/mangalore/nantoor/cook,mangalore,very-high,"service x locality (cook)",yes
"cook in nantoor",/mangalore/nantoor/cook,mangalore,very-high,"service x locality (cook)",yes
"babysitter in nantoor",/mangalore/nantoor/babysitter-nanny,mangalore,very-high,"service x locality (babysitter-nanny)",yes
"nanny service in nantoor",/mangalore/nantoor/babysitter-nanny,mangalore,very-high,"service x locality (babysitter-nanny)",yes
"japa maid in nantoor",/mangalore/nantoor/babysitter-nanny,mangalore,very-high,"service x locality (babysitter-nanny)",yes
"elder care maid in nantoor",/mangalore/nantoor/elder-care,mangalore,very-high,"service x locality (elder-care)",yes
"caretaker for elderly in nantoor",/mangalore/nantoor/elder-care,mangalore,very-high,"service x locality (elder-care)",yes
"domestic help in nantoor",/mangalore/nantoor/domestic-help,mangalore,very-high,"service x locality (domestic-help)",yes
"house help in nantoor",/mangalore/nantoor/domestic-help,mangalore,very-high,"service x locality (domestic-help)",yes
"maid service in pumpwell",/mangalore/pumpwell,mangalore,very-high,"locality hub",yes
"maid agency in pumpwell",/mangalore/pumpwell,mangalore,very-high,"locality hub",yes
"maid provider in pumpwell",/mangalore/pumpwell,mangalore,very-high,"locality hub",yes
"house maid in pumpwell",/mangalore/pumpwell,mangalore,very-high,"locality hub",yes
"housemaid in pumpwell",/mangalore/pumpwell,mangalore,very-high,"locality hub",yes
"professional maid service in pumpwell",/mangalore/pumpwell,mangalore,very-high,"locality hub",yes
"best maid service in pumpwell",/mangalore/pumpwell,mangalore,very-high,"locality hub",yes
"verified maid service in pumpwell",/mangalore/pumpwell,mangalore,very-high,"locality hub",yes
"reliable maid service in pumpwell",/mangalore/pumpwell,mangalore,very-high,"locality hub",yes
"maid near me pumpwell",/mangalore/pumpwell,mangalore,very-high,"locality hub",yes
"full time maid in pumpwell",/mangalore/pumpwell/full-time-maid,mangalore,very-high,"service x locality (full-time-maid)",yes
"live in maid in pumpwell",/mangalore/pumpwell/full-time-maid,mangalore,very-high,"service x locality (full-time-maid)",yes
"24 hours maid in pumpwell",/mangalore/pumpwell/full-time-maid,mangalore,very-high,"service x locality (full-time-maid)",yes
"part time maid in pumpwell",/mangalore/pumpwell/part-time-maid,mangalore,very-high,"service x locality (part-time-maid)",yes
"hourly maid in pumpwell",/mangalore/pumpwell/part-time-maid,mangalore,very-high,"service x locality (part-time-maid)",yes
"morning maid in pumpwell",/mangalore/pumpwell/part-time-maid,mangalore,very-high,"service x locality (part-time-maid)",yes
"cook service in pumpwell",/mangalore/pumpwell/cook,mangalore,very-high,"service x locality (cook)",yes
"home cook in pumpwell",/mangalore/pumpwell/cook,mangalore,very-high,"service x locality (cook)",yes
"cook in pumpwell",/mangalore/pumpwell/cook,mangalore,very-high,"service x locality (cook)",yes
"babysitter in pumpwell",/mangalore/pumpwell/babysitter-nanny,mangalore,very-high,"service x locality (babysitter-nanny)",yes
"nanny service in pumpwell",/mangalore/pumpwell/babysitter-nanny,mangalore,very-high,"service x locality (babysitter-nanny)",yes
"japa maid in pumpwell",/mangalore/pumpwell/babysitter-nanny,mangalore,very-high,"service x locality (babysitter-nanny)",yes
"elder care maid in pumpwell",/mangalore/pumpwell/elder-care,mangalore,very-high,"service x locality (elder-care)",yes
"caretaker for elderly in pumpwell",/mangalore/pumpwell/elder-care,mangalore,very-high,"service x locality (elder-care)",yes
"domestic help in pumpwell",/mangalore/pumpwell/domestic-help,mangalore,very-high,"service x locality (domestic-help)",yes
"house help in pumpwell",/mangalore/pumpwell/domestic-help,mangalore,very-high,"service x locality (domestic-help)",yes
"maid service in surathkal",/mangalore/surathkal,mangalore,very-high,"locality hub",yes
"maid agency in surathkal",/mangalore/surathkal,mangalore,very-high,"locality hub",yes
"maid provider in surathkal",/mangalore/surathkal,mangalore,very-high,"locality hub",yes
"house maid in surathkal",/mangalore/surathkal,mangalore,very-high,"locality hub",yes
"housemaid in surathkal",/mangalore/surathkal,mangalore,very-high,"locality hub",yes
"professional maid service in surathkal",/mangalore/surathkal,mangalore,very-high,"locality hub",yes
"best maid service in surathkal",/mangalore/surathkal,mangalore,very-high,"locality hub",yes
"verified maid service in surathkal",/mangalore/surathkal,mangalore,very-high,"locality hub",yes
"reliable maid service in surathkal",/mangalore/surathkal,mangalore,very-high,"locality hub",yes
"maid near me surathkal",/mangalore/surathkal,mangalore,very-high,"locality hub",yes
"full time maid in surathkal",/mangalore/surathkal/full-time-maid,mangalore,very-high,"service x locality (full-time-maid)",yes
"live in maid in surathkal",/mangalore/surathkal/full-time-maid,mangalore,very-high,"service x locality (full-time-maid)",yes
"24 hours maid in surathkal",/mangalore/surathkal/full-time-maid,mangalore,very-high,"service x locality (full-time-maid)",yes
"part time maid in surathkal",/mangalore/surathkal/part-time-maid,mangalore,very-high,"service x locality (part-time-maid)",yes
"hourly maid in surathkal",/mangalore/surathkal/part-time-maid,mangalore,very-high,"service x locality (part-time-maid)",yes
"morning maid in surathkal",/mangalore/surathkal/part-time-maid,mangalore,very-high,"service x locality (part-time-maid)",yes
"cook service in surathkal",/mangalore/surathkal/cook,mangalore,very-high,"service x locality (cook)",yes
"home cook in surathkal",/mangalore/surathkal/cook,mangalore,very-high,"service x locality (cook)",yes
"cook in surathkal",/mangalore/surathkal/cook,mangalore,very-high,"service x locality (cook)",yes
"babysitter in surathkal",/mangalore/surathkal/babysitter-nanny,mangalore,very-high,"service x locality (babysitter-nanny)",yes
"nanny service in surathkal",/mangalore/surathkal/babysitter-nanny,mangalore,very-high,"service x locality (babysitter-nanny)",yes
"japa maid in surathkal",/mangalore/surathkal/babysitter-nanny,mangalore,very-high,"service x locality (babysitter-nanny)",yes
"elder care maid in surathkal",/mangalore/surathkal/elder-care,mangalore,very-high,"service x locality (elder-care)",yes
"caretaker for elderly in surathkal",/mangalore/surathkal/elder-care,mangalore,very-high,"service x locality (elder-care)",yes
"domestic help in surathkal",/mangalore/surathkal/domestic-help,mangalore,very-high,"service x locality (domestic-help)",yes
"house help in surathkal",/mangalore/surathkal/domestic-help,mangalore,very-high,"service x locality (domestic-help)",yes
"maid service in panambur",/mangalore/panambur,mangalore,high,"locality hub",yes
"maid agency in panambur",/mangalore/panambur,mangalore,high,"locality hub",yes
"domestic help in panambur",/mangalore/panambur,mangalore,high,"locality hub",yes
"full-time maid in panambur",/mangalore/panambur/full-time-maid,mangalore,high,"service x locality (full-time-maid)",yes
"part-time maid in panambur",/mangalore/panambur/part-time-maid,mangalore,high,"service x locality (part-time-maid)",yes
"cook in panambur",/mangalore/panambur/cook,mangalore,high,"service x locality (cook)",yes
"babysitter / nanny in panambur",/mangalore/panambur/babysitter-nanny,mangalore,high,"service x locality (babysitter-nanny)",yes
"elder care in panambur",/mangalore/panambur/elder-care,mangalore,high,"service x locality (elder-care)",yes
"maid service in katipalla",/mangalore/katipalla,mangalore,high,"locality hub",yes
"maid agency in katipalla",/mangalore/katipalla,mangalore,high,"locality hub",yes
"domestic help in katipalla",/mangalore/katipalla,mangalore,high,"locality hub",yes
"full-time maid in katipalla",/mangalore/katipalla/full-time-maid,mangalore,high,"service x locality (full-time-maid)",yes
"part-time maid in katipalla",/mangalore/katipalla/part-time-maid,mangalore,high,"service x locality (part-time-maid)",yes
"cook in katipalla",/mangalore/katipalla/cook,mangalore,high,"service x locality (cook)",yes
"babysitter / nanny in katipalla",/mangalore/katipalla/babysitter-nanny,mangalore,high,"service x locality (babysitter-nanny)",yes
"elder care in katipalla",/mangalore/katipalla/elder-care,mangalore,high,"service x locality (elder-care)",yes
"maid service in bajpe",/mangalore/bajpe,mangalore,high,"locality hub",yes
"maid agency in bajpe",/mangalore/bajpe,mangalore,high,"locality hub",yes
"domestic help in bajpe",/mangalore/bajpe,mangalore,high,"locality hub",yes
"full-time maid in bajpe",/mangalore/bajpe/full-time-maid,mangalore,high,"service x locality (full-time-maid)",yes
"part-time maid in bajpe",/mangalore/bajpe/part-time-maid,mangalore,high,"service x locality (part-time-maid)",yes
"cook in bajpe",/mangalore/bajpe/cook,mangalore,high,"service x locality (cook)",no
"babysitter / nanny in bajpe",/mangalore/bajpe/babysitter-nanny,mangalore,high,"service x locality (babysitter-nanny)",yes
"elder care in bajpe",/mangalore/bajpe/elder-care,mangalore,high,"service x locality (elder-care)",yes
"maid service in ullal",/mangalore/ullal,mangalore,high,"locality hub",yes
"maid agency in ullal",/mangalore/ullal,mangalore,high,"locality hub",yes
"domestic help in ullal",/mangalore/ullal,mangalore,high,"locality hub",yes
"full-time maid in ullal",/mangalore/ullal/full-time-maid,mangalore,high,"service x locality (full-time-maid)",yes
"part-time maid in ullal",/mangalore/ullal/part-time-maid,mangalore,high,"service x locality (part-time-maid)",yes
"cook in ullal",/mangalore/ullal/cook,mangalore,high,"service x locality (cook)",yes
"babysitter / nanny in ullal",/mangalore/ullal/babysitter-nanny,mangalore,high,"service x locality (babysitter-nanny)",yes
"elder care in ullal",/mangalore/ullal/elder-care,mangalore,high,"service x locality (elder-care)",yes
"maid service in konaje",/mangalore/konaje,mangalore,high,"locality hub",yes
"maid agency in konaje",/mangalore/konaje,mangalore,high,"locality hub",yes
"domestic help in konaje",/mangalore/konaje,mangalore,high,"locality hub",yes
"full-time maid in konaje",/mangalore/konaje/full-time-maid,mangalore,high,"service x locality (full-time-maid)",yes
"part-time maid in konaje",/mangalore/konaje/part-time-maid,mangalore,high,"service x locality (part-time-maid)",yes
"cook in konaje",/mangalore/konaje/cook,mangalore,high,"service x locality (cook)",no
"babysitter / nanny in konaje",/mangalore/konaje/babysitter-nanny,mangalore,high,"service x locality (babysitter-nanny)",yes
"elder care in konaje",/mangalore/konaje/elder-care,mangalore,high,"service x locality (elder-care)",yes
"maid service in mudipu",/mangalore/mudipu,mangalore,high,"locality hub",yes
"maid agency in mudipu",/mangalore/mudipu,mangalore,high,"locality hub",yes
"domestic help in mudipu",/mangalore/mudipu,mangalore,high,"locality hub",yes
"full-time maid in mudipu",/mangalore/mudipu/full-time-maid,mangalore,high,"service x locality (full-time-maid)",yes
"part-time maid in mudipu",/mangalore/mudipu/part-time-maid,mangalore,high,"service x locality (part-time-maid)",yes
"cook in mudipu",/mangalore/mudipu/cook,mangalore,high,"service x locality (cook)",yes
"babysitter / nanny in mudipu",/mangalore/mudipu/babysitter-nanny,mangalore,high,"service x locality (babysitter-nanny)",yes
"elder care in mudipu",/mangalore/mudipu/elder-care,mangalore,high,"service x locality (elder-care)",yes
"mybuddymaid",/,brand,very-high,"home",yes
"mybuddymaid reviews",/about,brand,high,"trust",yes
"maid police verification process",/how-we-verify,national,high,"trust",yes
"maid replacement policy",/replacement-policy,national,high,"trust",yes
"maid service charges india",/pricing,national,high,"trust",yes
