old_path,new_path,status,reason
/about-us,/about,301,"trust page rename"
/auth,/app/auth,301,"SPA moved under /app"
/best-cook-service-in-agra,,410,"best-service-in-city: city 'agra' outside footprint"
/best-cook-service-in-ahmedabad,,410,"best-service-in-city: city 'ahmedabad' outside footprint"
/best-cook-service-in-bangalore,/services/cook/bangalore,301,"best-service-in-city: service×city"
/best-cook-service-in-bhopal,,410,"best-service-in-city: city 'bhopal' outside footprint"
/best-cook-service-in-bhubaneswar,,410,"best-service-in-city: city 'bhubaneswar' outside footprint"
/best-cook-service-in-chandigarh,,410,"best-service-in-city: city 'chandigarh' outside footprint"
/best-cook-service-in-chennai,,410,"best-service-in-city: city 'chennai' outside footprint"
/best-cook-service-in-coimbatore,,410,"best-service-in-city: city 'coimbatore' outside footprint"
/best-cook-service-in-dehradun,,410,"best-service-in-city: city 'dehradun' outside footprint"
/best-cook-service-in-delhi,/services/cook/delhi,301,"best-service-in-city: service×city"
/best-cook-service-in-faridabad,,410,"best-service-in-city: city 'faridabad' outside footprint"
/best-cook-service-in-ghaziabad,,410,"best-service-in-city: city 'ghaziabad' outside footprint"
/best-cook-service-in-gurugram,/services/cook/gurgaon,301,"best-service-in-city: service×city"
/best-cook-service-in-guwahati,,410,"best-service-in-city: city 'guwahati' outside footprint"
/best-cook-service-in-hyderabad,,410,"best-service-in-city: city 'hyderabad' outside footprint"
/best-cook-service-in-indore,,410,"best-service-in-city: city 'indore' outside footprint"
/best-cook-service-in-jaipur,,410,"best-service-in-city: city 'jaipur' outside footprint"
/best-cook-service-in-jodhpur,,410,"best-service-in-city: city 'jodhpur' outside footprint"
/best-cook-service-in-kanpur,,410,"best-service-in-city: city 'kanpur' outside footprint"
/best-cook-service-in-kochi,,410,"best-service-in-city: city 'kochi' outside footprint"
/best-cook-service-in-kolkata,,410,"best-service-in-city: city 'kolkata' outside footprint"
/best-cook-service-in-lucknow,,410,"best-service-in-city: city 'lucknow' outside footprint"
/best-cook-service-in-ludhiana,,410,"best-service-in-city: city 'ludhiana' outside footprint"
/best-cook-service-in-madurai,,410,"best-service-in-city: city 'madurai' outside footprint"
/best-cook-service-in-mangalore,/services/cook/mangalore,301,"best-service-in-city: service×city"
/best-cook-service-in-mumbai,/services/cook/mumbai,301,"best-service-in-city: service×city"
/best-cook-service-in-mysore,,410,"best-service-in-city: city 'mysore' outside footprint"
/best-cook-service-in-nagpur,,410,"best-service-in-city: city 'nagpur' outside footprint"
/best-cook-service-in-nashik,,410,"best-service-in-city: city 'nashik' outside footprint"
/best-cook-service-in-navi-mumbai,/services/cook/mumbai,301,"best-service-in-city: service×city"
/best-cook-service-in-noida,/services/cook/noida,301,"best-service-in-city: service×city"
/best-cook-service-in-patna,,410,"best-service-in-city: city 'patna' outside footprint"
/best-cook-service-in-pune,/services/cook/pune,301,"best-service-in-city: service×city"
/best-cook-service-in-raipur,,410,"best-service-in-city: city 'raipur' outside footprint"
/best-cook-service-in-ranchi,,410,"best-service-in-city: city 'ranchi' outside footprint"
/best-cook-service-in-surat,,410,"best-service-in-city: city 'surat' outside footprint"
/best-cook-service-in-thane,,410,"best-service-in-city: city 'thane' outside footprint"
/best-cook-service-in-thiruvananthapuram,,410,"best-service-in-city: city 'thiruvananthapuram' outside footprint"
/best-cook-service-in-vadodara,,410,"best-service-in-city: city 'vadodara' outside footprint"
/best-cook-service-in-varanasi,,410,"best-service-in-city: city 'varanasi' outside footprint"
/best-cook-service-in-vijayawada,,410,"best-service-in-city: city 'vijayawada' outside footprint"
/best-cook-service-in-visakhapatnam,,410,"best-service-in-city: city 'visakhapatnam' outside footprint"
/best-elderly-care-service-in-agra,,410,"best-service-in-city: city 'agra' outside footprint"
/best-elderly-care-service-in-ahmedabad,,410,"best-service-in-city: city 'ahmedabad' outside footprint"
/best-elderly-care-service-in-bangalore,/services/elder-care/bangalore,301,"best-service-in-city: service×city"
/best-elderly-care-service-in-bhopal,,410,"best-service-in-city: city 'bhopal' outside footprint"
/best-elderly-care-service-in-bhubaneswar,,410,"best-service-in-city: city 'bhubaneswar' outside footprint"
/best-elderly-care-service-in-chandigarh,,410,"best-service-in-city: city 'chandigarh' outside footprint"
/best-elderly-care-service-in-chennai,,410,"best-service-in-city: city 'chennai' outside footprint"
/best-elderly-care-service-in-coimbatore,,410,"best-service-in-city: city 'coimbatore' outside footprint"
/best-elderly-care-service-in-dehradun,,410,"best-service-in-city: city 'dehradun' outside footprint"
/best-elderly-care-service-in-delhi,/services/elder-care/delhi,301,"best-service-in-city: service×city"
/best-elderly-care-service-in-faridabad,,410,"best-service-in-city: city 'faridabad' outside footprint"
/best-elderly-care-service-in-ghaziabad,,410,"best-service-in-city: city 'ghaziabad' outside footprint"
/best-elderly-care-service-in-gurugram,/services/elder-care/gurgaon,301,"best-service-in-city: service×city"
/best-elderly-care-service-in-guwahati,,410,"best-service-in-city: city 'guwahati' outside footprint"
/best-elderly-care-service-in-hyderabad,,410,"best-service-in-city: city 'hyderabad' outside footprint"
/best-elderly-care-service-in-indore,,410,"best-service-in-city: city 'indore' outside footprint"
/best-elderly-care-service-in-jaipur,,410,"best-service-in-city: city 'jaipur' outside footprint"
/best-elderly-care-service-in-jodhpur,,410,"best-service-in-city: city 'jodhpur' outside footprint"
/best-elderly-care-service-in-kanpur,,410,"best-service-in-city: city 'kanpur' outside footprint"
/best-elderly-care-service-in-kochi,,410,"best-service-in-city: city 'kochi' outside footprint"
/best-elderly-care-service-in-kolkata,,410,"best-service-in-city: city 'kolkata' outside footprint"
/best-elderly-care-service-in-lucknow,,410,"best-service-in-city: city 'lucknow' outside footprint"
/best-elderly-care-service-in-ludhiana,,410,"best-service-in-city: city 'ludhiana' outside footprint"
/best-elderly-care-service-in-madurai,,410,"best-service-in-city: city 'madurai' outside footprint"
/best-elderly-care-service-in-mangalore,/services/elder-care/mangalore,301,"best-service-in-city: service×city"
/best-elderly-care-service-in-mumbai,/services/elder-care/mumbai,301,"best-service-in-city: service×city"
/best-elderly-care-service-in-mysore,,410,"best-service-in-city: city 'mysore' outside footprint"
/best-elderly-care-service-in-nagpur,,410,"best-service-in-city: city 'nagpur' outside footprint"
/best-elderly-care-service-in-nashik,,410,"best-service-in-city: city 'nashik' outside footprint"
/best-elderly-care-service-in-navi-mumbai,/services/elder-care/mumbai,301,"best-service-in-city: service×city"
/best-elderly-care-service-in-noida,/services/elder-care/noida,301,"best-service-in-city: service×city"
/best-elderly-care-service-in-patna,,410,"best-service-in-city: city 'patna' outside footprint"
/best-elderly-care-service-in-pune,/services/elder-care/pune,301,"best-service-in-city: service×city"
/best-elderly-care-service-in-raipur,,410,"best-service-in-city: city 'raipur' outside footprint"
/best-elderly-care-service-in-ranchi,,410,"best-service-in-city: city 'ranchi' outside footprint"
/best-elderly-care-service-in-surat,,410,"best-service-in-city: city 'surat' outside footprint"
/best-elderly-care-service-in-thane,,410,"best-service-in-city: city 'thane' outside footprint"
/best-elderly-care-service-in-thiruvananthapuram,,410,"best-service-in-city: city 'thiruvananthapuram' outside footprint"
/best-elderly-care-service-in-vadodara,,410,"best-service-in-city: city 'vadodara' outside footprint"
/best-elderly-care-service-in-varanasi,,410,"best-service-in-city: city 'varanasi' outside footprint"
/best-elderly-care-service-in-vijayawada,,410,"best-service-in-city: city 'vijayawada' outside footprint"
/best-elderly-care-service-in-visakhapatnam,,410,"best-service-in-city: city 'visakhapatnam' outside footprint"
/best-full-time-maid-service-in-agra,,410,"best-service-in-city: city 'agra' outside footprint"
/best-full-time-maid-service-in-ahmedabad,,410,"best-service-in-city: city 'ahmedabad' outside footprint"
/best-full-time-maid-service-in-bangalore,/services/full-time-maid/bangalore,301,"best-service-in-city: service×city"
/best-full-time-maid-service-in-bhopal,,410,"best-service-in-city: city 'bhopal' outside footprint"
/best-full-time-maid-service-in-bhubaneswar,,410,"best-service-in-city: city 'bhubaneswar' outside footprint"
/best-full-time-maid-service-in-chandigarh,,410,"best-service-in-city: city 'chandigarh' outside footprint"
/best-full-time-maid-service-in-chennai,,410,"best-service-in-city: city 'chennai' outside footprint"
/best-full-time-maid-service-in-coimbatore,,410,"best-service-in-city: city 'coimbatore' outside footprint"
/best-full-time-maid-service-in-dehradun,,410,"best-service-in-city: city 'dehradun' outside footprint"
/best-full-time-maid-service-in-delhi,/services/full-time-maid/delhi,301,"best-service-in-city: service×city"
/best-full-time-maid-service-in-faridabad,,410,"best-service-in-city: city 'faridabad' outside footprint"
/best-full-time-maid-service-in-ghaziabad,,410,"best-service-in-city: city 'ghaziabad' outside footprint"
/best-full-time-maid-service-in-gurugram,/services/full-time-maid/gurgaon,301,"best-service-in-city: service×city"
/best-full-time-maid-service-in-guwahati,,410,"best-service-in-city: city 'guwahati' outside footprint"
/best-full-time-maid-service-in-hyderabad,,410,"best-service-in-city: city 'hyderabad' outside footprint"
/best-full-time-maid-service-in-indore,,410,"best-service-in-city: city 'indore' outside footprint"
/best-full-time-maid-service-in-jaipur,,410,"best-service-in-city: city 'jaipur' outside footprint"
/best-full-time-maid-service-in-jodhpur,,410,"best-service-in-city: city 'jodhpur' outside footprint"
/best-full-time-maid-service-in-kanpur,,410,"best-service-in-city: city 'kanpur' outside footprint"
/best-full-time-maid-service-in-kochi,,410,"best-service-in-city: city 'kochi' outside footprint"
/best-full-time-maid-service-in-kolkata,,410,"best-service-in-city: city 'kolkata' outside footprint"
/best-full-time-maid-service-in-lucknow,,410,"best-service-in-city: city 'lucknow' outside footprint"
/best-full-time-maid-service-in-ludhiana,,410,"best-service-in-city: city 'ludhiana' outside footprint"
/best-full-time-maid-service-in-madurai,,410,"best-service-in-city: city 'madurai' outside footprint"
/best-full-time-maid-service-in-mangalore,/services/full-time-maid/mangalore,301,"best-service-in-city: service×city"
/best-full-time-maid-service-in-mumbai,/services/full-time-maid/mumbai,301,"best-service-in-city: service×city"
/best-full-time-maid-service-in-mysore,,410,"best-service-in-city: city 'mysore' outside footprint"
/best-full-time-maid-service-in-nagpur,,410,"best-service-in-city: city 'nagpur' outside footprint"
/best-full-time-maid-service-in-nashik,,410,"best-service-in-city: city 'nashik' outside footprint"
/best-full-time-maid-service-in-navi-mumbai,/services/full-time-maid/mumbai,301,"best-service-in-city: service×city"
/best-full-time-maid-service-in-noida,/services/full-time-maid/noida,301,"best-service-in-city: service×city"
/best-full-time-maid-service-in-patna,,410,"best-service-in-city: city 'patna' outside footprint"
/best-full-time-maid-service-in-pune,/services/full-time-maid/pune,301,"best-service-in-city: service×city"
/best-full-time-maid-service-in-raipur,,410,"best-service-in-city: city 'raipur' outside footprint"
/best-full-time-maid-service-in-ranchi,,410,"best-service-in-city: city 'ranchi' outside footprint"
/best-full-time-maid-service-in-surat,,410,"best-service-in-city: city 'surat' outside footprint"
/best-full-time-maid-service-in-thane,,410,"best-service-in-city: city 'thane' outside footprint"
/best-full-time-maid-service-in-thiruvananthapuram,,410,"best-service-in-city: city 'thiruvananthapuram' outside footprint"
/best-full-time-maid-service-in-vadodara,,410,"best-service-in-city: city 'vadodara' outside footprint"
/best-full-time-maid-service-in-varanasi,,410,"best-service-in-city: city 'varanasi' outside footprint"
/best-full-time-maid-service-in-vijayawada,,410,"best-service-in-city: city 'vijayawada' outside footprint"
/best-full-time-maid-service-in-visakhapatnam,,410,"best-service-in-city: city 'visakhapatnam' outside footprint"
/best-maid-service-in-agra,,410,"best-service-in-city: city 'agra' outside footprint"
/best-maid-service-in-ahmedabad,,410,"best-service-in-city: city 'ahmedabad' outside footprint"
/best-maid-service-in-bangalore,/bangalore,301,"best-service-in-city: umbrella maid → city hub"
/best-maid-service-in-bhopal,,410,"best-service-in-city: city 'bhopal' outside footprint"
/best-maid-service-in-bhubaneswar,,410,"best-service-in-city: city 'bhubaneswar' outside footprint"
/best-maid-service-in-chandigarh,,410,"best-service-in-city: city 'chandigarh' outside footprint"
/best-maid-service-in-chennai,,410,"best-service-in-city: city 'chennai' outside footprint"
/best-maid-service-in-coimbatore,,410,"best-service-in-city: city 'coimbatore' outside footprint"
/best-maid-service-in-dehradun,,410,"best-service-in-city: city 'dehradun' outside footprint"
/best-maid-service-in-delhi,/delhi,301,"best-service-in-city: umbrella maid → city hub"
/best-maid-service-in-faridabad,,410,"best-service-in-city: city 'faridabad' outside footprint"
/best-maid-service-in-ghaziabad,,410,"best-service-in-city: city 'ghaziabad' outside footprint"
/best-maid-service-in-gurugram,/gurgaon,301,"best-service-in-city: umbrella maid → city hub"
/best-maid-service-in-guwahati,,410,"best-service-in-city: city 'guwahati' outside footprint"
/best-maid-service-in-hyderabad,,410,"best-service-in-city: city 'hyderabad' outside footprint"
/best-maid-service-in-indore,,410,"best-service-in-city: city 'indore' outside footprint"
/best-maid-service-in-jaipur,,410,"best-service-in-city: city 'jaipur' outside footprint"
/best-maid-service-in-jodhpur,,410,"best-service-in-city: city 'jodhpur' outside footprint"
/best-maid-service-in-kanpur,,410,"best-service-in-city: city 'kanpur' outside footprint"
/best-maid-service-in-kochi,,410,"best-service-in-city: city 'kochi' outside footprint"
/best-maid-service-in-kolkata,,410,"best-service-in-city: city 'kolkata' outside footprint"
/best-maid-service-in-lucknow,,410,"best-service-in-city: city 'lucknow' outside footprint"
/best-maid-service-in-ludhiana,,410,"best-service-in-city: city 'ludhiana' outside footprint"
/best-maid-service-in-madurai,,410,"best-service-in-city: city 'madurai' outside footprint"
/best-maid-service-in-mangalore,/mangalore,301,"best-service-in-city: umbrella maid → city hub"
/best-maid-service-in-mumbai,/mumbai,301,"best-service-in-city: umbrella maid → city hub"
/best-maid-service-in-mysore,,410,"best-service-in-city: city 'mysore' outside footprint"
/best-maid-service-in-nagpur,,410,"best-service-in-city: city 'nagpur' outside footprint"
/best-maid-service-in-nashik,,410,"best-service-in-city: city 'nashik' outside footprint"
/best-maid-service-in-navi-mumbai,/mumbai,301,"best-service-in-city: umbrella maid → city hub"
/best-maid-service-in-noida,/noida,301,"best-service-in-city: umbrella maid → city hub"
/best-maid-service-in-patna,,410,"best-service-in-city: city 'patna' outside footprint"
/best-maid-service-in-pune,/pune,301,"best-service-in-city: umbrella maid → city hub"
/best-maid-service-in-raipur,,410,"best-service-in-city: city 'raipur' outside footprint"
/best-maid-service-in-ranchi,,410,"best-service-in-city: city 'ranchi' outside footprint"
/best-maid-service-in-surat,,410,"best-service-in-city: city 'surat' outside footprint"
/best-maid-service-in-thane,,410,"best-service-in-city: city 'thane' outside footprint"
/best-maid-service-in-thiruvananthapuram,,410,"best-service-in-city: city 'thiruvananthapuram' outside footprint"
/best-maid-service-in-vadodara,,410,"best-service-in-city: city 'vadodara' outside footprint"
/best-maid-service-in-varanasi,,410,"best-service-in-city: city 'varanasi' outside footprint"
/best-maid-service-in-vijayawada,,410,"best-service-in-city: city 'vijayawada' outside footprint"
/best-maid-service-in-visakhapatnam,,410,"best-service-in-city: city 'visakhapatnam' outside footprint"
/best-nanny-service-in-agra,,410,"best-service-in-city: city 'agra' outside footprint"
/best-nanny-service-in-ahmedabad,,410,"best-service-in-city: city 'ahmedabad' outside footprint"
/best-nanny-service-in-bangalore,/services/babysitter-nanny/bangalore,301,"best-service-in-city: service×city"
/best-nanny-service-in-bhopal,,410,"best-service-in-city: city 'bhopal' outside footprint"
/best-nanny-service-in-bhubaneswar,,410,"best-service-in-city: city 'bhubaneswar' outside footprint"
/best-nanny-service-in-chandigarh,,410,"best-service-in-city: city 'chandigarh' outside footprint"
/best-nanny-service-in-chennai,,410,"best-service-in-city: city 'chennai' outside footprint"
/best-nanny-service-in-coimbatore,,410,"best-service-in-city: city 'coimbatore' outside footprint"
/best-nanny-service-in-dehradun,,410,"best-service-in-city: city 'dehradun' outside footprint"
/best-nanny-service-in-delhi,/services/babysitter-nanny/delhi,301,"best-service-in-city: service×city"
/best-nanny-service-in-faridabad,,410,"best-service-in-city: city 'faridabad' outside footprint"
/best-nanny-service-in-ghaziabad,,410,"best-service-in-city: city 'ghaziabad' outside footprint"
/best-nanny-service-in-gurugram,/services/babysitter-nanny/gurgaon,301,"best-service-in-city: service×city"
/best-nanny-service-in-guwahati,,410,"best-service-in-city: city 'guwahati' outside footprint"
/best-nanny-service-in-hyderabad,,410,"best-service-in-city: city 'hyderabad' outside footprint"
/best-nanny-service-in-indore,,410,"best-service-in-city: city 'indore' outside footprint"
/best-nanny-service-in-jaipur,,410,"best-service-in-city: city 'jaipur' outside footprint"
/best-nanny-service-in-jodhpur,,410,"best-service-in-city: city 'jodhpur' outside footprint"
/best-nanny-service-in-kanpur,,410,"best-service-in-city: city 'kanpur' outside footprint"
/best-nanny-service-in-kochi,,410,"best-service-in-city: city 'kochi' outside footprint"
/best-nanny-service-in-kolkata,,410,"best-service-in-city: city 'kolkata' outside footprint"
/best-nanny-service-in-lucknow,,410,"best-service-in-city: city 'lucknow' outside footprint"
/best-nanny-service-in-ludhiana,,410,"best-service-in-city: city 'ludhiana' outside footprint"
/best-nanny-service-in-madurai,,410,"best-service-in-city: city 'madurai' outside footprint"
/best-nanny-service-in-mangalore,/services/babysitter-nanny/mangalore,301,"best-service-in-city: service×city"
/best-nanny-service-in-mumbai,/services/babysitter-nanny/mumbai,301,"best-service-in-city: service×city"
/best-nanny-service-in-mysore,,410,"best-service-in-city: city 'mysore' outside footprint"
/best-nanny-service-in-nagpur,,410,"best-service-in-city: city 'nagpur' outside footprint"
/best-nanny-service-in-nashik,,410,"best-service-in-city: city 'nashik' outside footprint"
/best-nanny-service-in-navi-mumbai,/services/babysitter-nanny/mumbai,301,"best-service-in-city: service×city"
/best-nanny-service-in-noida,/services/babysitter-nanny/noida,301,"best-service-in-city: service×city"
/best-nanny-service-in-patna,,410,"best-service-in-city: city 'patna' outside footprint"
/best-nanny-service-in-pune,/services/babysitter-nanny/pune,301,"best-service-in-city: service×city"
/best-nanny-service-in-raipur,,410,"best-service-in-city: city 'raipur' outside footprint"
/best-nanny-service-in-ranchi,,410,"best-service-in-city: city 'ranchi' outside footprint"
/best-nanny-service-in-surat,,410,"best-service-in-city: city 'surat' outside footprint"
/best-nanny-service-in-thane,,410,"best-service-in-city: city 'thane' outside footprint"
/best-nanny-service-in-thiruvananthapuram,,410,"best-service-in-city: city 'thiruvananthapuram' outside footprint"
/best-nanny-service-in-vadodara,,410,"best-service-in-city: city 'vadodara' outside footprint"
/best-nanny-service-in-varanasi,,410,"best-service-in-city: city 'varanasi' outside footprint"
/best-nanny-service-in-vijayawada,,410,"best-service-in-city: city 'vijayawada' outside footprint"
/best-nanny-service-in-visakhapatnam,,410,"best-service-in-city: city 'visakhapatnam' outside footprint"
/best-postnatal-care-service-in-agra,,410,"best-service-in-city: city 'agra' outside footprint"
/best-postnatal-care-service-in-ahmedabad,,410,"best-service-in-city: city 'ahmedabad' outside footprint"
/best-postnatal-care-service-in-bangalore,/services/babysitter-nanny/bangalore,301,"best-service-in-city: service×city"
/best-postnatal-care-service-in-bhopal,,410,"best-service-in-city: city 'bhopal' outside footprint"
/best-postnatal-care-service-in-bhubaneswar,,410,"best-service-in-city: city 'bhubaneswar' outside footprint"
/best-postnatal-care-service-in-chandigarh,,410,"best-service-in-city: city 'chandigarh' outside footprint"
/best-postnatal-care-service-in-chennai,,410,"best-service-in-city: city 'chennai' outside footprint"
/best-postnatal-care-service-in-coimbatore,,410,"best-service-in-city: city 'coimbatore' outside footprint"
/best-postnatal-care-service-in-dehradun,,410,"best-service-in-city: city 'dehradun' outside footprint"
/best-postnatal-care-service-in-delhi,/services/babysitter-nanny/delhi,301,"best-service-in-city: service×city"
/best-postnatal-care-service-in-faridabad,,410,"best-service-in-city: city 'faridabad' outside footprint"
/best-postnatal-care-service-in-ghaziabad,,410,"best-service-in-city: city 'ghaziabad' outside footprint"
/best-postnatal-care-service-in-gurugram,/services/babysitter-nanny/gurgaon,301,"best-service-in-city: service×city"
/best-postnatal-care-service-in-guwahati,,410,"best-service-in-city: city 'guwahati' outside footprint"
/best-postnatal-care-service-in-hyderabad,,410,"best-service-in-city: city 'hyderabad' outside footprint"
/best-postnatal-care-service-in-indore,,410,"best-service-in-city: city 'indore' outside footprint"
/best-postnatal-care-service-in-jaipur,,410,"best-service-in-city: city 'jaipur' outside footprint"
/best-postnatal-care-service-in-jodhpur,,410,"best-service-in-city: city 'jodhpur' outside footprint"
/best-postnatal-care-service-in-kanpur,,410,"best-service-in-city: city 'kanpur' outside footprint"
/best-postnatal-care-service-in-kochi,,410,"best-service-in-city: city 'kochi' outside footprint"
/best-postnatal-care-service-in-kolkata,,410,"best-service-in-city: city 'kolkata' outside footprint"
/best-postnatal-care-service-in-lucknow,,410,"best-service-in-city: city 'lucknow' outside footprint"
/best-postnatal-care-service-in-ludhiana,,410,"best-service-in-city: city 'ludhiana' outside footprint"
/best-postnatal-care-service-in-madurai,,410,"best-service-in-city: city 'madurai' outside footprint"
/best-postnatal-care-service-in-mangalore,/services/babysitter-nanny/mangalore,301,"best-service-in-city: service×city"
/best-postnatal-care-service-in-mumbai,/services/babysitter-nanny/mumbai,301,"best-service-in-city: service×city"
/best-postnatal-care-service-in-mysore,,410,"best-service-in-city: city 'mysore' outside footprint"
/best-postnatal-care-service-in-nagpur,,410,"best-service-in-city: city 'nagpur' outside footprint"
/best-postnatal-care-service-in-nashik,,410,"best-service-in-city: city 'nashik' outside footprint"
/best-postnatal-care-service-in-navi-mumbai,/services/babysitter-nanny/mumbai,301,"best-service-in-city: service×city"
/best-postnatal-care-service-in-noida,/services/babysitter-nanny/noida,301,"best-service-in-city: service×city"
/best-postnatal-care-service-in-patna,,410,"best-service-in-city: city 'patna' outside footprint"
/best-postnatal-care-service-in-pune,/services/babysitter-nanny/pune,301,"best-service-in-city: service×city"
/best-postnatal-care-service-in-raipur,,410,"best-service-in-city: city 'raipur' outside footprint"
/best-postnatal-care-service-in-ranchi,,410,"best-service-in-city: city 'ranchi' outside footprint"
/best-postnatal-care-service-in-surat,,410,"best-service-in-city: city 'surat' outside footprint"
/best-postnatal-care-service-in-thane,,410,"best-service-in-city: city 'thane' outside footprint"
/best-postnatal-care-service-in-thiruvananthapuram,,410,"best-service-in-city: city 'thiruvananthapuram' outside footprint"
/best-postnatal-care-service-in-vadodara,,410,"best-service-in-city: city 'vadodara' outside footprint"
/best-postnatal-care-service-in-varanasi,,410,"best-service-in-city: city 'varanasi' outside footprint"
/best-postnatal-care-service-in-vijayawada,,410,"best-service-in-city: city 'vijayawada' outside footprint"
/best-postnatal-care-service-in-visakhapatnam,,410,"best-service-in-city: city 'visakhapatnam' outside footprint"
/blog-elderly-care-at-home-guide,/blog/elderly-care-at-home-guide,301,"flat legacy blog → /blog/*"
/blog-find-reliable-maid-delhi,/blog/find-reliable-maid-delhi,301,"flat legacy blog → /blog/*"
/blog-maid-vs-cook-vs-nanny,/blog/maid-vs-cook-vs-nanny,301,"flat legacy blog → /blog/*"
/bookings,/app/bookings,301,"SPA moved under /app"
/cities,/,301,"cities index → home city grid"
/cities/agra,,410,"city hub outside footprint"
/cities/ahmedabad,,410,"city hub outside footprint"
/cities/bangalore,/bangalore,301,"city hub moved"
/cities/bhopal,,410,"city hub outside footprint"
/cities/bhubaneswar,,410,"city hub outside footprint"
/cities/chandigarh,,410,"city hub outside footprint"
/cities/chennai,,410,"city hub outside footprint"
/cities/coimbatore,,410,"city hub outside footprint"
/cities/dehradun,,410,"city hub outside footprint"
/cities/delhi,/delhi,301,"city hub moved"
/cities/faridabad,,410,"city hub outside footprint"
/cities/ghaziabad,,410,"city hub outside footprint"
/cities/gurugram,/gurgaon,301,"city hub moved"
/cities/guwahati,,410,"city hub outside footprint"
/cities/hyderabad,,410,"city hub outside footprint"
/cities/indore,,410,"city hub outside footprint"
/cities/jaipur,,410,"city hub outside footprint"
/cities/jodhpur,,410,"city hub outside footprint"
/cities/kanpur,,410,"city hub outside footprint"
/cities/kochi,,410,"city hub outside footprint"
/cities/kolkata,,410,"city hub outside footprint"
/cities/lucknow,,410,"city hub outside footprint"
/cities/ludhiana,,410,"city hub outside footprint"
/cities/madurai,,410,"city hub outside footprint"
/cities/mangalore,/mangalore,301,"city hub moved"
/cities/mumbai,/mumbai,301,"city hub moved"
/cities/mysore,,410,"city hub outside footprint"
/cities/nagpur,,410,"city hub outside footprint"
/cities/nashik,,410,"city hub outside footprint"
/cities/navi-mumbai,/mumbai,301,"city hub moved"
/cities/noida,/noida,301,"city hub moved"
/cities/patna,,410,"city hub outside footprint"
/cities/pune,/pune,301,"city hub moved"
/cities/raipur,,410,"city hub outside footprint"
/cities/ranchi,,410,"city hub outside footprint"
/cities/surat,,410,"city hub outside footprint"
/cities/thane,,410,"city hub outside footprint"
/cities/thiruvananthapuram,,410,"city hub outside footprint"
/cities/vadodara,,410,"city hub outside footprint"
/cities/varanasi,,410,"city hub outside footprint"
/cities/vijayawada,,410,"city hub outside footprint"
/cities/visakhapatnam,,410,"city hub outside footprint"
/contact-us,/contact,301,"trust page rename"
/cook-service,/services/cook,301,"service hub"
/cook-service-in-aashiyana-lucknow,,410,"locality page in out-of-footprint city 'lucknow'"
/cook-service-in-ab-road-indore,,410,"locality page in out-of-footprint city 'indore'"
/cook-service-in-adajan-surat,,410,"locality page in out-of-footprint city 'surat'"
/cook-service-in-adyar-chennai,,410,"locality page in out-of-footprint city 'chennai'"
/cook-service-in-agra,,410,"service-in-city: city 'agra' outside footprint"
/cook-service-in-ahinsa-khand-ghaziabad,,410,"locality page in out-of-footprint city 'ghaziabad'"
/cook-service-in-ahmedabad,,410,"service-in-city: city 'ahmedabad' outside footprint"
/cook-service-in-airoli-navi-mumbai,/mumbai/airoli/cook,301,"service×locality"
/cook-service-in-akota-vadodara,,410,"locality page in out-of-footprint city 'vadodara'"
/cook-service-in-alambagh-lucknow,,410,"locality page in out-of-footprint city 'lucknow'"
/cook-service-in-aliganj-lucknow,,410,"locality page in out-of-footprint city 'lucknow'"
/cook-service-in-alipore-kolkata,,410,"locality page in out-of-footprint city 'kolkata'"
/cook-service-in-alkapuri-vadodara,,410,"locality page in out-of-footprint city 'vadodara'"
/cook-service-in-althan-surat,,410,"locality page in out-of-footprint city 'surat'"
/cook-service-in-aluva-kochi,,410,"locality page in out-of-footprint city 'kochi'"
/cook-service-in-amanaka-raipur,,410,"locality page in out-of-footprint city 'raipur'"
/cook-service-in-ambattur-chennai,,410,"locality page in out-of-footprint city 'chennai'"
/cook-service-in-ambawadi-ahmedabad,,410,"locality page in out-of-footprint city 'ahmedabad'"
/cook-service-in-ameerpet-hyderabad,,410,"locality page in out-of-footprint city 'hyderabad'"
/cook-service-in-amity-area-noida,/services/cook/noida,301,"unmatched locality → service×city (ASSUMPTIONS #5)"
/cook-service-in-andheri-mumbai,/mumbai/andheri/cook,301,"service×locality"
/cook-service-in-anisabad-patna,,410,"locality page in out-of-footprint city 'patna'"
/cook-service-in-anna-nagar-chennai,,410,"locality page in out-of-footprint city 'chennai'"
/cook-service-in-anna-nagar-madurai,,410,"locality page in out-of-footprint city 'madurai'"
/cook-service-in-arapalayam-madurai,,410,"locality page in out-of-footprint city 'madurai'"
/cook-service-in-arera-colony-bhopal,,410,"locality page in out-of-footprint city 'bhopal'"
/cook-service-in-ashok-nagar-ranchi,,410,"locality page in out-of-footprint city 'ranchi'"
/cook-service-in-athwa-surat,,410,"locality page in out-of-footprint city 'surat'"
/cook-service-in-attapur-hyderabad,,410,"locality page in out-of-footprint city 'hyderabad'"
/cook-service-in-attavar-mangalore,/mangalore/attavar/cook,301,"service×locality"
/cook-service-in-aundh-pune,/pune/aundh/cook,301,"service×locality"
/cook-service-in-auto-nagar-vijayawada,,410,"locality page in out-of-footprint city 'vijayawada'"
/cook-service-in-avadi-chennai,,410,"locality page in out-of-footprint city 'chennai'"
/cook-service-in-bailey-road-patna,,410,"locality page in out-of-footprint city 'patna'"
/cook-service-in-bairagarh-bhopal,,410,"locality page in out-of-footprint city 'bhopal'"
/cook-service-in-balkum-thane,,410,"locality page in out-of-footprint city 'thane'"
/cook-service-in-ballabgarh-faridabad,,410,"locality page in out-of-footprint city 'faridabad'"
/cook-service-in-ballupur-dehradun,,410,"locality page in out-of-footprint city 'dehradun'"
/cook-service-in-ballygunge-kolkata,,410,"locality page in out-of-footprint city 'kolkata'"
/cook-service-in-banashankari-bangalore,/bangalore/banashankari/cook,301,"service×locality"
/cook-service-in-bandra-mumbai,/mumbai/bandra-west/cook,301,"service×locality"
/cook-service-in-baner-pune,/pune/baner/cook,301,"service×locality"
/cook-service-in-bangalore,/services/cook/bangalore,301,"service-in-city: service×city"
/cook-service-in-bani-park-jaipur,,410,"locality page in out-of-footprint city 'jaipur'"
/cook-service-in-banjara-hills-hyderabad,,410,"locality page in out-of-footprint city 'hyderabad'"
/cook-service-in-bannerghatta-road-bangalore,/bangalore/bannerghatta-road/cook,301,"service×locality"
/cook-service-in-bapuji-nagar-bhubaneswar,,410,"locality page in out-of-footprint city 'bhubaneswar'"
/cook-service-in-baranagar-kolkata,,410,"locality page in out-of-footprint city 'kolkata'"
/cook-service-in-bariatu-ranchi,,410,"locality page in out-of-footprint city 'ranchi'"
/cook-service-in-basavanagudi-bangalore,/bangalore/basavanagudi/cook,301,"service×locality"
/cook-service-in-basistha-guwahati,,410,"locality page in out-of-footprint city 'guwahati'"
/cook-service-in-basni-jodhpur,,410,"locality page in out-of-footprint city 'jodhpur'"
/cook-service-in-bavdhan-pune,/pune/bavdhan/cook,301,"service×locality"
/cook-service-in-begumpet-hyderabad,,410,"locality page in out-of-footprint city 'hyderabad'"
/cook-service-in-behala-kolkata,,410,"locality page in out-of-footprint city 'kolkata'"
/cook-service-in-bejai-mangalore,/mangalore/bejai/cook,301,"service×locality"
/cook-service-in-belapur-navi-mumbai,/services/cook/mumbai,301,"unmatched navi-mumbai locality → zone/service hub"
/cook-service-in-bellandur-bangalore,/bangalore/bellandur/cook,301,"service×locality"
/cook-service-in-beltola-guwahati,,410,"locality page in out-of-footprint city 'guwahati'"
/cook-service-in-bendoorwell-mangalore,/services/cook/mangalore,301,"unmatched locality → service×city (ASSUMPTIONS #5)"
/cook-service-in-benz-circle-vijayawada,,410,"locality page in out-of-footprint city 'vijayawada'"
/cook-service-in-besant-nagar-chennai,,410,"locality page in out-of-footprint city 'chennai'"
/cook-service-in-bhawarkua-indore,,410,"locality page in out-of-footprint city 'indore'"
/cook-service-in-bhel-bhopal,,410,"locality page in out-of-footprint city 'bhopal'"
/cook-service-in-bhelupur-varanasi,,410,"locality page in out-of-footprint city 'varanasi'"
/cook-service-in-bhopal,,410,"service-in-city: city 'bhopal' outside footprint"
/cook-service-in-bhubaneswar,,410,"service-in-city: city 'bhubaneswar' outside footprint"
/cook-service-in-bodakdev-ahmedabad,,410,"locality page in out-of-footprint city 'ahmedabad'"
/cook-service-in-bogadi-mysore,,410,"locality page in out-of-footprint city 'mysore'"
/cook-service-in-bopal-ahmedabad,,410,"locality page in out-of-footprint city 'ahmedabad'"
/cook-service-in-boring-road-patna,,410,"locality page in out-of-footprint city 'patna'"
/cook-service-in-borivali-mumbai,/services/cook/mumbai,301,"unmatched locality → service×city (ASSUMPTIONS #5)"
/cook-service-in-bptp-faridabad,,410,"locality page in out-of-footprint city 'faridabad'"
/cook-service-in-brs-nagar-ludhiana,,410,"locality page in out-of-footprint city 'ludhiana'"
/cook-service-in-btm-layout-bangalore,/services/cook/bangalore,301,"unmatched locality → service×city (ASSUMPTIONS #5)"
/cook-service-in-c-scheme-jaipur,,410,"locality page in out-of-footprint city 'jaipur'"
/cook-service-in-cantt-area-varanasi,,410,"locality page in out-of-footprint city 'varanasi'"
/cook-service-in-chandigarh,,410,"service-in-city: city 'chandigarh' outside footprint"
/cook-service-in-chandkheda-ahmedabad,,410,"locality page in out-of-footprint city 'ahmedabad'"
/cook-service-in-chandmari-guwahati,,410,"locality page in out-of-footprint city 'guwahati'"
/cook-service-in-chandrasekharpur-bhubaneswar,,410,"locality page in out-of-footprint city 'bhubaneswar'"
/cook-service-in-chembur-mumbai,/mumbai/chembur/cook,301,"service×locality"
/cook-service-in-chennai,,410,"service-in-city: city 'chennai' outside footprint"
/cook-service-in-chinhat-lucknow,,410,"locality page in out-of-footprint city 'lucknow'"
/cook-service-in-chopasni-housing-board-jodhpur,,410,"locality page in out-of-footprint city 'jodhpur'"
/cook-service-in-chromepet-chennai,,410,"locality page in out-of-footprint city 'chennai'"
/cook-service-in-cidco-nashik,,410,"locality page in out-of-footprint city 'nashik'"
/cook-service-in-circuit-house-area-jodhpur,,410,"locality page in out-of-footprint city 'jodhpur'"
/cook-service-in-city-light-surat,,410,"locality page in out-of-footprint city 'surat'"
/cook-service-in-civil-lines-agra,,410,"locality page in out-of-footprint city 'agra'"
/cook-service-in-civil-lines-jaipur,,410,"locality page in out-of-footprint city 'jaipur'"
/cook-service-in-civil-lines-kanpur,,410,"locality page in out-of-footprint city 'kanpur'"
/cook-service-in-civil-lines-ludhiana,,410,"locality page in out-of-footprint city 'ludhiana'"
/cook-service-in-civil-lines-nagpur,,410,"locality page in out-of-footprint city 'nagpur'"
/cook-service-in-civil-lines-raipur,,410,"locality page in out-of-footprint city 'raipur'"
/cook-service-in-clement-town-dehradun,,410,"locality page in out-of-footprint city 'dehradun'"
/cook-service-in-coimbatore,,410,"service-in-city: city 'coimbatore' outside footprint"
/cook-service-in-colaba-mumbai,/mumbai/colaba/cook,301,"service×locality"
/cook-service-in-college-road-nashik,,410,"locality page in out-of-footprint city 'nashik'"
/cook-service-in-crossing-republik-ghaziabad,,410,"locality page in out-of-footprint city 'ghaziabad'"
/cook-service-in-crown-interiorz-faridabad,,410,"locality page in out-of-footprint city 'faridabad'"
/cook-service-in-dadar-mumbai,/mumbai/dadar/cook,301,"service×locality"
/cook-service-in-dalanwala-dehradun,,410,"locality page in out-of-footprint city 'dehradun'"
/cook-service-in-daldal-seoni-raipur,,410,"locality page in out-of-footprint city 'raipur'"
/cook-service-in-danapur-patna,,410,"locality page in out-of-footprint city 'patna'"
/cook-service-in-dattagalli-mysore,,410,"locality page in out-of-footprint city 'mysore'"
/cook-service-in-dayal-bagh-agra,,410,"locality page in out-of-footprint city 'agra'"
/cook-service-in-defence-colony-delhi,/delhi/defence-colony/cook,301,"service×locality"
/cook-service-in-dehradun,,410,"service-in-city: city 'dehradun' outside footprint"
/cook-service-in-delhi,/services/cook/delhi,301,"service-in-city: service×city"
/cook-service-in-deolali-nashik,,410,"locality page in out-of-footprint city 'nashik'"
/cook-service-in-derebail-mangalore,/mangalore/derebail/cook,301,"service×locality"
/cook-service-in-devendra-nagar-raipur,,410,"locality page in out-of-footprint city 'raipur'"
/cook-service-in-dharampeth-nagpur,,410,"locality page in out-of-footprint city 'nagpur'"
/cook-service-in-dilsukhnagar-hyderabad,,410,"locality page in out-of-footprint city 'hyderabad'"
/cook-service-in-dispur-guwahati,,410,"locality page in out-of-footprint city 'guwahati'"
/cook-service-in-dlf-phase-1-5-gurugram,/services/cook/gurgaon,301,"manual zone mapping"
/cook-service-in-dlw-varanasi,,410,"locality page in out-of-footprint city 'varanasi'"
/cook-service-in-doranda-ranchi,,410,"locality page in out-of-footprint city 'ranchi'"
/cook-service-in-dugri-ludhiana,,410,"locality page in out-of-footprint city 'ludhiana'"
/cook-service-in-dum-dum-kolkata,,410,"locality page in out-of-footprint city 'kolkata'"
/cook-service-in-dumas-road-surat,,410,"locality page in out-of-footprint city 'surat'"
/cook-service-in-dwaraka-nagar-visakhapatnam,,410,"locality page in out-of-footprint city 'visakhapatnam'"
/cook-service-in-dwarka-delhi,/delhi/dwarka/cook,301,"service×locality"
/cook-service-in-dwarka-expressway-gurugram,/services/cook/gurgaon,301,"unmatched locality → service×city (ASSUMPTIONS #5)"
/cook-service-in-east-delhi-delhi,/services/cook/delhi,301,"service×zone → service×city (no zone service pages)"
/cook-service-in-ecr-chennai,,410,"locality page in out-of-footprint city 'chennai'"
/cook-service-in-edappally-kochi,,410,"locality page in out-of-footprint city 'kochi'"
/cook-service-in-electronic-city-bangalore,/bangalore/electronic-city/cook,301,"service×locality"
/cook-service-in-ellis-bridge-ahmedabad,,410,"locality page in out-of-footprint city 'ahmedabad'"
/cook-service-in-em-bypass-kolkata,,410,"locality page in out-of-footprint city 'kolkata'"
/cook-service-in-ernakulam-kochi,,410,"locality page in out-of-footprint city 'kochi'"
/cook-service-in-expressway-noida,/services/cook/noida,301,"manual zone mapping"
/cook-service-in-fafadih-raipur,,410,"locality page in out-of-footprint city 'raipur'"
/cook-service-in-falnir-mangalore,/services/cook/mangalore,301,"unmatched locality → service×city (ASSUMPTIONS #5)"
/cook-service-in-faridabad,,410,"service-in-city: city 'faridabad' outside footprint"
/cook-service-in-fatehabad-road-agra,,410,"locality page in out-of-footprint city 'agra'"
/cook-service-in-fatehgunj-vadodara,,410,"locality page in out-of-footprint city 'vadodara'"
/cook-service-in-ferozepur-road-ludhiana,,410,"locality page in out-of-footprint city 'ludhiana'"
/cook-service-in-fort-kochi-kochi,,410,"locality page in out-of-footprint city 'kochi'"
/cook-service-in-fraser-road-patna,,410,"locality page in out-of-footprint city 'patna'"
/cook-service-in-gachibowli-hyderabad,,410,"locality page in out-of-footprint city 'hyderabad'"
/cook-service-in-gajuwaka-visakhapatnam,,410,"locality page in out-of-footprint city 'visakhapatnam'"
/cook-service-in-ganapathy-coimbatore,,410,"locality page in out-of-footprint city 'coimbatore'"
/cook-service-in-gandhipuram-coimbatore,,410,"locality page in out-of-footprint city 'coimbatore'"
/cook-service-in-ganeshguri-guwahati,,410,"locality page in out-of-footprint city 'guwahati'"
/cook-service-in-gangapur-road-nashik,,410,"locality page in out-of-footprint city 'nashik'"
/cook-service-in-gannavaram-vijayawada,,410,"locality page in out-of-footprint city 'vijayawada'"
/cook-service-in-garia-kolkata,,410,"locality page in out-of-footprint city 'kolkata'"
/cook-service-in-gaur-city-gate-ghaziabad,,410,"locality page in out-of-footprint city 'ghaziabad'"
/cook-service-in-gaur-city-noida,/greater-noida/gaur-city/cook,301,"manual locality mapping"
/cook-service-in-ghatkopar-mumbai,/mumbai/ghatkopar/cook,301,"service×locality"
/cook-service-in-ghaziabad,,410,"service-in-city: city 'ghaziabad' outside footprint"
/cook-service-in-ghodbunder-road-thane,,410,"locality page in out-of-footprint city 'thane'"
/cook-service-in-gms-road-dehradun,,410,"locality page in out-of-footprint city 'dehradun'"
/cook-service-in-gokulam-mysore,,410,"locality page in out-of-footprint city 'mysore'"
/cook-service-in-golf-course-extension-gurugram,/services/cook/gurgaon,301,"unmatched locality → service×city (ASSUMPTIONS #5)"
/cook-service-in-golf-course-road-gurugram,/gurgaon/golf-course-road/cook,301,"service×locality"
/cook-service-in-gomti-nagar-lucknow,,410,"locality page in out-of-footprint city 'lucknow'"
/cook-service-in-gopalapatnam-visakhapatnam,,410,"locality page in out-of-footprint city 'visakhapatnam'"
/cook-service-in-goregaon-mumbai,/mumbai/goregaon-east/cook,301,"service×locality"
/cook-service-in-gota-ahmedabad,,410,"locality page in out-of-footprint city 'ahmedabad'"
/cook-service-in-gotri-vadodara,,410,"locality page in out-of-footprint city 'vadodara'"
/cook-service-in-governorpet-vijayawada,,410,"locality page in out-of-footprint city 'vijayawada'"
/cook-service-in-govind-nagar-kanpur,,410,"locality page in out-of-footprint city 'kanpur'"
/cook-service-in-govindpuram-ghaziabad,,410,"locality page in out-of-footprint city 'ghaziabad'"
/cook-service-in-greater-faridabad-faridabad,,410,"locality page in out-of-footprint city 'faridabad'"
/cook-service-in-greater-kailash-delhi,/delhi/greater-kailash/cook,301,"service×locality"
/cook-service-in-greater-noida-west-noida,/services/cook/greater-noida,301,"manual zone mapping"
/cook-service-in-green-park-delhi,/delhi/green-park/cook,301,"service×locality"
/cook-service-in-gs-road-guwahati,,410,"locality page in out-of-footprint city 'guwahati'"
/cook-service-in-guindy-chennai,,410,"locality page in out-of-footprint city 'chennai'"
/cook-service-in-gunadala-vijayawada,,410,"locality page in out-of-footprint city 'vijayawada'"
/cook-service-in-gurugram,/services/cook/gurgaon,301,"service-in-city: service×city"
/cook-service-in-guwahati,,410,"service-in-city: city 'guwahati' outside footprint"
/cook-service-in-habibganj-bhopal,,410,"locality page in out-of-footprint city 'bhopal'"
/cook-service-in-hadapsar-pune,/pune/hadapsar/cook,301,"service×locality"
/cook-service-in-haibowal-ludhiana,,410,"locality page in out-of-footprint city 'ludhiana'"
/cook-service-in-hampankatta-mangalore,/mangalore/hampankatta/cook,301,"service×locality"
/cook-service-in-harmu-ranchi,,410,"locality page in out-of-footprint city 'ranchi'"
/cook-service-in-harni-vadodara,,410,"locality page in out-of-footprint city 'vadodara'"
/cook-service-in-harsh-nagar-kanpur,,410,"locality page in out-of-footprint city 'kanpur'"
/cook-service-in-hatigaon-guwahati,,410,"locality page in out-of-footprint city 'guwahati'"
/cook-service-in-hauz-khas-delhi,/delhi/hauz-khas/cook,301,"service×locality"
/cook-service-in-hazratganj-lucknow,,410,"locality page in out-of-footprint city 'lucknow'"
/cook-service-in-hebbal-bangalore,/services/cook/bangalore,301,"unmatched locality → service×city (ASSUMPTIONS #5)"
/cook-service-in-hebbal-mysore,,410,"locality page in out-of-footprint city 'mysore'"
/cook-service-in-hennur-bangalore,/services/cook/bangalore,301,"unmatched locality → service×city (ASSUMPTIONS #5)"
/cook-service-in-hingna-nagpur,,410,"locality page in out-of-footprint city 'nagpur'"
/cook-service-in-hinjewadi-pune,/pune/hinjawadi/cook,301,"service×locality"
/cook-service-in-hinoo-ranchi,,410,"locality page in out-of-footprint city 'ranchi'"
/cook-service-in-hiranandani-estate-thane,,410,"locality page in out-of-footprint city 'thane'"
/cook-service-in-hitec-city-hyderabad,,410,"locality page in out-of-footprint city 'hyderabad'"
/cook-service-in-hootagalli-mysore,,410,"locality page in out-of-footprint city 'mysore'"
/cook-service-in-hoshangabad-road-bhopal,,410,"locality page in out-of-footprint city 'bhopal'"
/cook-service-in-howrah-kolkata,,410,"locality page in out-of-footprint city 'kolkata'"
/cook-service-in-hsr-layout-bangalore,/bangalore/hsr-layout/cook,301,"service×locality"
/cook-service-in-hyderabad,,410,"service-in-city: city 'hyderabad' outside footprint"
/cook-service-in-indira-nagar-lucknow,,410,"locality page in out-of-footprint city 'lucknow'"
/cook-service-in-indira-nagar-nashik,,410,"locality page in out-of-footprint city 'nashik'"
/cook-service-in-indiranagar-bangalore,/bangalore/indiranagar/cook,301,"service×locality"
/cook-service-in-indirapuram-ghaziabad,,410,"locality page in out-of-footprint city 'ghaziabad'"
/cook-service-in-indore,,410,"service-in-city: city 'indore' outside footprint"
/cook-service-in-infocity-bhubaneswar,,410,"locality page in out-of-footprint city 'bhubaneswar'"
/cook-service-in-isanpur-ahmedabad,,410,"locality page in out-of-footprint city 'ahmedabad'"
/cook-service-in-it-park-chandigarh,,410,"locality page in out-of-footprint city 'chandigarh'"
/cook-service-in-jadavpur-kolkata,,410,"locality page in out-of-footprint city 'kolkata'"
/cook-service-in-jagatpura-jaipur,,410,"locality page in out-of-footprint city 'jaipur'"
/cook-service-in-jaipur,,410,"service-in-city: city 'jaipur' outside footprint"
/cook-service-in-jajmau-kanpur,,410,"locality page in out-of-footprint city 'kanpur'"
/cook-service-in-jakhan-dehradun,,410,"locality page in out-of-footprint city 'dehradun'"
/cook-service-in-jamalpur-ludhiana,,410,"locality page in out-of-footprint city 'ludhiana'"
/cook-service-in-janakpuri-delhi,/delhi/janakpuri/cook,301,"service×locality"
/cook-service-in-jankipuram-lucknow,,410,"locality page in out-of-footprint city 'lucknow'"
/cook-service-in-jayalakshmipuram-mysore,,410,"locality page in out-of-footprint city 'mysore'"
/cook-service-in-jayanagar-bangalore,/bangalore/jayanagar/cook,301,"service×locality"
/cook-service-in-jaydev-vihar-bhubaneswar,,410,"locality page in out-of-footprint city 'bhubaneswar'"
/cook-service-in-jaypee-greens-noida,/greater-noida/jaypee-greens/cook,301,"manual locality mapping"
/cook-service-in-jodhpur,,410,"service-in-city: city 'jodhpur' outside footprint"
/cook-service-in-jodhpur-park-kolkata,,410,"locality page in out-of-footprint city 'kolkata'"
/cook-service-in-jodhpur-village-ahmedabad,,410,"locality page in out-of-footprint city 'ahmedabad'"
/cook-service-in-jp-nagar-bangalore,/bangalore/jp-nagar/cook,301,"service×locality"
/cook-service-in-jp-nagar-mysore,,410,"locality page in out-of-footprint city 'mysore'"
/cook-service-in-jubilee-hills-hyderabad,,410,"locality page in out-of-footprint city 'hyderabad'"
/cook-service-in-juhu-mumbai,/mumbai/juhu/cook,301,"service×locality"
/cook-service-in-kabir-chaura-varanasi,,410,"locality page in out-of-footprint city 'varanasi'"
/cook-service-in-kadri-mangalore,/mangalore/kadri/cook,301,"service×locality"
/cook-service-in-kadru-ranchi,,410,"locality page in out-of-footprint city 'ranchi'"
/cook-service-in-kahilipara-guwahati,,410,"locality page in out-of-footprint city 'guwahati'"
/cook-service-in-kaikhali-kolkata,,410,"locality page in out-of-footprint city 'kolkata'"
/cook-service-in-kakadeo-kanpur,,410,"locality page in out-of-footprint city 'kanpur'"
/cook-service-in-kakkanad-kochi,,410,"locality page in out-of-footprint city 'kochi'"
/cook-service-in-kalkaji-delhi,/delhi/kalkaji/cook,301,"service×locality"
/cook-service-in-kaloor-kochi,,410,"locality page in out-of-footprint city 'kochi'"
/cook-service-in-kalyani-nagar-pune,/services/cook/pune,301,"unmatched locality → service×city (ASSUMPTIONS #5)"
/cook-service-in-kalyanpur-kanpur,,410,"locality page in out-of-footprint city 'kanpur'"
/cook-service-in-kamla-nagar-agra,,410,"locality page in out-of-footprint city 'agra'"
/cook-service-in-kamla-nehru-nagar-jodhpur,,410,"locality page in out-of-footprint city 'jodhpur'"
/cook-service-in-kamothe-navi-mumbai,/services/cook/mumbai,301,"unmatched navi-mumbai locality → zone/service hub"
/cook-service-in-kandivali-mumbai,/mumbai/kandivali-east/cook,301,"service×locality"
/cook-service-in-kankanady-mangalore,/mangalore/kankanady/cook,301,"service×locality"
/cook-service-in-kankarbagh-patna,,410,"locality page in out-of-footprint city 'patna'"
/cook-service-in-kanke-ranchi,,410,"locality page in out-of-footprint city 'ranchi'"
/cook-service-in-kanpur,,410,"service-in-city: city 'kanpur' outside footprint"
/cook-service-in-kanuru-vijayawada,,410,"locality page in out-of-footprint city 'vijayawada'"
/cook-service-in-kasba-kolkata,,410,"locality page in out-of-footprint city 'kolkata'"
/cook-service-in-katargam-surat,,410,"locality page in out-of-footprint city 'surat'"
/cook-service-in-kaushambi-ghaziabad,,410,"locality page in out-of-footprint city 'ghaziabad'"
/cook-service-in-kazhakkoottam-thiruvananthapuram,,410,"locality page in out-of-footprint city 'thiruvananthapuram'"
/cook-service-in-kesavadasapuram-thiruvananthapuram,,410,"locality page in out-of-footprint city 'thiruvananthapuram'"
/cook-service-in-khamla-nagpur,,410,"locality page in out-of-footprint city 'nagpur'"
/cook-service-in-khandagiri-bhubaneswar,,410,"locality page in out-of-footprint city 'bhubaneswar'"
/cook-service-in-khandari-agra,,410,"locality page in out-of-footprint city 'agra'"
/cook-service-in-kharadi-pune,/pune/kharadi/cook,301,"service×locality"
/cook-service-in-kharghar-mumbai,/services/cook/mumbai,301,"unmatched locality → service×city (ASSUMPTIONS #5)"
/cook-service-in-kharghar-navi-mumbai,/services/cook/mumbai,301,"unmatched navi-mumbai locality → zone/service hub"
/cook-service-in-kidwai-nagar-kanpur,,410,"locality page in out-of-footprint city 'kanpur'"
/cook-service-in-kk-nagar-madurai,,410,"locality page in out-of-footprint city 'madurai'"
/cook-service-in-kochi,,410,"service-in-city: city 'kochi' outside footprint"
/cook-service-in-kolar-road-bhopal,,410,"locality page in out-of-footprint city 'bhopal'"
/cook-service-in-kolkata,,410,"service-in-city: city 'kolkata' outside footprint"
/cook-service-in-kolshet-thane,,410,"locality page in out-of-footprint city 'thane'"
/cook-service-in-kompally-hyderabad,,410,"locality page in out-of-footprint city 'hyderabad'"
/cook-service-in-kondapur-hyderabad,,410,"locality page in out-of-footprint city 'hyderabad'"
/cook-service-in-kondhwa-pune,/pune/kondhwa/cook,301,"service×locality"
/cook-service-in-kopar-khairane-navi-mumbai,/services/cook/mumbai,301,"unmatched navi-mumbai locality → zone/service hub"
/cook-service-in-koramangala-bangalore,/bangalore/koramangala/cook,301,"service×locality"
/cook-service-in-koregaon-park-pune,/services/cook/pune,301,"unmatched locality → service×city (ASSUMPTIONS #5)"
/cook-service-in-kothrud-pune,/pune/kothrud/cook,301,"service×locality"
/cook-service-in-kottara-mangalore,/mangalore/kottara/cook,301,"service×locality"
/cook-service-in-kovaipudur-coimbatore,,410,"locality page in out-of-footprint city 'coimbatore'"
/cook-service-in-kowdiar-thiruvananthapuram,,410,"locality page in out-of-footprint city 'thiruvananthapuram'"
/cook-service-in-kr-puram-bangalore,/services/cook/bangalore,301,"unmatched locality → service×city (ASSUMPTIONS #5)"
/cook-service-in-kukatpally-hyderabad,,410,"locality page in out-of-footprint city 'hyderabad'"
/cook-service-in-kuvempunagar-mysore,,410,"locality page in out-of-footprint city 'mysore'"
/cook-service-in-lajpat-nagar-delhi,/delhi/lajpat-nagar/cook,301,"service×locality"
/cook-service-in-lake-town-kolkata,,410,"locality page in out-of-footprint city 'kolkata'"
/cook-service-in-lal-kuan-ghaziabad,,410,"locality page in out-of-footprint city 'ghaziabad'"
/cook-service-in-lalpur-ranchi,,410,"locality page in out-of-footprint city 'ranchi'"
/cook-service-in-lanka-varanasi,,410,"locality page in out-of-footprint city 'varanasi'"
/cook-service-in-lb-nagar-hyderabad,,410,"locality page in out-of-footprint city 'hyderabad'"
/cook-service-in-lower-parel-mumbai,/mumbai/parel/cook,301,"service×locality"
/cook-service-in-lucknow,,410,"service-in-city: city 'lucknow' outside footprint"
/cook-service-in-ludhiana,,410,"service-in-city: city 'ludhiana' outside footprint"
/cook-service-in-madhapur-hyderabad,,410,"locality page in out-of-footprint city 'hyderabad'"
/cook-service-in-madhurawada-visakhapatnam,,410,"locality page in out-of-footprint city 'visakhapatnam'"
/cook-service-in-madurai,,410,"service-in-city: city 'madurai' outside footprint"
/cook-service-in-magarpatta-pune,/services/cook/pune,301,"unmatched locality → service×city (ASSUMPTIONS #5)"
/cook-service-in-mahanagar-lucknow,,410,"locality page in out-of-footprint city 'lucknow'"
/cook-service-in-mahendru-patna,,410,"locality page in out-of-footprint city 'patna'"
/cook-service-in-mahmoorganj-varanasi,,410,"locality page in out-of-footprint city 'varanasi'"
/cook-service-in-majiwada-thane,,410,"locality page in out-of-footprint city 'thane'"
/cook-service-in-makhmalabad-nashik,,410,"locality page in out-of-footprint city 'nashik'"
/cook-service-in-malad-mumbai,/mumbai/malad-west/cook,301,"service×locality"
/cook-service-in-malibu-town-gurugram,/services/cook/gurgaon,301,"unmatched locality → service×city (ASSUMPTIONS #5)"
/cook-service-in-malleshwaram-bangalore,/bangalore/malleswaram/cook,301,"service×locality"
/cook-service-in-malviya-nagar-delhi,/delhi/malviya-nagar/cook,301,"service×locality"
/cook-service-in-malviya-nagar-jaipur,,410,"locality page in out-of-footprint city 'jaipur'"
/cook-service-in-mancheswar-bhubaneswar,,410,"locality page in out-of-footprint city 'bhubaneswar'"
/cook-service-in-mandideep-bhopal,,410,"locality page in out-of-footprint city 'bhopal'"
/cook-service-in-mandore-road-jodhpur,,410,"locality page in out-of-footprint city 'jodhpur'"
/cook-service-in-manesar-gurugram,/gurgaon/manesar/cook,301,"service×locality"
/cook-service-in-mangalagiri-vijayawada,,410,"locality page in out-of-footprint city 'vijayawada'"
/cook-service-in-mangalore,/services/cook/mangalore,301,"service-in-city: service×city"
/cook-service-in-manikonda-hyderabad,,410,"locality page in out-of-footprint city 'hyderabad'"
/cook-service-in-manimajra-chandigarh,,410,"locality page in out-of-footprint city 'chandigarh'"
/cook-service-in-maninagar-ahmedabad,,410,"locality page in out-of-footprint city 'ahmedabad'"
/cook-service-in-manish-nagar-nagpur,,410,"locality page in out-of-footprint city 'nagpur'"
/cook-service-in-manjalpur-vadodara,,410,"locality page in out-of-footprint city 'vadodara'"
/cook-service-in-manpada-thane,,410,"locality page in out-of-footprint city 'thane'"
/cook-service-in-mansarovar-jaipur,,410,"locality page in out-of-footprint city 'jaipur'"
/cook-service-in-marathahalli-bangalore,/bangalore/marathahalli/cook,301,"service×locality"
/cook-service-in-marine-drive-kochi,,410,"locality page in out-of-footprint city 'kochi'"
/cook-service-in-mattuthavani-madurai,,410,"locality page in out-of-footprint city 'madurai'"
/cook-service-in-mayur-vihar-delhi,/delhi/mayur-vihar/cook,301,"service×locality"
/cook-service-in-medavakkam-chennai,,410,"locality page in out-of-footprint city 'chennai'"
/cook-service-in-medical-college-thiruvananthapuram,,410,"locality page in out-of-footprint city 'thiruvananthapuram'"
/cook-service-in-mewla-maharajpur-faridabad,,410,"locality page in out-of-footprint city 'faridabad'"
/cook-service-in-mg-road-agra,,410,"locality page in out-of-footprint city 'agra'"
/cook-service-in-mg-road-gurugram,/services/cook/gurgaon,301,"unmatched locality → service×city (ASSUMPTIONS #5)"
/cook-service-in-mira-road-mumbai,/services/cook/mumbai,301,"unmatched locality → service×city (ASSUMPTIONS #5)"
/cook-service-in-miyapur-hyderabad,,410,"locality page in out-of-footprint city 'hyderabad'"
/cook-service-in-model-town-ludhiana,,410,"locality page in out-of-footprint city 'ludhiana'"
/cook-service-in-moghalrajpuram-vijayawada,,410,"locality page in out-of-footprint city 'vijayawada'"
/cook-service-in-mohali-chandigarh,,410,"locality page in out-of-footprint city 'chandigarh'"
/cook-service-in-mokila-hyderabad,,410,"locality page in out-of-footprint city 'hyderabad'"
/cook-service-in-morabadi-ranchi,,410,"locality page in out-of-footprint city 'ranchi'"
/cook-service-in-motera-ahmedabad,,410,"locality page in out-of-footprint city 'ahmedabad'"
/cook-service-in-mowa-raipur,,410,"locality page in out-of-footprint city 'raipur'"
/cook-service-in-mp-nagar-bhopal,,410,"locality page in out-of-footprint city 'bhopal'"
/cook-service-in-mulund-mumbai,/mumbai/mulund/cook,301,"service×locality"
/cook-service-in-mumbai,/services/cook/mumbai,301,"service-in-city: service×city"
/cook-service-in-mussoorie-road-dehradun,,410,"locality page in out-of-footprint city 'dehradun'"
/cook-service-in-mvp-colony-visakhapatnam,,410,"locality page in out-of-footprint city 'visakhapatnam'"
/cook-service-in-mylapore-chennai,,410,"locality page in out-of-footprint city 'chennai'"
/cook-service-in-mysore,,410,"service-in-city: city 'mysore' outside footprint"
/cook-service-in-nad-junction-visakhapatnam,,410,"locality page in out-of-footprint city 'visakhapatnam'"
/cook-service-in-nagpur,,410,"service-in-city: city 'nagpur' outside footprint"
/cook-service-in-nallagandla-hyderabad,,410,"locality page in out-of-footprint city 'hyderabad'"
/cook-service-in-naranpura-ahmedabad,,410,"locality page in out-of-footprint city 'ahmedabad'"
/cook-service-in-nashik,,410,"service-in-city: city 'nashik' outside footprint"
/cook-service-in-nashik-road-nashik,,410,"locality page in out-of-footprint city 'nashik'"
/cook-service-in-naupada-thane,,410,"locality page in out-of-footprint city 'thane'"
/cook-service-in-navi-mumbai,/services/cook/mumbai,301,"service-in-city: service×city"
/cook-service-in-navrangpura-ahmedabad,,410,"locality page in out-of-footprint city 'ahmedabad'"
/cook-service-in-nayapalli-bhubaneswar,,410,"locality page in out-of-footprint city 'bhubaneswar'"
/cook-service-in-neharpar-faridabad,,410,"locality page in out-of-footprint city 'faridabad'"
/cook-service-in-nehru-colony-dehradun,,410,"locality page in out-of-footprint city 'dehradun'"
/cook-service-in-nehru-place-delhi,/services/cook/delhi,301,"unmatched locality → service×city (ASSUMPTIONS #5)"
/cook-service-in-nerul-navi-mumbai,/mumbai/nerul/cook,301,"service×locality"
/cook-service-in-new-town-kolkata,,410,"locality page in out-of-footprint city 'kolkata'"
/cook-service-in-nh-24-ghaziabad,,410,"locality page in out-of-footprint city 'ghaziabad'"
/cook-service-in-nibm-pune,/pune/nibm/cook,301,"service×locality"
/cook-service-in-nipania-indore,,410,"locality page in out-of-footprint city 'indore'"
/cook-service-in-nirvana-country-gurugram,/services/cook/gurgaon,301,"unmatched locality → service×city (ASSUMPTIONS #5)"
/cook-service-in-nit-faridabad-faridabad,,410,"locality page in out-of-footprint city 'faridabad'"
/cook-service-in-niti-khand-ghaziabad,,410,"locality page in out-of-footprint city 'ghaziabad'"
/cook-service-in-noida,/services/cook/noida,301,"service-in-city: service×city"
/cook-service-in-nungambakkam-chennai,,410,"locality page in out-of-footprint city 'chennai'"
/cook-service-in-omr-chennai,,410,"locality page in out-of-footprint city 'chennai'"
/cook-service-in-pakhowal-road-ludhiana,,410,"locality page in out-of-footprint city 'ludhiana'"
/cook-service-in-pal-road-jodhpur,,410,"locality page in out-of-footprint city 'jodhpur'"
/cook-service-in-pal-surat,,410,"locality page in out-of-footprint city 'surat'"
/cook-service-in-palam-vihar-gurugram,/services/cook/gurgaon,301,"unmatched locality → service×city (ASSUMPTIONS #5)"
/cook-service-in-palanganatham-madurai,,410,"locality page in out-of-footprint city 'madurai'"
/cook-service-in-palarivattom-kochi,,410,"locality page in out-of-footprint city 'kochi'"
/cook-service-in-palasia-indore,,410,"locality page in out-of-footprint city 'indore'"
/cook-service-in-paldi-ahmedabad,,410,"locality page in out-of-footprint city 'ahmedabad'"
/cook-service-in-pallavaram-chennai,,410,"locality page in out-of-footprint city 'chennai'"
/cook-service-in-paltan-bazaar-guwahati,,410,"locality page in out-of-footprint city 'guwahati'"
/cook-service-in-panchavati-nashik,,410,"locality page in out-of-footprint city 'nashik'"
/cook-service-in-panchkula-chandigarh,,410,"locality page in out-of-footprint city 'chandigarh'"
/cook-service-in-pandeypur-varanasi,,410,"locality page in out-of-footprint city 'varanasi'"
/cook-service-in-panvel-navi-mumbai,/services/cook/mumbai,301,"unmatched navi-mumbai locality → zone/service hub"
/cook-service-in-paota-jodhpur,,410,"locality page in out-of-footprint city 'jodhpur'"
/cook-service-in-pari-chowk-noida,/greater-noida/pari-chowk/cook,301,"manual locality mapping"
/cook-service-in-park-street-kolkata,,410,"locality page in out-of-footprint city 'kolkata'"
/cook-service-in-paschim-vihar-delhi,/delhi/paschim-vihar/cook,301,"service×locality"
/cook-service-in-pashan-pune,/pune/pashan/cook,301,"service×locality"
/cook-service-in-pathardi-nashik,,410,"locality page in out-of-footprint city 'nashik'"
/cook-service-in-patia-bhubaneswar,,410,"locality page in out-of-footprint city 'bhubaneswar'"
/cook-service-in-patliputra-colony-patna,,410,"locality page in out-of-footprint city 'patna'"
/cook-service-in-patna,,410,"service-in-city: city 'patna' outside footprint"
/cook-service-in-pattom-thiruvananthapuram,,410,"locality page in out-of-footprint city 'thiruvananthapuram'"
/cook-service-in-peelamedu-coimbatore,,410,"locality page in out-of-footprint city 'coimbatore'"
/cook-service-in-pendurthi-visakhapatnam,,410,"locality page in out-of-footprint city 'visakhapatnam'"
/cook-service-in-perungudi-chennai,,410,"locality page in out-of-footprint city 'chennai'"
/cook-service-in-pimpri-chinchwad-pune,/services/cook/pune,301,"manual zone mapping"
/cook-service-in-piplod-surat,,410,"locality page in out-of-footprint city 'surat'"
/cook-service-in-pitampura-delhi,/delhi/pitampura/cook,301,"service×locality"
/cook-service-in-pokhran-road-thane,,410,"locality page in out-of-footprint city 'thane'"
/cook-service-in-poranki-vijayawada,,410,"locality page in out-of-footprint city 'vijayawada'"
/cook-service-in-porur-chennai,,410,"locality page in out-of-footprint city 'chennai'"
/cook-service-in-powai-mumbai,/mumbai/powai/cook,301,"service×locality"
/cook-service-in-prahlad-nagar-ahmedabad,,410,"locality page in out-of-footprint city 'ahmedabad'"
/cook-service-in-pratap-nagar-jaipur,,410,"locality page in out-of-footprint city 'jaipur'"
/cook-service-in-pratap-nagar-nagpur,,410,"locality page in out-of-footprint city 'nagpur'"
/cook-service-in-pune,/services/cook/pune,301,"service-in-city: service×city"
/cook-service-in-race-course-coimbatore,,410,"locality page in out-of-footprint city 'coimbatore'"
/cook-service-in-race-course-dehradun,,410,"locality page in out-of-footprint city 'dehradun'"
/cook-service-in-race-course-vadodara,,410,"locality page in out-of-footprint city 'vadodara'"
/cook-service-in-raipur,,410,"service-in-city: city 'raipur' outside footprint"
/cook-service-in-raj-nagar-extension-ghaziabad,,410,"locality page in out-of-footprint city 'ghaziabad'"
/cook-service-in-raja-mandi-agra,,410,"locality page in out-of-footprint city 'agra'"
/cook-service-in-raja-park-jaipur,,410,"locality page in out-of-footprint city 'jaipur'"
/cook-service-in-rajajinagar-bangalore,/bangalore/rajajinagar/cook,301,"service×locality"
/cook-service-in-rajarhat-kolkata,,410,"locality page in out-of-footprint city 'kolkata'"
/cook-service-in-rajendra-nagar-patna,,410,"locality page in out-of-footprint city 'patna'"
/cook-service-in-rajguru-nagar-ludhiana,,410,"locality page in out-of-footprint city 'ludhiana'"
/cook-service-in-rajouri-garden-delhi,/delhi/rajouri-garden/cook,301,"service×locality"
/cook-service-in-rajpur-road-dehradun,,410,"locality page in out-of-footprint city 'dehradun'"
/cook-service-in-ranchi,,410,"service-in-city: city 'ranchi' outside footprint"
/cook-service-in-ratanada-jodhpur,,410,"locality page in out-of-footprint city 'jodhpur'"
/cook-service-in-ratu-road-ranchi,,410,"locality page in out-of-footprint city 'ranchi'"
/cook-service-in-rau-indore,,410,"locality page in out-of-footprint city 'indore'"
/cook-service-in-rawatpur-kanpur,,410,"locality page in out-of-footprint city 'kanpur'"
/cook-service-in-rohini-delhi,/delhi/rohini/cook,301,"service×locality"
/cook-service-in-rs-puram-coimbatore,,410,"locality page in out-of-footprint city 'coimbatore'"
/cook-service-in-rushikonda-visakhapatnam,,410,"locality page in out-of-footprint city 'visakhapatnam'"
/cook-service-in-sadar-nagpur,,410,"locality page in out-of-footprint city 'nagpur'"
/cook-service-in-saguna-more-patna,,410,"locality page in out-of-footprint city 'patna'"
/cook-service-in-saheed-nagar-bhubaneswar,,410,"locality page in out-of-footprint city 'bhubaneswar'"
/cook-service-in-sahibabad-ghaziabad,,410,"locality page in out-of-footprint city 'ghaziabad'"
/cook-service-in-saket-delhi,/delhi/saket/cook,301,"service×locality"
/cook-service-in-salt-lake-kolkata,,410,"locality page in out-of-footprint city 'kolkata'"
/cook-service-in-sama-vadodara,,410,"locality page in out-of-footprint city 'vadodara'"
/cook-service-in-sanpada-navi-mumbai,/mumbai/sanpada/cook,301,"service×locality"
/cook-service-in-sapna-sangeeta-indore,,410,"locality page in out-of-footprint city 'indore'"
/cook-service-in-sarabha-nagar-ludhiana,,410,"locality page in out-of-footprint city 'ludhiana'"
/cook-service-in-saraswathipuram-mysore,,410,"locality page in out-of-footprint city 'mysore'"
/cook-service-in-saravanampatti-coimbatore,,410,"locality page in out-of-footprint city 'coimbatore'"
/cook-service-in-sardarpura-jodhpur,,410,"locality page in out-of-footprint city 'jodhpur'"
/cook-service-in-sarjapur-road-bangalore,/bangalore/sarjapur-road/cook,301,"service×locality"
/cook-service-in-sarnath-varanasi,,410,"locality page in out-of-footprint city 'varanasi'"
/cook-service-in-sasthamangalam-thiruvananthapuram,,410,"locality page in out-of-footprint city 'thiruvananthapuram'"
/cook-service-in-satellite-ahmedabad,,410,"locality page in out-of-footprint city 'ahmedabad'"
/cook-service-in-satpur-nashik,,410,"locality page in out-of-footprint city 'nashik'"
/cook-service-in-scheme-78-indore,,410,"locality page in out-of-footprint city 'indore'"
/cook-service-in-sealdah-kolkata,,410,"locality page in out-of-footprint city 'kolkata'"
/cook-service-in-seawoods-navi-mumbai,/services/cook/mumbai,301,"unmatched navi-mumbai locality → zone/service hub"
/cook-service-in-sector-100-noida,/noida/sector-100/cook,301,"service×locality"
/cook-service-in-sector-120-122-noida,/services/cook/noida,301,"unmatched locality → service×city (ASSUMPTIONS #5)"
/cook-service-in-sector-128-134-noida,/services/cook/noida,301,"manual zone mapping"
/cook-service-in-sector-137-noida,/noida/sector-137/cook,301,"service×locality"
/cook-service-in-sector-15-21-faridabad,,410,"locality page in out-of-footprint city 'faridabad'"
/cook-service-in-sector-15-chandigarh,,410,"locality page in out-of-footprint city 'chandigarh'"
/cook-service-in-sector-15-gurugram,/services/cook/gurgaon,301,"unmatched locality → service×city (ASSUMPTIONS #5)"
/cook-service-in-sector-150-noida,/noida/sector-150/cook,301,"service×locality"
/cook-service-in-sector-17-chandigarh,,410,"locality page in out-of-footprint city 'chandigarh'"
/cook-service-in-sector-18-noida,/noida/sector-18/cook,301,"service×locality"
/cook-service-in-sector-22-chandigarh,,410,"locality page in out-of-footprint city 'chandigarh'"
/cook-service-in-sector-28-30-faridabad,,410,"locality page in out-of-footprint city 'faridabad'"
/cook-service-in-sector-32-noida,/services/cook/noida,301,"unmatched locality → service×city (ASSUMPTIONS #5)"
/cook-service-in-sector-35-chandigarh,,410,"locality page in out-of-footprint city 'chandigarh'"
/cook-service-in-sector-37-faridabad,,410,"locality page in out-of-footprint city 'faridabad'"
/cook-service-in-sector-37-noida,/noida/sector-37/cook,301,"service×locality"
/cook-service-in-sector-43-chandigarh,,410,"locality page in out-of-footprint city 'chandigarh'"
/cook-service-in-sector-44-chandigarh,,410,"locality page in out-of-footprint city 'chandigarh'"
/cook-service-in-sector-44-noida,/noida/sector-44/cook,301,"service×locality"
/cook-service-in-sector-45-48-gurugram,/gurgaon/sector-45/cook,301,"manual locality mapping"
/cook-service-in-sector-49-gurugram,/gurgaon/sector-49/cook,301,"service×locality"
/cook-service-in-sector-50-noida,/noida/sector-50/cook,301,"service×locality"
/cook-service-in-sector-56-57-gurugram,/gurgaon/sector-56/cook,301,"manual locality mapping"
/cook-service-in-sector-62-noida,/noida/sector-62/cook,301,"service×locality"
/cook-service-in-sector-67-70-gurugram,/gurgaon/sector-67/cook,301,"manual locality mapping"
/cook-service-in-sector-75-76-noida,/noida/sector-75/cook,301,"manual locality mapping"
/cook-service-in-sector-78-noida,/noida/sector-78/cook,301,"service×locality"
/cook-service-in-sector-8-11-chandigarh,,410,"locality page in out-of-footprint city 'chandigarh'"
/cook-service-in-sector-81-89-faridabad,,410,"locality page in out-of-footprint city 'faridabad'"
/cook-service-in-sector-82-84-gurugram,/gurgaon/sector-82/cook,301,"manual locality mapping"
/cook-service-in-sector-93-96-noida,/noida/sector-93/cook,301,"manual locality mapping"
/cook-service-in-secunderabad-hyderabad,,410,"locality page in out-of-footprint city 'hyderabad'"
/cook-service-in-seethammadhara-visakhapatnam,,410,"locality page in out-of-footprint city 'visakhapatnam'"
/cook-service-in-seminary-hills-nagpur,,410,"locality page in out-of-footprint city 'nagpur'"
/cook-service-in-sg-highway-ahmedabad,,410,"locality page in out-of-footprint city 'ahmedabad'"
/cook-service-in-shahganj-agra,,410,"locality page in out-of-footprint city 'agra'"
/cook-service-in-shahibaug-ahmedabad,,410,"locality page in out-of-footprint city 'ahmedabad'"
/cook-service-in-shahpura-bhopal,,410,"locality page in out-of-footprint city 'bhopal'"
/cook-service-in-shakti-khand-ghaziabad,,410,"locality page in out-of-footprint city 'ghaziabad'"
/cook-service-in-shalimar-garden-ghaziabad,,410,"locality page in out-of-footprint city 'ghaziabad'"
/cook-service-in-shamshabad-hyderabad,,410,"locality page in out-of-footprint city 'hyderabad'"
/cook-service-in-shankar-nagar-raipur,,410,"locality page in out-of-footprint city 'raipur'"
/cook-service-in-shastri-nagar-jodhpur,,410,"locality page in out-of-footprint city 'jodhpur'"
/cook-service-in-shivaji-nagar-pune,/pune/shivajinagar/cook,301,"manual locality mapping"
/cook-service-in-shivpur-varanasi,,410,"locality page in out-of-footprint city 'varanasi'"
/cook-service-in-sholinganallur-chennai,,410,"locality page in out-of-footprint city 'chennai'"
/cook-service-in-shyam-nagar-kanpur,,410,"locality page in out-of-footprint city 'kanpur'"
/cook-service-in-sigra-varanasi,,410,"locality page in out-of-footprint city 'varanasi'"
/cook-service-in-sikandra-agra,,410,"locality page in out-of-footprint city 'agra'"
/cook-service-in-singanallur-coimbatore,,410,"locality page in out-of-footprint city 'coimbatore'"
/cook-service-in-sinhagad-road-pune,/services/cook/pune,301,"unmatched locality → service×city (ASSUMPTIONS #5)"
/cook-service-in-sodala-jaipur,,410,"locality page in out-of-footprint city 'jaipur'"
/cook-service-in-sohna-road-gurugram,/gurgaon/sohna-road/cook,301,"service×locality"
/cook-service-in-south-bopal-ahmedabad,,410,"locality page in out-of-footprint city 'ahmedabad'"
/cook-service-in-south-city-gurugram,/gurgaon/south-city-1/cook,301,"manual locality mapping"
/cook-service-in-south-delhi-delhi,/services/cook/delhi,301,"service×zone → service×city (no zone service pages)"
/cook-service-in-south-tukoganj-indore,,410,"locality page in out-of-footprint city 'indore'"
/cook-service-in-ss-colony-madurai,,410,"locality page in out-of-footprint city 'madurai'"
/cook-service-in-super-corridor-indore,,410,"locality page in out-of-footprint city 'indore'"
/cook-service-in-surajkund-faridabad,,410,"locality page in out-of-footprint city 'faridabad'"
/cook-service-in-surat,,410,"service-in-city: city 'surat' outside footprint"
/cook-service-in-surathkal-mangalore,/mangalore/surathkal/cook,301,"service×locality"
/cook-service-in-sushant-lok-gurugram,/services/cook/gurgaon,301,"unmatched locality → service×city (ASSUMPTIONS #5)"
/cook-service-in-swaroop-nagar-kanpur,,410,"locality page in out-of-footprint city 'kanpur'"
/cook-service-in-t-nagar-chennai,,410,"locality page in out-of-footprint city 'chennai'"
/cook-service-in-tadepalli-vijayawada,,410,"locality page in out-of-footprint city 'vijayawada'"
/cook-service-in-tajganj-agra,,410,"locality page in out-of-footprint city 'agra'"
/cook-service-in-tallakulam-madurai,,410,"locality page in out-of-footprint city 'madurai'"
/cook-service-in-tambaram-chennai,,410,"locality page in out-of-footprint city 'chennai'"
/cook-service-in-tatibandh-raipur,,410,"locality page in out-of-footprint city 'raipur'"
/cook-service-in-technopark-thiruvananthapuram,,410,"locality page in out-of-footprint city 'thiruvananthapuram'"
/cook-service-in-telibandha-raipur,,410,"locality page in out-of-footprint city 'raipur'"
/cook-service-in-teppakulam-madurai,,410,"locality page in out-of-footprint city 'madurai'"
/cook-service-in-thaltej-ahmedabad,,410,"locality page in out-of-footprint city 'ahmedabad'"
/cook-service-in-thane,,410,"service-in-city: city 'thane' outside footprint"
/cook-service-in-thane-west-mumbai,/services/cook/mumbai,301,"unmatched locality → service×city (ASSUMPTIONS #5)"
/cook-service-in-thirunagar-madurai,,410,"locality page in out-of-footprint city 'madurai'"
/cook-service-in-thiruvananthapuram,,410,"service-in-city: city 'thiruvananthapuram' outside footprint"
/cook-service-in-thiruvanmiyur-chennai,,410,"locality page in out-of-footprint city 'chennai'"
/cook-service-in-thudiyalur-coimbatore,,410,"locality page in out-of-footprint city 'coimbatore'"
/cook-service-in-thycaud-thiruvananthapuram,,410,"locality page in out-of-footprint city 'thiruvananthapuram'"
/cook-service-in-tollygunge-kolkata,,410,"locality page in out-of-footprint city 'kolkata'"
/cook-service-in-tonk-road-jaipur,,410,"locality page in out-of-footprint city 'jaipur'"
/cook-service-in-tripunithura-kochi,,410,"locality page in out-of-footprint city 'kochi'"
/cook-service-in-tt-nagar-bhopal,,410,"locality page in out-of-footprint city 'bhopal'"
/cook-service-in-udyog-vihar-gurugram,/services/cook/gurgaon,301,"unmatched locality → service×city (ASSUMPTIONS #5)"
/cook-service-in-ultadanga-kolkata,,410,"locality page in out-of-footprint city 'kolkata'"
/cook-service-in-undri-pune,/services/cook/pune,301,"unmatched locality → service×city (ASSUMPTIONS #5)"
/cook-service-in-unit-1-9-bhubaneswar,,410,"locality page in out-of-footprint city 'bhubaneswar'"
/cook-service-in-uppal-hyderabad,,410,"locality page in out-of-footprint city 'hyderabad'"
/cook-service-in-vadavalli-coimbatore,,410,"locality page in out-of-footprint city 'coimbatore'"
/cook-service-in-vadodara,,410,"service-in-city: city 'vadodara' outside footprint"
/cook-service-in-vaishali-ghaziabad,,410,"locality page in out-of-footprint city 'ghaziabad'"
/cook-service-in-vaishali-nagar-jaipur,,410,"locality page in out-of-footprint city 'jaipur'"
/cook-service-in-varachha-surat,,410,"locality page in out-of-footprint city 'surat'"
/cook-service-in-varanasi,,410,"service-in-city: city 'varanasi' outside footprint"
/cook-service-in-vartak-nagar-thane,,410,"locality page in out-of-footprint city 'thane'"
/cook-service-in-vasant-kunj-delhi,/delhi/vasant-kunj/cook,301,"service×locality"
/cook-service-in-vasant-vihar-dehradun,,410,"locality page in out-of-footprint city 'dehradun'"
/cook-service-in-vasant-vihar-delhi,/delhi/vasant-vihar/cook,301,"service×locality"
/cook-service-in-vashi-mumbai,/mumbai/vashi/cook,301,"service×locality"
/cook-service-in-vashi-navi-mumbai,/mumbai/vashi/cook,301,"service×locality"
/cook-service-in-vasna-vadodara,,410,"locality page in out-of-footprint city 'vadodara'"
/cook-service-in-vastrapur-ahmedabad,,410,"locality page in out-of-footprint city 'ahmedabad'"
/cook-service-in-vasundhara-ghaziabad,,410,"locality page in out-of-footprint city 'ghaziabad'"
/cook-service-in-vatika-city-gurugram,/services/cook/gurgaon,301,"unmatched locality → service×city (ASSUMPTIONS #5)"
/cook-service-in-vazhuthacaud-thiruvananthapuram,,410,"locality page in out-of-footprint city 'thiruvananthapuram'"
/cook-service-in-velachery-chennai,,410,"locality page in out-of-footprint city 'chennai'"
/cook-service-in-vellayambalam-thiruvananthapuram,,410,"locality page in out-of-footprint city 'thiruvananthapuram'"
/cook-service-in-vesu-surat,,410,"locality page in out-of-footprint city 'surat'"
/cook-service-in-vidhyadhar-nagar-jaipur,,410,"locality page in out-of-footprint city 'jaipur'"
/cook-service-in-vijay-nagar-indore,,410,"locality page in out-of-footprint city 'indore'"
/cook-service-in-vijayanagar-mysore,,410,"locality page in out-of-footprint city 'mysore'"
/cook-service-in-vijayawada,,410,"service-in-city: city 'vijayawada' outside footprint"
/cook-service-in-vikas-nagar-lucknow,,410,"locality page in out-of-footprint city 'lucknow'"
/cook-service-in-vikhroli-mumbai,/mumbai/vikhroli/cook,301,"service×locality"
/cook-service-in-villapuram-madurai,,410,"locality page in out-of-footprint city 'madurai'"
/cook-service-in-viman-nagar-pune,/pune/viman-nagar/cook,301,"service×locality"
/cook-service-in-vip-road-raipur,,410,"locality page in out-of-footprint city 'raipur'"
/cook-service-in-visakhapatnam,,410,"service-in-city: city 'visakhapatnam' outside footprint"
/cook-service-in-vyttila-kochi,,410,"locality page in out-of-footprint city 'kochi'"
/cook-service-in-wadi-nagpur,,410,"locality page in out-of-footprint city 'nagpur'"
/cook-service-in-waghodia-road-vadodara,,410,"locality page in out-of-footprint city 'vadodara'"
/cook-service-in-wagle-estate-thane,,410,"locality page in out-of-footprint city 'thane'"
/cook-service-in-wakad-pune,/pune/wakad/cook,301,"service×locality"
/cook-service-in-waltair-visakhapatnam,,410,"locality page in out-of-footprint city 'visakhapatnam'"
/cook-service-in-wardhaman-nagar-nagpur,,410,"locality page in out-of-footprint city 'nagpur'"
/cook-service-in-warje-pune,/pune/warje/cook,301,"service×locality"
/cook-service-in-wave-city-ghaziabad,,410,"locality page in out-of-footprint city 'ghaziabad'"
/cook-service-in-whitefield-bangalore,/bangalore/whitefield/cook,301,"service×locality"
/cook-service-in-worli-mumbai,/mumbai/worli/cook,301,"service×locality"
/cook-service-in-yelahanka-bangalore,/services/cook/bangalore,301,"unmatched locality → service×city (ASSUMPTIONS #5)"
/cook-service-in-zirakpur-chandigarh,,410,"locality page in out-of-footprint city 'chandigarh'"
/cook-service-in-zoo-road-guwahati,,410,"locality page in out-of-footprint city 'guwahati'"
/domestic-help-salary-in-agra-2026,,410,"salary guide in out-of-footprint city"
/domestic-help-salary-in-ahmedabad-2026,,410,"salary guide in out-of-footprint city"
/domestic-help-salary-in-bangalore-2026,/pricing,301,"salary guide → pricing (ASSUMPTIONS #6)"
/domestic-help-salary-in-bhopal-2026,,410,"salary guide in out-of-footprint city"
/domestic-help-salary-in-bhubaneswar-2026,,410,"salary guide in out-of-footprint city"
/domestic-help-salary-in-chandigarh-2026,,410,"salary guide in out-of-footprint city"
/domestic-help-salary-in-chennai-2026,,410,"salary guide in out-of-footprint city"
/domestic-help-salary-in-coimbatore-2026,,410,"salary guide in out-of-footprint city"
/domestic-help-salary-in-dehradun-2026,,410,"salary guide in out-of-footprint city"
/domestic-help-salary-in-delhi-2026,/pricing,301,"salary guide → pricing (ASSUMPTIONS #6)"
/domestic-help-salary-in-faridabad-2026,,410,"salary guide in out-of-footprint city"
/domestic-help-salary-in-ghaziabad-2026,,410,"salary guide in out-of-footprint city"
/domestic-help-salary-in-gurugram-2026,/pricing,301,"salary guide → pricing (ASSUMPTIONS #6)"
/domestic-help-salary-in-guwahati-2026,,410,"salary guide in out-of-footprint city"
/domestic-help-salary-in-hyderabad-2026,,410,"salary guide in out-of-footprint city"
/domestic-help-salary-in-indore-2026,,410,"salary guide in out-of-footprint city"
/domestic-help-salary-in-jaipur-2026,,410,"salary guide in out-of-footprint city"
/domestic-help-salary-in-jodhpur-2026,,410,"salary guide in out-of-footprint city"
/domestic-help-salary-in-kanpur-2026,,410,"salary guide in out-of-footprint city"
/domestic-help-salary-in-kochi-2026,,410,"salary guide in out-of-footprint city"
/domestic-help-salary-in-kolkata-2026,,410,"salary guide in out-of-footprint city"
/domestic-help-salary-in-lucknow-2026,,410,"salary guide in out-of-footprint city"
/domestic-help-salary-in-ludhiana-2026,,410,"salary guide in out-of-footprint city"
/domestic-help-salary-in-madurai-2026,,410,"salary guide in out-of-footprint city"
/domestic-help-salary-in-mangalore-2026,/pricing,301,"salary guide → pricing (ASSUMPTIONS #6)"
/domestic-help-salary-in-mumbai-2026,/pricing,301,"salary guide → pricing (ASSUMPTIONS #6)"
/domestic-help-salary-in-mysore-2026,,410,"salary guide in out-of-footprint city"
/domestic-help-salary-in-nagpur-2026,,410,"salary guide in out-of-footprint city"
/domestic-help-salary-in-nashik-2026,,410,"salary guide in out-of-footprint city"
/domestic-help-salary-in-navi-mumbai-2026,/pricing,301,"salary guide → pricing (ASSUMPTIONS #6)"
/domestic-help-salary-in-noida-2026,/pricing,301,"salary guide → pricing (ASSUMPTIONS #6)"
/domestic-help-salary-in-patna-2026,,410,"salary guide in out-of-footprint city"
/domestic-help-salary-in-pune-2026,/pricing,301,"salary guide → pricing (ASSUMPTIONS #6)"
/domestic-help-salary-in-raipur-2026,,410,"salary guide in out-of-footprint city"
/domestic-help-salary-in-ranchi-2026,,410,"salary guide in out-of-footprint city"
/domestic-help-salary-in-surat-2026,,410,"salary guide in out-of-footprint city"
/domestic-help-salary-in-thane-2026,,410,"salary guide in out-of-footprint city"
/domestic-help-salary-in-thiruvananthapuram-2026,,410,"salary guide in out-of-footprint city"
/domestic-help-salary-in-vadodara-2026,,410,"salary guide in out-of-footprint city"
/domestic-help-salary-in-varanasi-2026,,410,"salary guide in out-of-footprint city"
/domestic-help-salary-in-vijayawada-2026,,410,"salary guide in out-of-footprint city"
/domestic-help-salary-in-visakhapatnam-2026,,410,"salary guide in out-of-footprint city"
/elderly-care-home-vs-caregiver,/blog/elderly-care-home-vs-caregiver,301,"comparison/guide → blog"
/elderly-care-service,/services/elder-care,301,"service hub"
/elderly-care-service-in-aashiyana-lucknow,,410,"locality page in out-of-footprint city 'lucknow'"
/elderly-care-service-in-ab-road-indore,,410,"locality page in out-of-footprint city 'indore'"
/elderly-care-service-in-adajan-surat,,410,"locality page in out-of-footprint city 'surat'"
/elderly-care-service-in-adyar-chennai,,410,"locality page in out-of-footprint city 'chennai'"
/elderly-care-service-in-agra,,410,"service-in-city: city 'agra' outside footprint"
/elderly-care-service-in-ahinsa-khand-ghaziabad,,410,"locality page in out-of-footprint city 'ghaziabad'"
/elderly-care-service-in-ahmedabad,,410,"service-in-city: city 'ahmedabad' outside footprint"
/elderly-care-service-in-airoli-navi-mumbai,/mumbai/airoli/elder-care,301,"service×locality"
/elderly-care-service-in-akota-vadodara,,410,"locality page in out-of-footprint city 'vadodara'"
/elderly-care-service-in-alambagh-lucknow,,410,"locality page in out-of-footprint city 'lucknow'"
/elderly-care-service-in-aliganj-lucknow,,410,"locality page in out-of-footprint city 'lucknow'"
/elderly-care-service-in-alipore-kolkata,,410,"locality page in out-of-footprint city 'kolkata'"
/elderly-care-service-in-alkapuri-vadodara,,410,"locality page in out-of-footprint city 'vadodara'"
/elderly-care-service-in-althan-surat,,410,"locality page in out-of-footprint city 'surat'"
/elderly-care-service-in-aluva-kochi,,410,"locality page in out-of-footprint city 'kochi'"
/elderly-care-service-in-amanaka-raipur,,410,"locality page in out-of-footprint city 'raipur'"
/elderly-care-service-in-ambattur-chennai,,410,"locality page in out-of-footprint city 'chennai'"
/elderly-care-service-in-ambawadi-ahmedabad,,410,"locality page in out-of-footprint city 'ahmedabad'"
/elderly-care-service-in-ameerpet-hyderabad,,410,"locality page in out-of-footprint city 'hyderabad'"
/elderly-care-service-in-amity-area-noida,/services/elder-care/noida,301,"unmatched locality → service×city (ASSUMPTIONS #5)"
/elderly-care-service-in-andheri-mumbai,/mumbai/andheri/elder-care,301,"service×locality"
/elderly-care-service-in-anisabad-patna,,410,"locality page in out-of-footprint city 'patna'"
/elderly-care-service-in-anna-nagar-chennai,,410,"locality page in out-of-footprint city 'chennai'"
/elderly-care-service-in-anna-nagar-madurai,,410,"locality page in out-of-footprint city 'madurai'"
/elderly-care-service-in-arapalayam-madurai,,410,"locality page in out-of-footprint city 'madurai'"
/elderly-care-service-in-arera-colony-bhopal,,410,"locality page in out-of-footprint city 'bhopal'"
/elderly-care-service-in-ashok-nagar-ranchi,,410,"locality page in out-of-footprint city 'ranchi'"
/elderly-care-service-in-athwa-surat,,410,"locality page in out-of-footprint city 'surat'"
/elderly-care-service-in-attapur-hyderabad,,410,"locality page in out-of-footprint city 'hyderabad'"
/elderly-care-service-in-attavar-mangalore,/mangalore/attavar/elder-care,301,"service×locality"
/elderly-care-service-in-aundh-pune,/pune/aundh/elder-care,301,"service×locality"
/elderly-care-service-in-auto-nagar-vijayawada,,410,"locality page in out-of-footprint city 'vijayawada'"
/elderly-care-service-in-avadi-chennai,,410,"locality page in out-of-footprint city 'chennai'"
/elderly-care-service-in-bailey-road-patna,,410,"locality page in out-of-footprint city 'patna'"
/elderly-care-service-in-bairagarh-bhopal,,410,"locality page in out-of-footprint city 'bhopal'"
/elderly-care-service-in-balkum-thane,,410,"locality page in out-of-footprint city 'thane'"
/elderly-care-service-in-ballabgarh-faridabad,,410,"locality page in out-of-footprint city 'faridabad'"
/elderly-care-service-in-ballupur-dehradun,,410,"locality page in out-of-footprint city 'dehradun'"
/elderly-care-service-in-ballygunge-kolkata,,410,"locality page in out-of-footprint city 'kolkata'"
/elderly-care-service-in-banashankari-bangalore,/bangalore/banashankari/elder-care,301,"service×locality"
/elderly-care-service-in-bandra-mumbai,/mumbai/bandra-west/elder-care,301,"service×locality"
/elderly-care-service-in-baner-pune,/pune/baner/elder-care,301,"service×locality"
/elderly-care-service-in-bangalore,/services/elder-care/bangalore,301,"service-in-city: service×city"
/elderly-care-service-in-bani-park-jaipur,,410,"locality page in out-of-footprint city 'jaipur'"
/elderly-care-service-in-banjara-hills-hyderabad,,410,"locality page in out-of-footprint city 'hyderabad'"
/elderly-care-service-in-bannerghatta-road-bangalore,/bangalore/bannerghatta-road/elder-care,301,"service×locality"
/elderly-care-service-in-bapuji-nagar-bhubaneswar,,410,"locality page in out-of-footprint city 'bhubaneswar'"
/elderly-care-service-in-baranagar-kolkata,,410,"locality page in out-of-footprint city 'kolkata'"
/elderly-care-service-in-bariatu-ranchi,,410,"locality page in out-of-footprint city 'ranchi'"
/elderly-care-service-in-basavanagudi-bangalore,/bangalore/basavanagudi/elder-care,301,"service×locality"
/elderly-care-service-in-basistha-guwahati,,410,"locality page in out-of-footprint city 'guwahati'"
/elderly-care-service-in-basni-jodhpur,,410,"locality page in out-of-footprint city 'jodhpur'"
/elderly-care-service-in-bavdhan-pune,/pune/bavdhan/elder-care,301,"service×locality"
/elderly-care-service-in-begumpet-hyderabad,,410,"locality page in out-of-footprint city 'hyderabad'"
/elderly-care-service-in-behala-kolkata,,410,"locality page in out-of-footprint city 'kolkata'"
/elderly-care-service-in-bejai-mangalore,/mangalore/bejai/elder-care,301,"service×locality"
/elderly-care-service-in-belapur-navi-mumbai,/services/elder-care/mumbai,301,"unmatched navi-mumbai locality → zone/service hub"
/elderly-care-service-in-bellandur-bangalore,/bangalore/bellandur/elder-care,301,"service×locality"
/elderly-care-service-in-beltola-guwahati,,410,"locality page in out-of-footprint city 'guwahati'"
/elderly-care-service-in-bendoorwell-mangalore,/services/elder-care/mangalore,301,"unmatched locality → service×city (ASSUMPTIONS #5)"
/elderly-care-service-in-benz-circle-vijayawada,,410,"locality page in out-of-footprint city 'vijayawada'"
/elderly-care-service-in-besant-nagar-chennai,,410,"locality page in out-of-footprint city 'chennai'"
/elderly-care-service-in-bhawarkua-indore,,410,"locality page in out-of-footprint city 'indore'"
/elderly-care-service-in-bhel-bhopal,,410,"locality page in out-of-footprint city 'bhopal'"
/elderly-care-service-in-bhelupur-varanasi,,410,"locality page in out-of-footprint city 'varanasi'"
/elderly-care-service-in-bhopal,,410,"service-in-city: city 'bhopal' outside footprint"
/elderly-care-service-in-bhubaneswar,,410,"service-in-city: city 'bhubaneswar' outside footprint"
/elderly-care-service-in-bodakdev-ahmedabad,,410,"locality page in out-of-footprint city 'ahmedabad'"
/elderly-care-service-in-bogadi-mysore,,410,"locality page in out-of-footprint city 'mysore'"
/elderly-care-service-in-bopal-ahmedabad,,410,"locality page in out-of-footprint city 'ahmedabad'"
/elderly-care-service-in-boring-road-patna,,410,"locality page in out-of-footprint city 'patna'"
/elderly-care-service-in-borivali-mumbai,/services/elder-care/mumbai,301,"unmatched locality → service×city (ASSUMPTIONS #5)"
/elderly-care-service-in-bptp-faridabad,,410,"locality page in out-of-footprint city 'faridabad'"
/elderly-care-service-in-brs-nagar-ludhiana,,410,"locality page in out-of-footprint city 'ludhiana'"
/elderly-care-service-in-btm-layout-bangalore,/services/elder-care/bangalore,301,"unmatched locality → service×city (ASSUMPTIONS #5)"
/elderly-care-service-in-c-scheme-jaipur,,410,"locality page in out-of-footprint city 'jaipur'"
/elderly-care-service-in-cantt-area-varanasi,,410,"locality page in out-of-footprint city 'varanasi'"
/elderly-care-service-in-chandigarh,,410,"service-in-city: city 'chandigarh' outside footprint"
/elderly-care-service-in-chandkheda-ahmedabad,,410,"locality page in out-of-footprint city 'ahmedabad'"
/elderly-care-service-in-chandmari-guwahati,,410,"locality page in out-of-footprint city 'guwahati'"
/elderly-care-service-in-chandrasekharpur-bhubaneswar,,410,"locality page in out-of-footprint city 'bhubaneswar'"
/elderly-care-service-in-chembur-mumbai,/mumbai/chembur/elder-care,301,"service×locality"
/elderly-care-service-in-chennai,,410,"service-in-city: city 'chennai' outside footprint"
/elderly-care-service-in-chinhat-lucknow,,410,"locality page in out-of-footprint city 'lucknow'"
/elderly-care-service-in-chopasni-housing-board-jodhpur,,410,"locality page in out-of-footprint city 'jodhpur'"
/elderly-care-service-in-chromepet-chennai,,410,"locality page in out-of-footprint city 'chennai'"
/elderly-care-service-in-cidco-nashik,,410,"locality page in out-of-footprint city 'nashik'"
/elderly-care-service-in-circuit-house-area-jodhpur,,410,"locality page in out-of-footprint city 'jodhpur'"
/elderly-care-service-in-city-light-surat,,410,"locality page in out-of-footprint city 'surat'"
/elderly-care-service-in-civil-lines-agra,,410,"locality page in out-of-footprint city 'agra'"
/elderly-care-service-in-civil-lines-jaipur,,410,"locality page in out-of-footprint city 'jaipur'"
/elderly-care-service-in-civil-lines-kanpur,,410,"locality page in out-of-footprint city 'kanpur'"
/elderly-care-service-in-civil-lines-ludhiana,,410,"locality page in out-of-footprint city 'ludhiana'"
/elderly-care-service-in-civil-lines-nagpur,,410,"locality page in out-of-footprint city 'nagpur'"
/elderly-care-service-in-civil-lines-raipur,,410,"locality page in out-of-footprint city 'raipur'"
/elderly-care-service-in-clement-town-dehradun,,410,"locality page in out-of-footprint city 'dehradun'"
/elderly-care-service-in-coimbatore,,410,"service-in-city: city 'coimbatore' outside footprint"
/elderly-care-service-in-colaba-mumbai,/mumbai/colaba/elder-care,301,"service×locality"
/elderly-care-service-in-college-road-nashik,,410,"locality page in out-of-footprint city 'nashik'"
/elderly-care-service-in-crossing-republik-ghaziabad,,410,"locality page in out-of-footprint city 'ghaziabad'"
/elderly-care-service-in-crown-interiorz-faridabad,,410,"locality page in out-of-footprint city 'faridabad'"
/elderly-care-service-in-dadar-mumbai,/mumbai/dadar/elder-care,301,"service×locality"
/elderly-care-service-in-dalanwala-dehradun,,410,"locality page in out-of-footprint city 'dehradun'"
/elderly-care-service-in-daldal-seoni-raipur,,410,"locality page in out-of-footprint city 'raipur'"
/elderly-care-service-in-danapur-patna,,410,"locality page in out-of-footprint city 'patna'"
/elderly-care-service-in-dattagalli-mysore,,410,"locality page in out-of-footprint city 'mysore'"
/elderly-care-service-in-dayal-bagh-agra,,410,"locality page in out-of-footprint city 'agra'"
/elderly-care-service-in-defence-colony-delhi,/delhi/defence-colony/elder-care,301,"service×locality"
/elderly-care-service-in-dehradun,,410,"service-in-city: city 'dehradun' outside footprint"
/elderly-care-service-in-delhi,/services/elder-care/delhi,301,"service-in-city: service×city"
/elderly-care-service-in-deolali-nashik,,410,"locality page in out-of-footprint city 'nashik'"
/elderly-care-service-in-derebail-mangalore,/mangalore/derebail/elder-care,301,"service×locality"
/elderly-care-service-in-devendra-nagar-raipur,,410,"locality page in out-of-footprint city 'raipur'"
/elderly-care-service-in-dharampeth-nagpur,,410,"locality page in out-of-footprint city 'nagpur'"
/elderly-care-service-in-dilsukhnagar-hyderabad,,410,"locality page in out-of-footprint city 'hyderabad'"
/elderly-care-service-in-dispur-guwahati,,410,"locality page in out-of-footprint city 'guwahati'"
/elderly-care-service-in-dlf-phase-1-5-gurugram,/services/elder-care/gurgaon,301,"manual zone mapping"
/elderly-care-service-in-dlw-varanasi,,410,"locality page in out-of-footprint city 'varanasi'"
/elderly-care-service-in-doranda-ranchi,,410,"locality page in out-of-footprint city 'ranchi'"
/elderly-care-service-in-dugri-ludhiana,,410,"locality page in out-of-footprint city 'ludhiana'"
/elderly-care-service-in-dum-dum-kolkata,,410,"locality page in out-of-footprint city 'kolkata'"
/elderly-care-service-in-dumas-road-surat,,410,"locality page in out-of-footprint city 'surat'"
/elderly-care-service-in-dwaraka-nagar-visakhapatnam,,410,"locality page in out-of-footprint city 'visakhapatnam'"
/elderly-care-service-in-dwarka-delhi,/delhi/dwarka/elder-care,301,"service×locality"
/elderly-care-service-in-dwarka-expressway-gurugram,/services/elder-care/gurgaon,301,"unmatched locality → service×city (ASSUMPTIONS #5)"
/elderly-care-service-in-east-delhi-delhi,/services/elder-care/delhi,301,"service×zone → service×city (no zone service pages)"
/elderly-care-service-in-ecr-chennai,,410,"locality page in out-of-footprint city 'chennai'"
/elderly-care-service-in-edappally-kochi,,410,"locality page in out-of-footprint city 'kochi'"
/elderly-care-service-in-electronic-city-bangalore,/bangalore/electronic-city/elder-care,301,"service×locality"
/elderly-care-service-in-ellis-bridge-ahmedabad,,410,"locality page in out-of-footprint city 'ahmedabad'"
/elderly-care-service-in-em-bypass-kolkata,,410,"locality page in out-of-footprint city 'kolkata'"
/elderly-care-service-in-ernakulam-kochi,,410,"locality page in out-of-footprint city 'kochi'"
/elderly-care-service-in-expressway-noida,/services/elder-care/noida,301,"manual zone mapping"
/elderly-care-service-in-fafadih-raipur,,410,"locality page in out-of-footprint city 'raipur'"
/elderly-care-service-in-falnir-mangalore,/services/elder-care/mangalore,301,"unmatched locality → service×city (ASSUMPTIONS #5)"
/elderly-care-service-in-faridabad,,410,"service-in-city: city 'faridabad' outside footprint"
/elderly-care-service-in-fatehabad-road-agra,,410,"locality page in out-of-footprint city 'agra'"
/elderly-care-service-in-fatehgunj-vadodara,,410,"locality page in out-of-footprint city 'vadodara'"
/elderly-care-service-in-ferozepur-road-ludhiana,,410,"locality page in out-of-footprint city 'ludhiana'"
/elderly-care-service-in-fort-kochi-kochi,,410,"locality page in out-of-footprint city 'kochi'"
/elderly-care-service-in-fraser-road-patna,,410,"locality page in out-of-footprint city 'patna'"
/elderly-care-service-in-gachibowli-hyderabad,,410,"locality page in out-of-footprint city 'hyderabad'"
/elderly-care-service-in-gajuwaka-visakhapatnam,,410,"locality page in out-of-footprint city 'visakhapatnam'"
/elderly-care-service-in-ganapathy-coimbatore,,410,"locality page in out-of-footprint city 'coimbatore'"
/elderly-care-service-in-gandhipuram-coimbatore,,410,"locality page in out-of-footprint city 'coimbatore'"
/elderly-care-service-in-ganeshguri-guwahati,,410,"locality page in out-of-footprint city 'guwahati'"
/elderly-care-service-in-gangapur-road-nashik,,410,"locality page in out-of-footprint city 'nashik'"
/elderly-care-service-in-gannavaram-vijayawada,,410,"locality page in out-of-footprint city 'vijayawada'"
/elderly-care-service-in-garia-kolkata,,410,"locality page in out-of-footprint city 'kolkata'"
/elderly-care-service-in-gaur-city-gate-ghaziabad,,410,"locality page in out-of-footprint city 'ghaziabad'"
/elderly-care-service-in-gaur-city-noida,/greater-noida/gaur-city/elder-care,301,"manual locality mapping"
/elderly-care-service-in-ghatkopar-mumbai,/mumbai/ghatkopar/elder-care,301,"service×locality"
/elderly-care-service-in-ghaziabad,,410,"service-in-city: city 'ghaziabad' outside footprint"
/elderly-care-service-in-ghodbunder-road-thane,,410,"locality page in out-of-footprint city 'thane'"
/elderly-care-service-in-gms-road-dehradun,,410,"locality page in out-of-footprint city 'dehradun'"
/elderly-care-service-in-gokulam-mysore,,410,"locality page in out-of-footprint city 'mysore'"
/elderly-care-service-in-golf-course-extension-gurugram,/services/elder-care/gurgaon,301,"unmatched locality → service×city (ASSUMPTIONS #5)"
/elderly-care-service-in-golf-course-road-gurugram,/gurgaon/golf-course-road/elder-care,301,"service×locality"
/elderly-care-service-in-gomti-nagar-lucknow,,410,"locality page in out-of-footprint city 'lucknow'"
/elderly-care-service-in-gopalapatnam-visakhapatnam,,410,"locality page in out-of-footprint city 'visakhapatnam'"
/elderly-care-service-in-goregaon-mumbai,/mumbai/goregaon-east/elder-care,301,"service×locality"
/elderly-care-service-in-gota-ahmedabad,,410,"locality page in out-of-footprint city 'ahmedabad'"
/elderly-care-service-in-gotri-vadodara,,410,"locality page in out-of-footprint city 'vadodara'"
/elderly-care-service-in-governorpet-vijayawada,,410,"locality page in out-of-footprint city 'vijayawada'"
/elderly-care-service-in-govind-nagar-kanpur,,410,"locality page in out-of-footprint city 'kanpur'"
/elderly-care-service-in-govindpuram-ghaziabad,,410,"locality page in out-of-footprint city 'ghaziabad'"
/elderly-care-service-in-greater-faridabad-faridabad,,410,"locality page in out-of-footprint city 'faridabad'"
/elderly-care-service-in-greater-kailash-delhi,/delhi/greater-kailash/elder-care,301,"service×locality"
/elderly-care-service-in-greater-noida-west-noida,/services/elder-care/greater-noida,301,"manual zone mapping"
/elderly-care-service-in-green-park-delhi,/delhi/green-park/elder-care,301,"service×locality"
/elderly-care-service-in-gs-road-guwahati,,410,"locality page in out-of-footprint city 'guwahati'"
/elderly-care-service-in-guindy-chennai,,410,"locality page in out-of-footprint city 'chennai'"
/elderly-care-service-in-gunadala-vijayawada,,410,"locality page in out-of-footprint city 'vijayawada'"
/elderly-care-service-in-gurugram,/services/elder-care/gurgaon,301,"service-in-city: service×city"
/elderly-care-service-in-guwahati,,410,"service-in-city: city 'guwahati' outside footprint"
/elderly-care-service-in-habibganj-bhopal,,410,"locality page in out-of-footprint city 'bhopal'"
/elderly-care-service-in-hadapsar-pune,/pune/hadapsar/elder-care,301,"service×locality"
/elderly-care-service-in-haibowal-ludhiana,,410,"locality page in out-of-footprint city 'ludhiana'"
/elderly-care-service-in-hampankatta-mangalore,/mangalore/hampankatta/elder-care,301,"service×locality"
/elderly-care-service-in-harmu-ranchi,,410,"locality page in out-of-footprint city 'ranchi'"
/elderly-care-service-in-harni-vadodara,,410,"locality page in out-of-footprint city 'vadodara'"
/elderly-care-service-in-harsh-nagar-kanpur,,410,"locality page in out-of-footprint city 'kanpur'"
/elderly-care-service-in-hatigaon-guwahati,,410,"locality page in out-of-footprint city 'guwahati'"
/elderly-care-service-in-hauz-khas-delhi,/delhi/hauz-khas/elder-care,301,"service×locality"
/elderly-care-service-in-hazratganj-lucknow,,410,"locality page in out-of-footprint city 'lucknow'"
/elderly-care-service-in-hebbal-bangalore,/services/elder-care/bangalore,301,"unmatched locality → service×city (ASSUMPTIONS #5)"
/elderly-care-service-in-hebbal-mysore,,410,"locality page in out-of-footprint city 'mysore'"
/elderly-care-service-in-hennur-bangalore,/services/elder-care/bangalore,301,"unmatched locality → service×city (ASSUMPTIONS #5)"
/elderly-care-service-in-hingna-nagpur,,410,"locality page in out-of-footprint city 'nagpur'"
/elderly-care-service-in-hinjewadi-pune,/pune/hinjawadi/elder-care,301,"service×locality"
/elderly-care-service-in-hinoo-ranchi,,410,"locality page in out-of-footprint city 'ranchi'"
/elderly-care-service-in-hiranandani-estate-thane,,410,"locality page in out-of-footprint city 'thane'"
/elderly-care-service-in-hitec-city-hyderabad,,410,"locality page in out-of-footprint city 'hyderabad'"
/elderly-care-service-in-hootagalli-mysore,,410,"locality page in out-of-footprint city 'mysore'"
/elderly-care-service-in-hoshangabad-road-bhopal,,410,"locality page in out-of-footprint city 'bhopal'"
/elderly-care-service-in-howrah-kolkata,,410,"locality page in out-of-footprint city 'kolkata'"
/elderly-care-service-in-hsr-layout-bangalore,/bangalore/hsr-layout/elder-care,301,"service×locality"
/elderly-care-service-in-hyderabad,,410,"service-in-city: city 'hyderabad' outside footprint"
/elderly-care-service-in-indira-nagar-lucknow,,410,"locality page in out-of-footprint city 'lucknow'"
/elderly-care-service-in-indira-nagar-nashik,,410,"locality page in out-of-footprint city 'nashik'"
/elderly-care-service-in-indiranagar-bangalore,/bangalore/indiranagar/elder-care,301,"service×locality"
/elderly-care-service-in-indirapuram-ghaziabad,,410,"locality page in out-of-footprint city 'ghaziabad'"
/elderly-care-service-in-indore,,410,"service-in-city: city 'indore' outside footprint"
/elderly-care-service-in-infocity-bhubaneswar,,410,"locality page in out-of-footprint city 'bhubaneswar'"
/elderly-care-service-in-isanpur-ahmedabad,,410,"locality page in out-of-footprint city 'ahmedabad'"
/elderly-care-service-in-it-park-chandigarh,,410,"locality page in out-of-footprint city 'chandigarh'"
/elderly-care-service-in-jadavpur-kolkata,,410,"locality page in out-of-footprint city 'kolkata'"
/elderly-care-service-in-jagatpura-jaipur,,410,"locality page in out-of-footprint city 'jaipur'"
/elderly-care-service-in-jaipur,,410,"service-in-city: city 'jaipur' outside footprint"
/elderly-care-service-in-jajmau-kanpur,,410,"locality page in out-of-footprint city 'kanpur'"
/elderly-care-service-in-jakhan-dehradun,,410,"locality page in out-of-footprint city 'dehradun'"
/elderly-care-service-in-jamalpur-ludhiana,,410,"locality page in out-of-footprint city 'ludhiana'"
/elderly-care-service-in-janakpuri-delhi,/delhi/janakpuri/elder-care,301,"service×locality"
/elderly-care-service-in-jankipuram-lucknow,,410,"locality page in out-of-footprint city 'lucknow'"
/elderly-care-service-in-jayalakshmipuram-mysore,,410,"locality page in out-of-footprint city 'mysore'"
/elderly-care-service-in-jayanagar-bangalore,/bangalore/jayanagar/elder-care,301,"service×locality"
/elderly-care-service-in-jaydev-vihar-bhubaneswar,,410,"locality page in out-of-footprint city 'bhubaneswar'"
/elderly-care-service-in-jaypee-greens-noida,/greater-noida/jaypee-greens/elder-care,301,"manual locality mapping"
/elderly-care-service-in-jodhpur,,410,"service-in-city: city 'jodhpur' outside footprint"
/elderly-care-service-in-jodhpur-park-kolkata,,410,"locality page in out-of-footprint city 'kolkata'"
/elderly-care-service-in-jodhpur-village-ahmedabad,,410,"locality page in out-of-footprint city 'ahmedabad'"
/elderly-care-service-in-jp-nagar-bangalore,/bangalore/jp-nagar/elder-care,301,"service×locality"
/elderly-care-service-in-jp-nagar-mysore,,410,"locality page in out-of-footprint city 'mysore'"
/elderly-care-service-in-jubilee-hills-hyderabad,,410,"locality page in out-of-footprint city 'hyderabad'"
/elderly-care-service-in-juhu-mumbai,/mumbai/juhu/elder-care,301,"service×locality"
/elderly-care-service-in-kabir-chaura-varanasi,,410,"locality page in out-of-footprint city 'varanasi'"
/elderly-care-service-in-kadri-mangalore,/mangalore/kadri/elder-care,301,"service×locality"
/elderly-care-service-in-kadru-ranchi,,410,"locality page in out-of-footprint city 'ranchi'"
/elderly-care-service-in-kahilipara-guwahati,,410,"locality page in out-of-footprint city 'guwahati'"
/elderly-care-service-in-kaikhali-kolkata,,410,"locality page in out-of-footprint city 'kolkata'"
/elderly-care-service-in-kakadeo-kanpur,,410,"locality page in out-of-footprint city 'kanpur'"
/elderly-care-service-in-kakkanad-kochi,,410,"locality page in out-of-footprint city 'kochi'"
/elderly-care-service-in-kalkaji-delhi,/delhi/kalkaji/elder-care,301,"service×locality"
/elderly-care-service-in-kaloor-kochi,,410,"locality page in out-of-footprint city 'kochi'"
/elderly-care-service-in-kalyani-nagar-pune,/services/elder-care/pune,301,"unmatched locality → service×city (ASSUMPTIONS #5)"
/elderly-care-service-in-kalyanpur-kanpur,,410,"locality page in out-of-footprint city 'kanpur'"
/elderly-care-service-in-kamla-nagar-agra,,410,"locality page in out-of-footprint city 'agra'"
/elderly-care-service-in-kamla-nehru-nagar-jodhpur,,410,"locality page in out-of-footprint city 'jodhpur'"
/elderly-care-service-in-kamothe-navi-mumbai,/services/elder-care/mumbai,301,"unmatched navi-mumbai locality → zone/service hub"
/elderly-care-service-in-kandivali-mumbai,/mumbai/kandivali-east/elder-care,301,"service×locality"
/elderly-care-service-in-kankanady-mangalore,/mangalore/kankanady/elder-care,301,"service×locality"
/elderly-care-service-in-kankarbagh-patna,,410,"locality page in out-of-footprint city 'patna'"
/elderly-care-service-in-kanke-ranchi,,410,"locality page in out-of-footprint city 'ranchi'"
/elderly-care-service-in-kanpur,,410,"service-in-city: city 'kanpur' outside footprint"
/elderly-care-service-in-kanuru-vijayawada,,410,"locality page in out-of-footprint city 'vijayawada'"
/elderly-care-service-in-kasba-kolkata,,410,"locality page in out-of-footprint city 'kolkata'"
/elderly-care-service-in-katargam-surat,,410,"locality page in out-of-footprint city 'surat'"
/elderly-care-service-in-kaushambi-ghaziabad,,410,"locality page in out-of-footprint city 'ghaziabad'"
/elderly-care-service-in-kazhakkoottam-thiruvananthapuram,,410,"locality page in out-of-footprint city 'thiruvananthapuram'"
/elderly-care-service-in-kesavadasapuram-thiruvananthapuram,,410,"locality page in out-of-footprint city 'thiruvananthapuram'"
/elderly-care-service-in-khamla-nagpur,,410,"locality page in out-of-footprint city 'nagpur'"
/elderly-care-service-in-khandagiri-bhubaneswar,,410,"locality page in out-of-footprint city 'bhubaneswar'"
/elderly-care-service-in-khandari-agra,,410,"locality page in out-of-footprint city 'agra'"
/elderly-care-service-in-kharadi-pune,/pune/kharadi/elder-care,301,"service×locality"
/elderly-care-service-in-kharghar-mumbai,/services/elder-care/mumbai,301,"unmatched locality → service×city (ASSUMPTIONS #5)"
/elderly-care-service-in-kharghar-navi-mumbai,/services/elder-care/mumbai,301,"unmatched navi-mumbai locality → zone/service hub"
/elderly-care-service-in-kidwai-nagar-kanpur,,410,"locality page in out-of-footprint city 'kanpur'"
/elderly-care-service-in-kk-nagar-madurai,,410,"locality page in out-of-footprint city 'madurai'"
/elderly-care-service-in-kochi,,410,"service-in-city: city 'kochi' outside footprint"
/elderly-care-service-in-kolar-road-bhopal,,410,"locality page in out-of-footprint city 'bhopal'"
/elderly-care-service-in-kolkata,,410,"service-in-city: city 'kolkata' outside footprint"
/elderly-care-service-in-kolshet-thane,,410,"locality page in out-of-footprint city 'thane'"
/elderly-care-service-in-kompally-hyderabad,,410,"locality page in out-of-footprint city 'hyderabad'"
/elderly-care-service-in-kondapur-hyderabad,,410,"locality page in out-of-footprint city 'hyderabad'"
/elderly-care-service-in-kondhwa-pune,/pune/kondhwa/elder-care,301,"service×locality"
/elderly-care-service-in-kopar-khairane-navi-mumbai,/services/elder-care/mumbai,301,"unmatched navi-mumbai locality → zone/service hub"
/elderly-care-service-in-koramangala-bangalore,/bangalore/koramangala/elder-care,301,"service×locality"
/elderly-care-service-in-koregaon-park-pune,/services/elder-care/pune,301,"unmatched locality → service×city (ASSUMPTIONS #5)"
/elderly-care-service-in-kothrud-pune,/pune/kothrud/elder-care,301,"service×locality"
/elderly-care-service-in-kottara-mangalore,/mangalore/kottara/elder-care,301,"service×locality"
/elderly-care-service-in-kovaipudur-coimbatore,,410,"locality page in out-of-footprint city 'coimbatore'"
/elderly-care-service-in-kowdiar-thiruvananthapuram,,410,"locality page in out-of-footprint city 'thiruvananthapuram'"
/elderly-care-service-in-kr-puram-bangalore,/services/elder-care/bangalore,301,"unmatched locality → service×city (ASSUMPTIONS #5)"
/elderly-care-service-in-kukatpally-hyderabad,,410,"locality page in out-of-footprint city 'hyderabad'"
/elderly-care-service-in-kuvempunagar-mysore,,410,"locality page in out-of-footprint city 'mysore'"
/elderly-care-service-in-lajpat-nagar-delhi,/delhi/lajpat-nagar/elder-care,301,"service×locality"
/elderly-care-service-in-lake-town-kolkata,,410,"locality page in out-of-footprint city 'kolkata'"
/elderly-care-service-in-lal-kuan-ghaziabad,,410,"locality page in out-of-footprint city 'ghaziabad'"
/elderly-care-service-in-lalpur-ranchi,,410,"locality page in out-of-footprint city 'ranchi'"
/elderly-care-service-in-lanka-varanasi,,410,"locality page in out-of-footprint city 'varanasi'"
/elderly-care-service-in-lb-nagar-hyderabad,,410,"locality page in out-of-footprint city 'hyderabad'"
/elderly-care-service-in-lower-parel-mumbai,/mumbai/parel/elder-care,301,"service×locality"
/elderly-care-service-in-lucknow,,410,"service-in-city: city 'lucknow' outside footprint"
/elderly-care-service-in-ludhiana,,410,"service-in-city: city 'ludhiana' outside footprint"
/elderly-care-service-in-madhapur-hyderabad,,410,"locality page in out-of-footprint city 'hyderabad'"
/elderly-care-service-in-madhurawada-visakhapatnam,,410,"locality page in out-of-footprint city 'visakhapatnam'"
/elderly-care-service-in-madurai,,410,"service-in-city: city 'madurai' outside footprint"
/elderly-care-service-in-magarpatta-pune,/services/elder-care/pune,301,"unmatched locality → service×city (ASSUMPTIONS #5)"
/elderly-care-service-in-mahanagar-lucknow,,410,"locality page in out-of-footprint city 'lucknow'"
/elderly-care-service-in-mahendru-patna,,410,"locality page in out-of-footprint city 'patna'"
/elderly-care-service-in-mahmoorganj-varanasi,,410,"locality page in out-of-footprint city 'varanasi'"
/elderly-care-service-in-majiwada-thane,,410,"locality page in out-of-footprint city 'thane'"
/elderly-care-service-in-makhmalabad-nashik,,410,"locality page in out-of-footprint city 'nashik'"
/elderly-care-service-in-malad-mumbai,/mumbai/malad-west/elder-care,301,"service×locality"
/elderly-care-service-in-malibu-town-gurugram,/services/elder-care/gurgaon,301,"unmatched locality → service×city (ASSUMPTIONS #5)"
/elderly-care-service-in-malleshwaram-bangalore,/bangalore/malleswaram/elder-care,301,"service×locality"
/elderly-care-service-in-malviya-nagar-delhi,/delhi/malviya-nagar/elder-care,301,"service×locality"
/elderly-care-service-in-malviya-nagar-jaipur,,410,"locality page in out-of-footprint city 'jaipur'"
/elderly-care-service-in-mancheswar-bhubaneswar,,410,"locality page in out-of-footprint city 'bhubaneswar'"
/elderly-care-service-in-mandideep-bhopal,,410,"locality page in out-of-footprint city 'bhopal'"
/elderly-care-service-in-mandore-road-jodhpur,,410,"locality page in out-of-footprint city 'jodhpur'"
/elderly-care-service-in-manesar-gurugram,/gurgaon/manesar/elder-care,301,"service×locality"
/elderly-care-service-in-mangalagiri-vijayawada,,410,"locality page in out-of-footprint city 'vijayawada'"
/elderly-care-service-in-mangalore,/services/elder-care/mangalore,301,"service-in-city: service×city"
/elderly-care-service-in-manikonda-hyderabad,,410,"locality page in out-of-footprint city 'hyderabad'"
/elderly-care-service-in-manimajra-chandigarh,,410,"locality page in out-of-footprint city 'chandigarh'"
/elderly-care-service-in-maninagar-ahmedabad,,410,"locality page in out-of-footprint city 'ahmedabad'"
/elderly-care-service-in-manish-nagar-nagpur,,410,"locality page in out-of-footprint city 'nagpur'"
/elderly-care-service-in-manjalpur-vadodara,,410,"locality page in out-of-footprint city 'vadodara'"
/elderly-care-service-in-manpada-thane,,410,"locality page in out-of-footprint city 'thane'"
/elderly-care-service-in-mansarovar-jaipur,,410,"locality page in out-of-footprint city 'jaipur'"
/elderly-care-service-in-marathahalli-bangalore,/bangalore/marathahalli/elder-care,301,"service×locality"
/elderly-care-service-in-marine-drive-kochi,,410,"locality page in out-of-footprint city 'kochi'"
/elderly-care-service-in-mattuthavani-madurai,,410,"locality page in out-of-footprint city 'madurai'"
/elderly-care-service-in-mayur-vihar-delhi,/delhi/mayur-vihar/elder-care,301,"service×locality"
/elderly-care-service-in-medavakkam-chennai,,410,"locality page in out-of-footprint city 'chennai'"
/elderly-care-service-in-medical-college-thiruvananthapuram,,410,"locality page in out-of-footprint city 'thiruvananthapuram'"
/elderly-care-service-in-mewla-maharajpur-faridabad,,410,"locality page in out-of-footprint city 'faridabad'"
/elderly-care-service-in-mg-road-agra,,410,"locality page in out-of-footprint city 'agra'"
/elderly-care-service-in-mg-road-gurugram,/services/elder-care/gurgaon,301,"unmatched locality → service×city (ASSUMPTIONS #5)"
/elderly-care-service-in-mira-road-mumbai,/services/elder-care/mumbai,301,"unmatched locality → service×city (ASSUMPTIONS #5)"
/elderly-care-service-in-miyapur-hyderabad,,410,"locality page in out-of-footprint city 'hyderabad'"
/elderly-care-service-in-model-town-ludhiana,,410,"locality page in out-of-footprint city 'ludhiana'"
/elderly-care-service-in-moghalrajpuram-vijayawada,,410,"locality page in out-of-footprint city 'vijayawada'"
/elderly-care-service-in-mohali-chandigarh,,410,"locality page in out-of-footprint city 'chandigarh'"
/elderly-care-service-in-mokila-hyderabad,,410,"locality page in out-of-footprint city 'hyderabad'"
/elderly-care-service-in-morabadi-ranchi,,410,"locality page in out-of-footprint city 'ranchi'"
/elderly-care-service-in-motera-ahmedabad,,410,"locality page in out-of-footprint city 'ahmedabad'"
/elderly-care-service-in-mowa-raipur,,410,"locality page in out-of-footprint city 'raipur'"
/elderly-care-service-in-mp-nagar-bhopal,,410,"locality page in out-of-footprint city 'bhopal'"
/elderly-care-service-in-mulund-mumbai,/mumbai/mulund/elder-care,301,"service×locality"
/elderly-care-service-in-mumbai,/services/elder-care/mumbai,301,"service-in-city: service×city"
/elderly-care-service-in-mussoorie-road-dehradun,,410,"locality page in out-of-footprint city 'dehradun'"
/elderly-care-service-in-mvp-colony-visakhapatnam,,410,"locality page in out-of-footprint city 'visakhapatnam'"
/elderly-care-service-in-mylapore-chennai,,410,"locality page in out-of-footprint city 'chennai'"
/elderly-care-service-in-mysore,,410,"service-in-city: city 'mysore' outside footprint"
/elderly-care-service-in-nad-junction-visakhapatnam,,410,"locality page in out-of-footprint city 'visakhapatnam'"
/elderly-care-service-in-nagpur,,410,"service-in-city: city 'nagpur' outside footprint"
/elderly-care-service-in-nallagandla-hyderabad,,410,"locality page in out-of-footprint city 'hyderabad'"
/elderly-care-service-in-naranpura-ahmedabad,,410,"locality page in out-of-footprint city 'ahmedabad'"
/elderly-care-service-in-nashik,,410,"service-in-city: city 'nashik' outside footprint"
/elderly-care-service-in-nashik-road-nashik,,410,"locality page in out-of-footprint city 'nashik'"
/elderly-care-service-in-naupada-thane,,410,"locality page in out-of-footprint city 'thane'"
/elderly-care-service-in-navi-mumbai,/services/elder-care/mumbai,301,"service-in-city: service×city"
/elderly-care-service-in-navrangpura-ahmedabad,,410,"locality page in out-of-footprint city 'ahmedabad'"
/elderly-care-service-in-nayapalli-bhubaneswar,,410,"locality page in out-of-footprint city 'bhubaneswar'"
/elderly-care-service-in-neharpar-faridabad,,410,"locality page in out-of-footprint city 'faridabad'"
/elderly-care-service-in-nehru-colony-dehradun,,410,"locality page in out-of-footprint city 'dehradun'"
/elderly-care-service-in-nehru-place-delhi,/services/elder-care/delhi,301,"unmatched locality → service×city (ASSUMPTIONS #5)"
/elderly-care-service-in-nerul-navi-mumbai,/mumbai/nerul/elder-care,301,"service×locality"
/elderly-care-service-in-new-town-kolkata,,410,"locality page in out-of-footprint city 'kolkata'"
/elderly-care-service-in-nh-24-ghaziabad,,410,"locality page in out-of-footprint city 'ghaziabad'"
/elderly-care-service-in-nibm-pune,/pune/nibm/elder-care,301,"service×locality"
/elderly-care-service-in-nipania-indore,,410,"locality page in out-of-footprint city 'indore'"
/elderly-care-service-in-nirvana-country-gurugram,/services/elder-care/gurgaon,301,"unmatched locality → service×city (ASSUMPTIONS #5)"
/elderly-care-service-in-nit-faridabad-faridabad,,410,"locality page in out-of-footprint city 'faridabad'"
/elderly-care-service-in-niti-khand-ghaziabad,,410,"locality page in out-of-footprint city 'ghaziabad'"
/elderly-care-service-in-noida,/services/elder-care/noida,301,"service-in-city: service×city"
/elderly-care-service-in-nungambakkam-chennai,,410,"locality page in out-of-footprint city 'chennai'"
/elderly-care-service-in-omr-chennai,,410,"locality page in out-of-footprint city 'chennai'"
/elderly-care-service-in-pakhowal-road-ludhiana,,410,"locality page in out-of-footprint city 'ludhiana'"
/elderly-care-service-in-pal-road-jodhpur,,410,"locality page in out-of-footprint city 'jodhpur'"
/elderly-care-service-in-pal-surat,,410,"locality page in out-of-footprint city 'surat'"
/elderly-care-service-in-palam-vihar-gurugram,/services/elder-care/gurgaon,301,"unmatched locality → service×city (ASSUMPTIONS #5)"
/elderly-care-service-in-palanganatham-madurai,,410,"locality page in out-of-footprint city 'madurai'"
/elderly-care-service-in-palarivattom-kochi,,410,"locality page in out-of-footprint city 'kochi'"
/elderly-care-service-in-palasia-indore,,410,"locality page in out-of-footprint city 'indore'"
/elderly-care-service-in-paldi-ahmedabad,,410,"locality page in out-of-footprint city 'ahmedabad'"
/elderly-care-service-in-pallavaram-chennai,,410,"locality page in out-of-footprint city 'chennai'"
/elderly-care-service-in-paltan-bazaar-guwahati,,410,"locality page in out-of-footprint city 'guwahati'"
/elderly-care-service-in-panchavati-nashik,,410,"locality page in out-of-footprint city 'nashik'"
/elderly-care-service-in-panchkula-chandigarh,,410,"locality page in out-of-footprint city 'chandigarh'"
/elderly-care-service-in-pandeypur-varanasi,,410,"locality page in out-of-footprint city 'varanasi'"
/elderly-care-service-in-panvel-navi-mumbai,/services/elder-care/mumbai,301,"unmatched navi-mumbai locality → zone/service hub"
/elderly-care-service-in-paota-jodhpur,,410,"locality page in out-of-footprint city 'jodhpur'"
/elderly-care-service-in-pari-chowk-noida,/greater-noida/pari-chowk/elder-care,301,"manual locality mapping"
/elderly-care-service-in-park-street-kolkata,,410,"locality page in out-of-footprint city 'kolkata'"
/elderly-care-service-in-paschim-vihar-delhi,/delhi/paschim-vihar/elder-care,301,"service×locality"
/elderly-care-service-in-pashan-pune,/pune/pashan/elder-care,301,"service×locality"
/elderly-care-service-in-pathardi-nashik,,410,"locality page in out-of-footprint city 'nashik'"
/elderly-care-service-in-patia-bhubaneswar,,410,"locality page in out-of-footprint city 'bhubaneswar'"
/elderly-care-service-in-patliputra-colony-patna,,410,"locality page in out-of-footprint city 'patna'"
/elderly-care-service-in-patna,,410,"service-in-city: city 'patna' outside footprint"
/elderly-care-service-in-pattom-thiruvananthapuram,,410,"locality page in out-of-footprint city 'thiruvananthapuram'"
/elderly-care-service-in-peelamedu-coimbatore,,410,"locality page in out-of-footprint city 'coimbatore'"
/elderly-care-service-in-pendurthi-visakhapatnam,,410,"locality page in out-of-footprint city 'visakhapatnam'"
/elderly-care-service-in-perungudi-chennai,,410,"locality page in out-of-footprint city 'chennai'"
/elderly-care-service-in-pimpri-chinchwad-pune,/services/elder-care/pune,301,"manual zone mapping"
/elderly-care-service-in-piplod-surat,,410,"locality page in out-of-footprint city 'surat'"
/elderly-care-service-in-pitampura-delhi,/delhi/pitampura/elder-care,301,"service×locality"
/elderly-care-service-in-pokhran-road-thane,,410,"locality page in out-of-footprint city 'thane'"
/elderly-care-service-in-poranki-vijayawada,,410,"locality page in out-of-footprint city 'vijayawada'"
/elderly-care-service-in-porur-chennai,,410,"locality page in out-of-footprint city 'chennai'"
/elderly-care-service-in-powai-mumbai,/mumbai/powai/elder-care,301,"service×locality"
/elderly-care-service-in-prahlad-nagar-ahmedabad,,410,"locality page in out-of-footprint city 'ahmedabad'"
/elderly-care-service-in-pratap-nagar-jaipur,,410,"locality page in out-of-footprint city 'jaipur'"
/elderly-care-service-in-pratap-nagar-nagpur,,410,"locality page in out-of-footprint city 'nagpur'"
/elderly-care-service-in-pune,/services/elder-care/pune,301,"service-in-city: service×city"
/elderly-care-service-in-race-course-coimbatore,,410,"locality page in out-of-footprint city 'coimbatore'"
/elderly-care-service-in-race-course-dehradun,,410,"locality page in out-of-footprint city 'dehradun'"
/elderly-care-service-in-race-course-vadodara,,410,"locality page in out-of-footprint city 'vadodara'"
/elderly-care-service-in-raipur,,410,"service-in-city: city 'raipur' outside footprint"
/elderly-care-service-in-raj-nagar-extension-ghaziabad,,410,"locality page in out-of-footprint city 'ghaziabad'"
/elderly-care-service-in-raja-mandi-agra,,410,"locality page in out-of-footprint city 'agra'"
/elderly-care-service-in-raja-park-jaipur,,410,"locality page in out-of-footprint city 'jaipur'"
/elderly-care-service-in-rajajinagar-bangalore,/bangalore/rajajinagar/elder-care,301,"service×locality"
/elderly-care-service-in-rajarhat-kolkata,,410,"locality page in out-of-footprint city 'kolkata'"
/elderly-care-service-in-rajendra-nagar-patna,,410,"locality page in out-of-footprint city 'patna'"
/elderly-care-service-in-rajguru-nagar-ludhiana,,410,"locality page in out-of-footprint city 'ludhiana'"
/elderly-care-service-in-rajouri-garden-delhi,/delhi/rajouri-garden/elder-care,301,"service×locality"
/elderly-care-service-in-rajpur-road-dehradun,,410,"locality page in out-of-footprint city 'dehradun'"
/elderly-care-service-in-ranchi,,410,"service-in-city: city 'ranchi' outside footprint"
/elderly-care-service-in-ratanada-jodhpur,,410,"locality page in out-of-footprint city 'jodhpur'"
/elderly-care-service-in-ratu-road-ranchi,,410,"locality page in out-of-footprint city 'ranchi'"
/elderly-care-service-in-rau-indore,,410,"locality page in out-of-footprint city 'indore'"
/elderly-care-service-in-rawatpur-kanpur,,410,"locality page in out-of-footprint city 'kanpur'"
/elderly-care-service-in-rohini-delhi,/delhi/rohini/elder-care,301,"service×locality"
/elderly-care-service-in-rs-puram-coimbatore,,410,"locality page in out-of-footprint city 'coimbatore'"
/elderly-care-service-in-rushikonda-visakhapatnam,,410,"locality page in out-of-footprint city 'visakhapatnam'"
/elderly-care-service-in-sadar-nagpur,,410,"locality page in out-of-footprint city 'nagpur'"
/elderly-care-service-in-saguna-more-patna,,410,"locality page in out-of-footprint city 'patna'"
/elderly-care-service-in-saheed-nagar-bhubaneswar,,410,"locality page in out-of-footprint city 'bhubaneswar'"
/elderly-care-service-in-sahibabad-ghaziabad,,410,"locality page in out-of-footprint city 'ghaziabad'"
/elderly-care-service-in-saket-delhi,/delhi/saket/elder-care,301,"service×locality"
/elderly-care-service-in-salt-lake-kolkata,,410,"locality page in out-of-footprint city 'kolkata'"
/elderly-care-service-in-sama-vadodara,,410,"locality page in out-of-footprint city 'vadodara'"
/elderly-care-service-in-sanpada-navi-mumbai,/mumbai/sanpada/elder-care,301,"service×locality"
/elderly-care-service-in-sapna-sangeeta-indore,,410,"locality page in out-of-footprint city 'indore'"
/elderly-care-service-in-sarabha-nagar-ludhiana,,410,"locality page in out-of-footprint city 'ludhiana'"
/elderly-care-service-in-saraswathipuram-mysore,,410,"locality page in out-of-footprint city 'mysore'"
/elderly-care-service-in-saravanampatti-coimbatore,,410,"locality page in out-of-footprint city 'coimbatore'"
/elderly-care-service-in-sardarpura-jodhpur,,410,"locality page in out-of-footprint city 'jodhpur'"
/elderly-care-service-in-sarjapur-road-bangalore,/bangalore/sarjapur-road/elder-care,301,"service×locality"
/elderly-care-service-in-sarnath-varanasi,,410,"locality page in out-of-footprint city 'varanasi'"
/elderly-care-service-in-sasthamangalam-thiruvananthapuram,,410,"locality page in out-of-footprint city 'thiruvananthapuram'"
/elderly-care-service-in-satellite-ahmedabad,,410,"locality page in out-of-footprint city 'ahmedabad'"
/elderly-care-service-in-satpur-nashik,,410,"locality page in out-of-footprint city 'nashik'"
/elderly-care-service-in-scheme-78-indore,,410,"locality page in out-of-footprint city 'indore'"
/elderly-care-service-in-sealdah-kolkata,,410,"locality page in out-of-footprint city 'kolkata'"
/elderly-care-service-in-seawoods-navi-mumbai,/services/elder-care/mumbai,301,"unmatched navi-mumbai locality → zone/service hub"
/elderly-care-service-in-sector-100-noida,/noida/sector-100/elder-care,301,"service×locality"
/elderly-care-service-in-sector-120-122-noida,/services/elder-care/noida,301,"unmatched locality → service×city (ASSUMPTIONS #5)"
/elderly-care-service-in-sector-128-134-noida,/services/elder-care/noida,301,"manual zone mapping"
/elderly-care-service-in-sector-137-noida,/noida/sector-137/elder-care,301,"service×locality"
/elderly-care-service-in-sector-15-21-faridabad,,410,"locality page in out-of-footprint city 'faridabad'"
/elderly-care-service-in-sector-15-chandigarh,,410,"locality page in out-of-footprint city 'chandigarh'"
/elderly-care-service-in-sector-15-gurugram,/services/elder-care/gurgaon,301,"unmatched locality → service×city (ASSUMPTIONS #5)"
/elderly-care-service-in-sector-150-noida,/noida/sector-150/elder-care,301,"service×locality"
/elderly-care-service-in-sector-17-chandigarh,,410,"locality page in out-of-footprint city 'chandigarh'"
/elderly-care-service-in-sector-18-noida,/noida/sector-18/elder-care,301,"service×locality"
/elderly-care-service-in-sector-22-chandigarh,,410,"locality page in out-of-footprint city 'chandigarh'"
/elderly-care-service-in-sector-28-30-faridabad,,410,"locality page in out-of-footprint city 'faridabad'"
/elderly-care-service-in-sector-32-noida,/services/elder-care/noida,301,"unmatched locality → service×city (ASSUMPTIONS #5)"
/elderly-care-service-in-sector-35-chandigarh,,410,"locality page in out-of-footprint city 'chandigarh'"
/elderly-care-service-in-sector-37-faridabad,,410,"locality page in out-of-footprint city 'faridabad'"
/elderly-care-service-in-sector-37-noida,/noida/sector-37/elder-care,301,"service×locality"
/elderly-care-service-in-sector-43-chandigarh,,410,"locality page in out-of-footprint city 'chandigarh'"
/elderly-care-service-in-sector-44-chandigarh,,410,"locality page in out-of-footprint city 'chandigarh'"
/elderly-care-service-in-sector-44-noida,/noida/sector-44/elder-care,301,"service×locality"
/elderly-care-service-in-sector-45-48-gurugram,/gurgaon/sector-45/elder-care,301,"manual locality mapping"
/elderly-care-service-in-sector-49-gurugram,/gurgaon/sector-49/elder-care,301,"service×locality"
/elderly-care-service-in-sector-50-noida,/noida/sector-50/elder-care,301,"service×locality"
/elderly-care-service-in-sector-56-57-gurugram,/gurgaon/sector-56/elder-care,301,"manual locality mapping"
/elderly-care-service-in-sector-62-noida,/noida/sector-62/elder-care,301,"service×locality"
/elderly-care-service-in-sector-67-70-gurugram,/gurgaon/sector-67/elder-care,301,"manual locality mapping"
/elderly-care-service-in-sector-75-76-noida,/noida/sector-75/elder-care,301,"manual locality mapping"
/elderly-care-service-in-sector-78-noida,/noida/sector-78/elder-care,301,"service×locality"
/elderly-care-service-in-sector-8-11-chandigarh,,410,"locality page in out-of-footprint city 'chandigarh'"
/elderly-care-service-in-sector-81-89-faridabad,,410,"locality page in out-of-footprint city 'faridabad'"
/elderly-care-service-in-sector-82-84-gurugram,/gurgaon/sector-82/elder-care,301,"manual locality mapping"
/elderly-care-service-in-sector-93-96-noida,/noida/sector-93/elder-care,301,"manual locality mapping"
/elderly-care-service-in-secunderabad-hyderabad,,410,"locality page in out-of-footprint city 'hyderabad'"
/elderly-care-service-in-seethammadhara-visakhapatnam,,410,"locality page in out-of-footprint city 'visakhapatnam'"
/elderly-care-service-in-seminary-hills-nagpur,,410,"locality page in out-of-footprint city 'nagpur'"
/elderly-care-service-in-sg-highway-ahmedabad,,410,"locality page in out-of-footprint city 'ahmedabad'"
/elderly-care-service-in-shahganj-agra,,410,"locality page in out-of-footprint city 'agra'"
/elderly-care-service-in-shahibaug-ahmedabad,,410,"locality page in out-of-footprint city 'ahmedabad'"
/elderly-care-service-in-shahpura-bhopal,,410,"locality page in out-of-footprint city 'bhopal'"
/elderly-care-service-in-shakti-khand-ghaziabad,,410,"locality page in out-of-footprint city 'ghaziabad'"
/elderly-care-service-in-shalimar-garden-ghaziabad,,410,"locality page in out-of-footprint city 'ghaziabad'"
/elderly-care-service-in-shamshabad-hyderabad,,410,"locality page in out-of-footprint city 'hyderabad'"
/elderly-care-service-in-shankar-nagar-raipur,,410,"locality page in out-of-footprint city 'raipur'"
/elderly-care-service-in-shastri-nagar-jodhpur,,410,"locality page in out-of-footprint city 'jodhpur'"
/elderly-care-service-in-shivaji-nagar-pune,/pune/shivajinagar/elder-care,301,"manual locality mapping"
/elderly-care-service-in-shivpur-varanasi,,410,"locality page in out-of-footprint city 'varanasi'"
/elderly-care-service-in-sholinganallur-chennai,,410,"locality page in out-of-footprint city 'chennai'"
/elderly-care-service-in-shyam-nagar-kanpur,,410,"locality page in out-of-footprint city 'kanpur'"
/elderly-care-service-in-sigra-varanasi,,410,"locality page in out-of-footprint city 'varanasi'"
/elderly-care-service-in-sikandra-agra,,410,"locality page in out-of-footprint city 'agra'"
/elderly-care-service-in-singanallur-coimbatore,,410,"locality page in out-of-footprint city 'coimbatore'"
/elderly-care-service-in-sinhagad-road-pune,/services/elder-care/pune,301,"unmatched locality → service×city (ASSUMPTIONS #5)"
/elderly-care-service-in-sodala-jaipur,,410,"locality page in out-of-footprint city 'jaipur'"
/elderly-care-service-in-sohna-road-gurugram,/gurgaon/sohna-road/elder-care,301,"service×locality"
/elderly-care-service-in-south-bopal-ahmedabad,,410,"locality page in out-of-footprint city 'ahmedabad'"
/elderly-care-service-in-south-city-gurugram,/gurgaon/south-city-1/elder-care,301,"manual locality mapping"
/elderly-care-service-in-south-delhi-delhi,/services/elder-care/delhi,301,"service×zone → service×city (no zone service pages)"
/elderly-care-service-in-south-tukoganj-indore,,410,"locality page in out-of-footprint city 'indore'"
/elderly-care-service-in-ss-colony-madurai,,410,"locality page in out-of-footprint city 'madurai'"
/elderly-care-service-in-super-corridor-indore,,410,"locality page in out-of-footprint city 'indore'"
/elderly-care-service-in-surajkund-faridabad,,410,"locality page in out-of-footprint city 'faridabad'"
/elderly-care-service-in-surat,,410,"service-in-city: city 'surat' outside footprint"
/elderly-care-service-in-surathkal-mangalore,/mangalore/surathkal/elder-care,301,"service×locality"
/elderly-care-service-in-sushant-lok-gurugram,/services/elder-care/gurgaon,301,"unmatched locality → service×city (ASSUMPTIONS #5)"
/elderly-care-service-in-swaroop-nagar-kanpur,,410,"locality page in out-of-footprint city 'kanpur'"
/elderly-care-service-in-t-nagar-chennai,,410,"locality page in out-of-footprint city 'chennai'"
/elderly-care-service-in-tadepalli-vijayawada,,410,"locality page in out-of-footprint city 'vijayawada'"
/elderly-care-service-in-tajganj-agra,,410,"locality page in out-of-footprint city 'agra'"
/elderly-care-service-in-tallakulam-madurai,,410,"locality page in out-of-footprint city 'madurai'"
/elderly-care-service-in-tambaram-chennai,,410,"locality page in out-of-footprint city 'chennai'"
/elderly-care-service-in-tatibandh-raipur,,410,"locality page in out-of-footprint city 'raipur'"
/elderly-care-service-in-technopark-thiruvananthapuram,,410,"locality page in out-of-footprint city 'thiruvananthapuram'"
/elderly-care-service-in-telibandha-raipur,,410,"locality page in out-of-footprint city 'raipur'"
/elderly-care-service-in-teppakulam-madurai,,410,"locality page in out-of-footprint city 'madurai'"
/elderly-care-service-in-thaltej-ahmedabad,,410,"locality page in out-of-footprint city 'ahmedabad'"
/elderly-care-service-in-thane,,410,"service-in-city: city 'thane' outside footprint"
/elderly-care-service-in-thane-west-mumbai,/services/elder-care/mumbai,301,"unmatched locality → service×city (ASSUMPTIONS #5)"
/elderly-care-service-in-thirunagar-madurai,,410,"locality page in out-of-footprint city 'madurai'"
/elderly-care-service-in-thiruvananthapuram,,410,"service-in-city: city 'thiruvananthapuram' outside footprint"
/elderly-care-service-in-thiruvanmiyur-chennai,,410,"locality page in out-of-footprint city 'chennai'"
/elderly-care-service-in-thudiyalur-coimbatore,,410,"locality page in out-of-footprint city 'coimbatore'"
/elderly-care-service-in-thycaud-thiruvananthapuram,,410,"locality page in out-of-footprint city 'thiruvananthapuram'"
/elderly-care-service-in-tollygunge-kolkata,,410,"locality page in out-of-footprint city 'kolkata'"
/elderly-care-service-in-tonk-road-jaipur,,410,"locality page in out-of-footprint city 'jaipur'"
/elderly-care-service-in-tripunithura-kochi,,410,"locality page in out-of-footprint city 'kochi'"
/elderly-care-service-in-tt-nagar-bhopal,,410,"locality page in out-of-footprint city 'bhopal'"
/elderly-care-service-in-udyog-vihar-gurugram,/services/elder-care/gurgaon,301,"unmatched locality → service×city (ASSUMPTIONS #5)"
/elderly-care-service-in-ultadanga-kolkata,,410,"locality page in out-of-footprint city 'kolkata'"
/elderly-care-service-in-undri-pune,/services/elder-care/pune,301,"unmatched locality → service×city (ASSUMPTIONS #5)"
/elderly-care-service-in-unit-1-9-bhubaneswar,,410,"locality page in out-of-footprint city 'bhubaneswar'"
/elderly-care-service-in-uppal-hyderabad,,410,"locality page in out-of-footprint city 'hyderabad'"
/elderly-care-service-in-vadavalli-coimbatore,,410,"locality page in out-of-footprint city 'coimbatore'"
/elderly-care-service-in-vadodara,,410,"service-in-city: city 'vadodara' outside footprint"
/elderly-care-service-in-vaishali-ghaziabad,,410,"locality page in out-of-footprint city 'ghaziabad'"
/elderly-care-service-in-vaishali-nagar-jaipur,,410,"locality page in out-of-footprint city 'jaipur'"
/elderly-care-service-in-varachha-surat,,410,"locality page in out-of-footprint city 'surat'"
/elderly-care-service-in-varanasi,,410,"service-in-city: city 'varanasi' outside footprint"
/elderly-care-service-in-vartak-nagar-thane,,410,"locality page in out-of-footprint city 'thane'"
/elderly-care-service-in-vasant-kunj-delhi,/delhi/vasant-kunj/elder-care,301,"service×locality"
/elderly-care-service-in-vasant-vihar-dehradun,,410,"locality page in out-of-footprint city 'dehradun'"
/elderly-care-service-in-vasant-vihar-delhi,/delhi/vasant-vihar/elder-care,301,"service×locality"
/elderly-care-service-in-vashi-mumbai,/mumbai/vashi/elder-care,301,"service×locality"
/elderly-care-service-in-vashi-navi-mumbai,/mumbai/vashi/elder-care,301,"service×locality"
/elderly-care-service-in-vasna-vadodara,,410,"locality page in out-of-footprint city 'vadodara'"
/elderly-care-service-in-vastrapur-ahmedabad,,410,"locality page in out-of-footprint city 'ahmedabad'"
/elderly-care-service-in-vasundhara-ghaziabad,,410,"locality page in out-of-footprint city 'ghaziabad'"
/elderly-care-service-in-vatika-city-gurugram,/services/elder-care/gurgaon,301,"unmatched locality → service×city (ASSUMPTIONS #5)"
/elderly-care-service-in-vazhuthacaud-thiruvananthapuram,,410,"locality page in out-of-footprint city 'thiruvananthapuram'"
/elderly-care-service-in-velachery-chennai,,410,"locality page in out-of-footprint city 'chennai'"
/elderly-care-service-in-vellayambalam-thiruvananthapuram,,410,"locality page in out-of-footprint city 'thiruvananthapuram'"
/elderly-care-service-in-vesu-surat,,410,"locality page in out-of-footprint city 'surat'"
/elderly-care-service-in-vidhyadhar-nagar-jaipur,,410,"locality page in out-of-footprint city 'jaipur'"
/elderly-care-service-in-vijay-nagar-indore,,410,"locality page in out-of-footprint city 'indore'"
/elderly-care-service-in-vijayanagar-mysore,,410,"locality page in out-of-footprint city 'mysore'"
/elderly-care-service-in-vijayawada,,410,"service-in-city: city 'vijayawada' outside footprint"
/elderly-care-service-in-vikas-nagar-lucknow,,410,"locality page in out-of-footprint city 'lucknow'"
/elderly-care-service-in-vikhroli-mumbai,/mumbai/vikhroli/elder-care,301,"service×locality"
/elderly-care-service-in-villapuram-madurai,,410,"locality page in out-of-footprint city 'madurai'"
/elderly-care-service-in-viman-nagar-pune,/pune/viman-nagar/elder-care,301,"service×locality"
/elderly-care-service-in-vip-road-raipur,,410,"locality page in out-of-footprint city 'raipur'"
/elderly-care-service-in-visakhapatnam,,410,"service-in-city: city 'visakhapatnam' outside footprint"
/elderly-care-service-in-vyttila-kochi,,410,"locality page in out-of-footprint city 'kochi'"
/elderly-care-service-in-wadi-nagpur,,410,"locality page in out-of-footprint city 'nagpur'"
/elderly-care-service-in-waghodia-road-vadodara,,410,"locality page in out-of-footprint city 'vadodara'"
/elderly-care-service-in-wagle-estate-thane,,410,"locality page in out-of-footprint city 'thane'"
/elderly-care-service-in-wakad-pune,/pune/wakad/elder-care,301,"service×locality"
/elderly-care-service-in-waltair-visakhapatnam,,410,"locality page in out-of-footprint city 'visakhapatnam'"
/elderly-care-service-in-wardhaman-nagar-nagpur,,410,"locality page in out-of-footprint city 'nagpur'"
/elderly-care-service-in-warje-pune,/pune/warje/elder-care,301,"service×locality"
/elderly-care-service-in-wave-city-ghaziabad,,410,"locality page in out-of-footprint city 'ghaziabad'"
/elderly-care-service-in-whitefield-bangalore,/bangalore/whitefield/elder-care,301,"service×locality"
/elderly-care-service-in-worli-mumbai,/mumbai/worli/elder-care,301,"service×locality"
/elderly-care-service-in-yelahanka-bangalore,/services/elder-care/bangalore,301,"unmatched locality → service×city (ASSUMPTIONS #5)"
/elderly-care-service-in-zirakpur-chandigarh,,410,"locality page in out-of-footprint city 'chandigarh'"
/elderly-care-service-in-zoo-road-guwahati,,410,"locality page in out-of-footprint city 'guwahati'"
/full-time-maid-service,/services/full-time-maid,301,"service hub"
/full-time-maid-service-in-aashiyana-lucknow,,410,"locality page in out-of-footprint city 'lucknow'"
/full-time-maid-service-in-ab-road-indore,,410,"locality page in out-of-footprint city 'indore'"
/full-time-maid-service-in-adajan-surat,,410,"locality page in out-of-footprint city 'surat'"
/full-time-maid-service-in-adyar-chennai,,410,"locality page in out-of-footprint city 'chennai'"
/full-time-maid-service-in-agra,,410,"service-in-city: city 'agra' outside footprint"
/full-time-maid-service-in-ahinsa-khand-ghaziabad,,410,"locality page in out-of-footprint city 'ghaziabad'"
/full-time-maid-service-in-ahmedabad,,410,"service-in-city: city 'ahmedabad' outside footprint"
/full-time-maid-service-in-airoli-navi-mumbai,/mumbai/airoli/full-time-maid,301,"service×locality"
/full-time-maid-service-in-akota-vadodara,,410,"locality page in out-of-footprint city 'vadodara'"
/full-time-maid-service-in-alambagh-lucknow,,410,"locality page in out-of-footprint city 'lucknow'"
/full-time-maid-service-in-aliganj-lucknow,,410,"locality page in out-of-footprint city 'lucknow'"
/full-time-maid-service-in-alipore-kolkata,,410,"locality page in out-of-footprint city 'kolkata'"
/full-time-maid-service-in-alkapuri-vadodara,,410,"locality page in out-of-footprint city 'vadodara'"
/full-time-maid-service-in-althan-surat,,410,"locality page in out-of-footprint city 'surat'"
/full-time-maid-service-in-aluva-kochi,,410,"locality page in out-of-footprint city 'kochi'"
/full-time-maid-service-in-amanaka-raipur,,410,"locality page in out-of-footprint city 'raipur'"
/full-time-maid-service-in-ambattur-chennai,,410,"locality page in out-of-footprint city 'chennai'"
/full-time-maid-service-in-ambawadi-ahmedabad,,410,"locality page in out-of-footprint city 'ahmedabad'"
/full-time-maid-service-in-ameerpet-hyderabad,,410,"locality page in out-of-footprint city 'hyderabad'"
/full-time-maid-service-in-amity-area-noida,/services/full-time-maid/noida,301,"unmatched locality → service×city (ASSUMPTIONS #5)"
/full-time-maid-service-in-andheri-mumbai,/mumbai/andheri/full-time-maid,301,"service×locality"
/full-time-maid-service-in-anisabad-patna,,410,"locality page in out-of-footprint city 'patna'"
/full-time-maid-service-in-anna-nagar-chennai,,410,"locality page in out-of-footprint city 'chennai'"
/full-time-maid-service-in-anna-nagar-madurai,,410,"locality page in out-of-footprint city 'madurai'"
/full-time-maid-service-in-arapalayam-madurai,,410,"locality page in out-of-footprint city 'madurai'"
/full-time-maid-service-in-arera-colony-bhopal,,410,"locality page in out-of-footprint city 'bhopal'"
/full-time-maid-service-in-ashok-nagar-ranchi,,410,"locality page in out-of-footprint city 'ranchi'"
/full-time-maid-service-in-athwa-surat,,410,"locality page in out-of-footprint city 'surat'"
/full-time-maid-service-in-attapur-hyderabad,,410,"locality page in out-of-footprint city 'hyderabad'"
/full-time-maid-service-in-attavar-mangalore,/mangalore/attavar/full-time-maid,301,"service×locality"
/full-time-maid-service-in-aundh-pune,/pune/aundh/full-time-maid,301,"service×locality"
/full-time-maid-service-in-auto-nagar-vijayawada,,410,"locality page in out-of-footprint city 'vijayawada'"
/full-time-maid-service-in-avadi-chennai,,410,"locality page in out-of-footprint city 'chennai'"
/full-time-maid-service-in-bailey-road-patna,,410,"locality page in out-of-footprint city 'patna'"
/full-time-maid-service-in-bairagarh-bhopal,,410,"locality page in out-of-footprint city 'bhopal'"
/full-time-maid-service-in-balkum-thane,,410,"locality page in out-of-footprint city 'thane'"
/full-time-maid-service-in-ballabgarh-faridabad,,410,"locality page in out-of-footprint city 'faridabad'"
/full-time-maid-service-in-ballupur-dehradun,,410,"locality page in out-of-footprint city 'dehradun'"
/full-time-maid-service-in-ballygunge-kolkata,,410,"locality page in out-of-footprint city 'kolkata'"
/full-time-maid-service-in-banashankari-bangalore,/bangalore/banashankari/full-time-maid,301,"service×locality"
/full-time-maid-service-in-bandra-mumbai,/mumbai/bandra-west/full-time-maid,301,"service×locality"
/full-time-maid-service-in-baner-pune,/pune/baner/full-time-maid,301,"service×locality"
/full-time-maid-service-in-bangalore,/services/full-time-maid/bangalore,301,"service-in-city: service×city"
/full-time-maid-service-in-bani-park-jaipur,,410,"locality page in out-of-footprint city 'jaipur'"
/full-time-maid-service-in-banjara-hills-hyderabad,,410,"locality page in out-of-footprint city 'hyderabad'"
/full-time-maid-service-in-bannerghatta-road-bangalore,/bangalore/bannerghatta-road/full-time-maid,301,"service×locality"
/full-time-maid-service-in-bapuji-nagar-bhubaneswar,,410,"locality page in out-of-footprint city 'bhubaneswar'"
/full-time-maid-service-in-baranagar-kolkata,,410,"locality page in out-of-footprint city 'kolkata'"
/full-time-maid-service-in-bariatu-ranchi,,410,"locality page in out-of-footprint city 'ranchi'"
/full-time-maid-service-in-basavanagudi-bangalore,/bangalore/basavanagudi/full-time-maid,301,"service×locality"
/full-time-maid-service-in-basistha-guwahati,,410,"locality page in out-of-footprint city 'guwahati'"
/full-time-maid-service-in-basni-jodhpur,,410,"locality page in out-of-footprint city 'jodhpur'"
/full-time-maid-service-in-bavdhan-pune,/pune/bavdhan/full-time-maid,301,"service×locality"
/full-time-maid-service-in-begumpet-hyderabad,,410,"locality page in out-of-footprint city 'hyderabad'"
/full-time-maid-service-in-behala-kolkata,,410,"locality page in out-of-footprint city 'kolkata'"
/full-time-maid-service-in-bejai-mangalore,/mangalore/bejai/full-time-maid,301,"service×locality"
/full-time-maid-service-in-belapur-navi-mumbai,/services/full-time-maid/mumbai,301,"unmatched navi-mumbai locality → zone/service hub"
/full-time-maid-service-in-bellandur-bangalore,/bangalore/bellandur/full-time-maid,301,"service×locality"
/full-time-maid-service-in-beltola-guwahati,,410,"locality page in out-of-footprint city 'guwahati'"
/full-time-maid-service-in-bendoorwell-mangalore,/services/full-time-maid/mangalore,301,"unmatched locality → service×city (ASSUMPTIONS #5)"
/full-time-maid-service-in-benz-circle-vijayawada,,410,"locality page in out-of-footprint city 'vijayawada'"
/full-time-maid-service-in-besant-nagar-chennai,,410,"locality page in out-of-footprint city 'chennai'"
/full-time-maid-service-in-bhawarkua-indore,,410,"locality page in out-of-footprint city 'indore'"
/full-time-maid-service-in-bhel-bhopal,,410,"locality page in out-of-footprint city 'bhopal'"
/full-time-maid-service-in-bhelupur-varanasi,,410,"locality page in out-of-footprint city 'varanasi'"
/full-time-maid-service-in-bhopal,,410,"service-in-city: city 'bhopal' outside footprint"
/full-time-maid-service-in-bhubaneswar,,410,"service-in-city: city 'bhubaneswar' outside footprint"
/full-time-maid-service-in-bodakdev-ahmedabad,,410,"locality page in out-of-footprint city 'ahmedabad'"
/full-time-maid-service-in-bogadi-mysore,,410,"locality page in out-of-footprint city 'mysore'"
/full-time-maid-service-in-bopal-ahmedabad,,410,"locality page in out-of-footprint city 'ahmedabad'"
/full-time-maid-service-in-boring-road-patna,,410,"locality page in out-of-footprint city 'patna'"
/full-time-maid-service-in-borivali-mumbai,/services/full-time-maid/mumbai,301,"unmatched locality → service×city (ASSUMPTIONS #5)"
/full-time-maid-service-in-bptp-faridabad,,410,"locality page in out-of-footprint city 'faridabad'"
/full-time-maid-service-in-brs-nagar-ludhiana,,410,"locality page in out-of-footprint city 'ludhiana'"
/full-time-maid-service-in-btm-layout-bangalore,/services/full-time-maid/bangalore,301,"unmatched locality → service×city (ASSUMPTIONS #5)"
/full-time-maid-service-in-c-scheme-jaipur,,410,"locality page in out-of-footprint city 'jaipur'"
/full-time-maid-service-in-cantt-area-varanasi,,410,"locality page in out-of-footprint city 'varanasi'"
/full-time-maid-service-in-chandigarh,,410,"service-in-city: city 'chandigarh' outside footprint"
/full-time-maid-service-in-chandkheda-ahmedabad,,410,"locality page in out-of-footprint city 'ahmedabad'"
/full-time-maid-service-in-chandmari-guwahati,,410,"locality page in out-of-footprint city 'guwahati'"
/full-time-maid-service-in-chandrasekharpur-bhubaneswar,,410,"locality page in out-of-footprint city 'bhubaneswar'"
/full-time-maid-service-in-chembur-mumbai,/mumbai/chembur/full-time-maid,301,"service×locality"
/full-time-maid-service-in-chennai,,410,"service-in-city: city 'chennai' outside footprint"
/full-time-maid-service-in-chinhat-lucknow,,410,"locality page in out-of-footprint city 'lucknow'"
/full-time-maid-service-in-chopasni-housing-board-jodhpur,,410,"locality page in out-of-footprint city 'jodhpur'"
/full-time-maid-service-in-chromepet-chennai,,410,"locality page in out-of-footprint city 'chennai'"
/full-time-maid-service-in-cidco-nashik,,410,"locality page in out-of-footprint city 'nashik'"
/full-time-maid-service-in-circuit-house-area-jodhpur,,410,"locality page in out-of-footprint city 'jodhpur'"
/full-time-maid-service-in-city-light-surat,,410,"locality page in out-of-footprint city 'surat'"
/full-time-maid-service-in-civil-lines-agra,,410,"locality page in out-of-footprint city 'agra'"
/full-time-maid-service-in-civil-lines-jaipur,,410,"locality page in out-of-footprint city 'jaipur'"
/full-time-maid-service-in-civil-lines-kanpur,,410,"locality page in out-of-footprint city 'kanpur'"
/full-time-maid-service-in-civil-lines-ludhiana,,410,"locality page in out-of-footprint city 'ludhiana'"
/full-time-maid-service-in-civil-lines-nagpur,,410,"locality page in out-of-footprint city 'nagpur'"
/full-time-maid-service-in-civil-lines-raipur,,410,"locality page in out-of-footprint city 'raipur'"
/full-time-maid-service-in-clement-town-dehradun,,410,"locality page in out-of-footprint city 'dehradun'"
/full-time-maid-service-in-coimbatore,,410,"service-in-city: city 'coimbatore' outside footprint"
/full-time-maid-service-in-colaba-mumbai,/mumbai/colaba/full-time-maid,301,"service×locality"
/full-time-maid-service-in-college-road-nashik,,410,"locality page in out-of-footprint city 'nashik'"
/full-time-maid-service-in-crossing-republik-ghaziabad,,410,"locality page in out-of-footprint city 'ghaziabad'"
/full-time-maid-service-in-crown-interiorz-faridabad,,410,"locality page in out-of-footprint city 'faridabad'"
/full-time-maid-service-in-dadar-mumbai,/mumbai/dadar/full-time-maid,301,"service×locality"
/full-time-maid-service-in-dalanwala-dehradun,,410,"locality page in out-of-footprint city 'dehradun'"
/full-time-maid-service-in-daldal-seoni-raipur,,410,"locality page in out-of-footprint city 'raipur'"
/full-time-maid-service-in-danapur-patna,,410,"locality page in out-of-footprint city 'patna'"
/full-time-maid-service-in-dattagalli-mysore,,410,"locality page in out-of-footprint city 'mysore'"
/full-time-maid-service-in-dayal-bagh-agra,,410,"locality page in out-of-footprint city 'agra'"
/full-time-maid-service-in-defence-colony-delhi,/delhi/defence-colony/full-time-maid,301,"service×locality"
/full-time-maid-service-in-dehradun,,410,"service-in-city: city 'dehradun' outside footprint"
/full-time-maid-service-in-delhi,/services/full-time-maid/delhi,301,"service-in-city: service×city"
/full-time-maid-service-in-deolali-nashik,,410,"locality page in out-of-footprint city 'nashik'"
/full-time-maid-service-in-derebail-mangalore,/mangalore/derebail/full-time-maid,301,"service×locality"
/full-time-maid-service-in-devendra-nagar-raipur,,410,"locality page in out-of-footprint city 'raipur'"
/full-time-maid-service-in-dharampeth-nagpur,,410,"locality page in out-of-footprint city 'nagpur'"
/full-time-maid-service-in-dilsukhnagar-hyderabad,,410,"locality page in out-of-footprint city 'hyderabad'"
/full-time-maid-service-in-dispur-guwahati,,410,"locality page in out-of-footprint city 'guwahati'"
/full-time-maid-service-in-dlf-phase-1-5-gurugram,/services/full-time-maid/gurgaon,301,"manual zone mapping"
/full-time-maid-service-in-dlw-varanasi,,410,"locality page in out-of-footprint city 'varanasi'"
/full-time-maid-service-in-doranda-ranchi,,410,"locality page in out-of-footprint city 'ranchi'"
/full-time-maid-service-in-dugri-ludhiana,,410,"locality page in out-of-footprint city 'ludhiana'"
/full-time-maid-service-in-dum-dum-kolkata,,410,"locality page in out-of-footprint city 'kolkata'"
/full-time-maid-service-in-dumas-road-surat,,410,"locality page in out-of-footprint city 'surat'"
/full-time-maid-service-in-dwaraka-nagar-visakhapatnam,,410,"locality page in out-of-footprint city 'visakhapatnam'"
/full-time-maid-service-in-dwarka-delhi,/delhi/dwarka/full-time-maid,301,"service×locality"
/full-time-maid-service-in-dwarka-expressway-gurugram,/services/full-time-maid/gurgaon,301,"unmatched locality → service×city (ASSUMPTIONS #5)"
/full-time-maid-service-in-east-delhi-delhi,/services/full-time-maid/delhi,301,"service×zone → service×city (no zone service pages)"
/full-time-maid-service-in-ecr-chennai,,410,"locality page in out-of-footprint city 'chennai'"
/full-time-maid-service-in-edappally-kochi,,410,"locality page in out-of-footprint city 'kochi'"
/full-time-maid-service-in-electronic-city-bangalore,/bangalore/electronic-city/full-time-maid,301,"service×locality"
/full-time-maid-service-in-ellis-bridge-ahmedabad,,410,"locality page in out-of-footprint city 'ahmedabad'"
/full-time-maid-service-in-em-bypass-kolkata,,410,"locality page in out-of-footprint city 'kolkata'"
/full-time-maid-service-in-ernakulam-kochi,,410,"locality page in out-of-footprint city 'kochi'"
/full-time-maid-service-in-expressway-noida,/services/full-time-maid/noida,301,"manual zone mapping"
/full-time-maid-service-in-fafadih-raipur,,410,"locality page in out-of-footprint city 'raipur'"
/full-time-maid-service-in-falnir-mangalore,/services/full-time-maid/mangalore,301,"unmatched locality → service×city (ASSUMPTIONS #5)"
/full-time-maid-service-in-faridabad,,410,"service-in-city: city 'faridabad' outside footprint"
/full-time-maid-service-in-fatehabad-road-agra,,410,"locality page in out-of-footprint city 'agra'"
/full-time-maid-service-in-fatehgunj-vadodara,,410,"locality page in out-of-footprint city 'vadodara'"
/full-time-maid-service-in-ferozepur-road-ludhiana,,410,"locality page in out-of-footprint city 'ludhiana'"
/full-time-maid-service-in-fort-kochi-kochi,,410,"locality page in out-of-footprint city 'kochi'"
/full-time-maid-service-in-fraser-road-patna,,410,"locality page in out-of-footprint city 'patna'"
/full-time-maid-service-in-gachibowli-hyderabad,,410,"locality page in out-of-footprint city 'hyderabad'"
/full-time-maid-service-in-gajuwaka-visakhapatnam,,410,"locality page in out-of-footprint city 'visakhapatnam'"
/full-time-maid-service-in-ganapathy-coimbatore,,410,"locality page in out-of-footprint city 'coimbatore'"
/full-time-maid-service-in-gandhipuram-coimbatore,,410,"locality page in out-of-footprint city 'coimbatore'"
/full-time-maid-service-in-ganeshguri-guwahati,,410,"locality page in out-of-footprint city 'guwahati'"
/full-time-maid-service-in-gangapur-road-nashik,,410,"locality page in out-of-footprint city 'nashik'"
/full-time-maid-service-in-gannavaram-vijayawada,,410,"locality page in out-of-footprint city 'vijayawada'"
/full-time-maid-service-in-garia-kolkata,,410,"locality page in out-of-footprint city 'kolkata'"
/full-time-maid-service-in-gaur-city-gate-ghaziabad,,410,"locality page in out-of-footprint city 'ghaziabad'"
/full-time-maid-service-in-gaur-city-noida,/greater-noida/gaur-city/full-time-maid,301,"manual locality mapping"
/full-time-maid-service-in-ghatkopar-mumbai,/mumbai/ghatkopar/full-time-maid,301,"service×locality"
/full-time-maid-service-in-ghaziabad,,410,"service-in-city: city 'ghaziabad' outside footprint"
/full-time-maid-service-in-ghodbunder-road-thane,,410,"locality page in out-of-footprint city 'thane'"
/full-time-maid-service-in-gms-road-dehradun,,410,"locality page in out-of-footprint city 'dehradun'"
/full-time-maid-service-in-gokulam-mysore,,410,"locality page in out-of-footprint city 'mysore'"
/full-time-maid-service-in-golf-course-extension-gurugram,/services/full-time-maid/gurgaon,301,"unmatched locality → service×city (ASSUMPTIONS #5)"
/full-time-maid-service-in-golf-course-road-gurugram,/gurgaon/golf-course-road/full-time-maid,301,"service×locality"
/full-time-maid-service-in-gomti-nagar-lucknow,,410,"locality page in out-of-footprint city 'lucknow'"
/full-time-maid-service-in-gopalapatnam-visakhapatnam,,410,"locality page in out-of-footprint city 'visakhapatnam'"
/full-time-maid-service-in-goregaon-mumbai,/mumbai/goregaon-east/full-time-maid,301,"service×locality"
/full-time-maid-service-in-gota-ahmedabad,,410,"locality page in out-of-footprint city 'ahmedabad'"
/full-time-maid-service-in-gotri-vadodara,,410,"locality page in out-of-footprint city 'vadodara'"
/full-time-maid-service-in-governorpet-vijayawada,,410,"locality page in out-of-footprint city 'vijayawada'"
/full-time-maid-service-in-govind-nagar-kanpur,,410,"locality page in out-of-footprint city 'kanpur'"
/full-time-maid-service-in-govindpuram-ghaziabad,,410,"locality page in out-of-footprint city 'ghaziabad'"
/full-time-maid-service-in-greater-faridabad-faridabad,,410,"locality page in out-of-footprint city 'faridabad'"
/full-time-maid-service-in-greater-kailash-delhi,/delhi/greater-kailash/full-time-maid,301,"service×locality"
/full-time-maid-service-in-greater-noida-west-noida,/services/full-time-maid/greater-noida,301,"manual zone mapping"
/full-time-maid-service-in-green-park-delhi,/delhi/green-park/full-time-maid,301,"service×locality"
/full-time-maid-service-in-gs-road-guwahati,,410,"locality page in out-of-footprint city 'guwahati'"
/full-time-maid-service-in-guindy-chennai,,410,"locality page in out-of-footprint city 'chennai'"
/full-time-maid-service-in-gunadala-vijayawada,,410,"locality page in out-of-footprint city 'vijayawada'"
/full-time-maid-service-in-gurugram,/services/full-time-maid/gurgaon,301,"service-in-city: service×city"
/full-time-maid-service-in-guwahati,,410,"service-in-city: city 'guwahati' outside footprint"
/full-time-maid-service-in-habibganj-bhopal,,410,"locality page in out-of-footprint city 'bhopal'"
/full-time-maid-service-in-hadapsar-pune,/pune/hadapsar/full-time-maid,301,"service×locality"
/full-time-maid-service-in-haibowal-ludhiana,,410,"locality page in out-of-footprint city 'ludhiana'"
/full-time-maid-service-in-hampankatta-mangalore,/mangalore/hampankatta/full-time-maid,301,"service×locality"
/full-time-maid-service-in-harmu-ranchi,,410,"locality page in out-of-footprint city 'ranchi'"
/full-time-maid-service-in-harni-vadodara,,410,"locality page in out-of-footprint city 'vadodara'"
/full-time-maid-service-in-harsh-nagar-kanpur,,410,"locality page in out-of-footprint city 'kanpur'"
/full-time-maid-service-in-hatigaon-guwahati,,410,"locality page in out-of-footprint city 'guwahati'"
/full-time-maid-service-in-hauz-khas-delhi,/delhi/hauz-khas/full-time-maid,301,"service×locality"
/full-time-maid-service-in-hazratganj-lucknow,,410,"locality page in out-of-footprint city 'lucknow'"
/full-time-maid-service-in-hebbal-bangalore,/services/full-time-maid/bangalore,301,"unmatched locality → service×city (ASSUMPTIONS #5)"
/full-time-maid-service-in-hebbal-mysore,,410,"locality page in out-of-footprint city 'mysore'"
/full-time-maid-service-in-hennur-bangalore,/services/full-time-maid/bangalore,301,"unmatched locality → service×city (ASSUMPTIONS #5)"
/full-time-maid-service-in-hingna-nagpur,,410,"locality page in out-of-footprint city 'nagpur'"
/full-time-maid-service-in-hinjewadi-pune,/pune/hinjawadi/full-time-maid,301,"service×locality"
/full-time-maid-service-in-hinoo-ranchi,,410,"locality page in out-of-footprint city 'ranchi'"
/full-time-maid-service-in-hiranandani-estate-thane,,410,"locality page in out-of-footprint city 'thane'"
/full-time-maid-service-in-hitec-city-hyderabad,,410,"locality page in out-of-footprint city 'hyderabad'"
/full-time-maid-service-in-hootagalli-mysore,,410,"locality page in out-of-footprint city 'mysore'"
/full-time-maid-service-in-hoshangabad-road-bhopal,,410,"locality page in out-of-footprint city 'bhopal'"
/full-time-maid-service-in-howrah-kolkata,,410,"locality page in out-of-footprint city 'kolkata'"
/full-time-maid-service-in-hsr-layout-bangalore,/bangalore/hsr-layout/full-time-maid,301,"service×locality"
/full-time-maid-service-in-hyderabad,,410,"service-in-city: city 'hyderabad' outside footprint"
/full-time-maid-service-in-indira-nagar-lucknow,,410,"locality page in out-of-footprint city 'lucknow'"
/full-time-maid-service-in-indira-nagar-nashik,,410,"locality page in out-of-footprint city 'nashik'"
/full-time-maid-service-in-indiranagar-bangalore,/bangalore/indiranagar/full-time-maid,301,"service×locality"
/full-time-maid-service-in-indirapuram-ghaziabad,,410,"locality page in out-of-footprint city 'ghaziabad'"
/full-time-maid-service-in-indore,,410,"service-in-city: city 'indore' outside footprint"
/full-time-maid-service-in-infocity-bhubaneswar,,410,"locality page in out-of-footprint city 'bhubaneswar'"
/full-time-maid-service-in-isanpur-ahmedabad,,410,"locality page in out-of-footprint city 'ahmedabad'"
/full-time-maid-service-in-it-park-chandigarh,,410,"locality page in out-of-footprint city 'chandigarh'"
/full-time-maid-service-in-jadavpur-kolkata,,410,"locality page in out-of-footprint city 'kolkata'"
/full-time-maid-service-in-jagatpura-jaipur,,410,"locality page in out-of-footprint city 'jaipur'"
/full-time-maid-service-in-jaipur,,410,"service-in-city: city 'jaipur' outside footprint"
/full-time-maid-service-in-jajmau-kanpur,,410,"locality page in out-of-footprint city 'kanpur'"
/full-time-maid-service-in-jakhan-dehradun,,410,"locality page in out-of-footprint city 'dehradun'"
/full-time-maid-service-in-jamalpur-ludhiana,,410,"locality page in out-of-footprint city 'ludhiana'"
/full-time-maid-service-in-janakpuri-delhi,/delhi/janakpuri/full-time-maid,301,"service×locality"
/full-time-maid-service-in-jankipuram-lucknow,,410,"locality page in out-of-footprint city 'lucknow'"
/full-time-maid-service-in-jayalakshmipuram-mysore,,410,"locality page in out-of-footprint city 'mysore'"
/full-time-maid-service-in-jayanagar-bangalore,/bangalore/jayanagar/full-time-maid,301,"service×locality"
/full-time-maid-service-in-jaydev-vihar-bhubaneswar,,410,"locality page in out-of-footprint city 'bhubaneswar'"
/full-time-maid-service-in-jaypee-greens-noida,/greater-noida/jaypee-greens/full-time-maid,301,"manual locality mapping"
/full-time-maid-service-in-jodhpur,,410,"service-in-city: city 'jodhpur' outside footprint"
/full-time-maid-service-in-jodhpur-park-kolkata,,410,"locality page in out-of-footprint city 'kolkata'"
/full-time-maid-service-in-jodhpur-village-ahmedabad,,410,"locality page in out-of-footprint city 'ahmedabad'"
/full-time-maid-service-in-jp-nagar-bangalore,/bangalore/jp-nagar/full-time-maid,301,"service×locality"
/full-time-maid-service-in-jp-nagar-mysore,,410,"locality page in out-of-footprint city 'mysore'"
/full-time-maid-service-in-jubilee-hills-hyderabad,,410,"locality page in out-of-footprint city 'hyderabad'"
/full-time-maid-service-in-juhu-mumbai,/mumbai/juhu/full-time-maid,301,"service×locality"
/full-time-maid-service-in-kabir-chaura-varanasi,,410,"locality page in out-of-footprint city 'varanasi'"
/full-time-maid-service-in-kadri-mangalore,/mangalore/kadri/full-time-maid,301,"service×locality"
/full-time-maid-service-in-kadru-ranchi,,410,"locality page in out-of-footprint city 'ranchi'"
/full-time-maid-service-in-kahilipara-guwahati,,410,"locality page in out-of-footprint city 'guwahati'"
/full-time-maid-service-in-kaikhali-kolkata,,410,"locality page in out-of-footprint city 'kolkata'"
/full-time-maid-service-in-kakadeo-kanpur,,410,"locality page in out-of-footprint city 'kanpur'"
/full-time-maid-service-in-kakkanad-kochi,,410,"locality page in out-of-footprint city 'kochi'"
/full-time-maid-service-in-kalkaji-delhi,/delhi/kalkaji/full-time-maid,301,"service×locality"
/full-time-maid-service-in-kaloor-kochi,,410,"locality page in out-of-footprint city 'kochi'"
/full-time-maid-service-in-kalyani-nagar-pune,/services/full-time-maid/pune,301,"unmatched locality → service×city (ASSUMPTIONS #5)"
/full-time-maid-service-in-kalyanpur-kanpur,,410,"locality page in out-of-footprint city 'kanpur'"
/full-time-maid-service-in-kamla-nagar-agra,,410,"locality page in out-of-footprint city 'agra'"
/full-time-maid-service-in-kamla-nehru-nagar-jodhpur,,410,"locality page in out-of-footprint city 'jodhpur'"
/full-time-maid-service-in-kamothe-navi-mumbai,/services/full-time-maid/mumbai,301,"unmatched navi-mumbai locality → zone/service hub"
/full-time-maid-service-in-kandivali-mumbai,/mumbai/kandivali-east/full-time-maid,301,"service×locality"
/full-time-maid-service-in-kankanady-mangalore,/mangalore/kankanady/full-time-maid,301,"service×locality"
/full-time-maid-service-in-kankarbagh-patna,,410,"locality page in out-of-footprint city 'patna'"
/full-time-maid-service-in-kanke-ranchi,,410,"locality page in out-of-footprint city 'ranchi'"
/full-time-maid-service-in-kanpur,,410,"service-in-city: city 'kanpur' outside footprint"
/full-time-maid-service-in-kanuru-vijayawada,,410,"locality page in out-of-footprint city 'vijayawada'"
/full-time-maid-service-in-kasba-kolkata,,410,"locality page in out-of-footprint city 'kolkata'"
/full-time-maid-service-in-katargam-surat,,410,"locality page in out-of-footprint city 'surat'"
/full-time-maid-service-in-kaushambi-ghaziabad,,410,"locality page in out-of-footprint city 'ghaziabad'"
/full-time-maid-service-in-kazhakkoottam-thiruvananthapuram,,410,"locality page in out-of-footprint city 'thiruvananthapuram'"
/full-time-maid-service-in-kesavadasapuram-thiruvananthapuram,,410,"locality page in out-of-footprint city 'thiruvananthapuram'"
/full-time-maid-service-in-khamla-nagpur,,410,"locality page in out-of-footprint city 'nagpur'"
/full-time-maid-service-in-khandagiri-bhubaneswar,,410,"locality page in out-of-footprint city 'bhubaneswar'"
/full-time-maid-service-in-khandari-agra,,410,"locality page in out-of-footprint city 'agra'"
/full-time-maid-service-in-kharadi-pune,/pune/kharadi/full-time-maid,301,"service×locality"
/full-time-maid-service-in-kharghar-mumbai,/services/full-time-maid/mumbai,301,"unmatched locality → service×city (ASSUMPTIONS #5)"
/full-time-maid-service-in-kharghar-navi-mumbai,/services/full-time-maid/mumbai,301,"unmatched navi-mumbai locality → zone/service hub"
/full-time-maid-service-in-kidwai-nagar-kanpur,,410,"locality page in out-of-footprint city 'kanpur'"
/full-time-maid-service-in-kk-nagar-madurai,,410,"locality page in out-of-footprint city 'madurai'"
/full-time-maid-service-in-kochi,,410,"service-in-city: city 'kochi' outside footprint"
/full-time-maid-service-in-kolar-road-bhopal,,410,"locality page in out-of-footprint city 'bhopal'"
/full-time-maid-service-in-kolkata,,410,"service-in-city: city 'kolkata' outside footprint"
/full-time-maid-service-in-kolshet-thane,,410,"locality page in out-of-footprint city 'thane'"
/full-time-maid-service-in-kompally-hyderabad,,410,"locality page in out-of-footprint city 'hyderabad'"
/full-time-maid-service-in-kondapur-hyderabad,,410,"locality page in out-of-footprint city 'hyderabad'"
/full-time-maid-service-in-kondhwa-pune,/pune/kondhwa/full-time-maid,301,"service×locality"
/full-time-maid-service-in-kopar-khairane-navi-mumbai,/services/full-time-maid/mumbai,301,"unmatched navi-mumbai locality → zone/service hub"
/full-time-maid-service-in-koramangala-bangalore,/bangalore/koramangala/full-time-maid,301,"service×locality"
/full-time-maid-service-in-koregaon-park-pune,/services/full-time-maid/pune,301,"unmatched locality → service×city (ASSUMPTIONS #5)"
/full-time-maid-service-in-kothrud-pune,/pune/kothrud/full-time-maid,301,"service×locality"
/full-time-maid-service-in-kottara-mangalore,/mangalore/kottara/full-time-maid,301,"service×locality"
/full-time-maid-service-in-kovaipudur-coimbatore,,410,"locality page in out-of-footprint city 'coimbatore'"
/full-time-maid-service-in-kowdiar-thiruvananthapuram,,410,"locality page in out-of-footprint city 'thiruvananthapuram'"
/full-time-maid-service-in-kr-puram-bangalore,/services/full-time-maid/bangalore,301,"unmatched locality → service×city (ASSUMPTIONS #5)"
/full-time-maid-service-in-kukatpally-hyderabad,,410,"locality page in out-of-footprint city 'hyderabad'"
/full-time-maid-service-in-kuvempunagar-mysore,,410,"locality page in out-of-footprint city 'mysore'"
/full-time-maid-service-in-lajpat-nagar-delhi,/delhi/lajpat-nagar/full-time-maid,301,"service×locality"
/full-time-maid-service-in-lake-town-kolkata,,410,"locality page in out-of-footprint city 'kolkata'"
/full-time-maid-service-in-lal-kuan-ghaziabad,,410,"locality page in out-of-footprint city 'ghaziabad'"
/full-time-maid-service-in-lalpur-ranchi,,410,"locality page in out-of-footprint city 'ranchi'"
/full-time-maid-service-in-lanka-varanasi,,410,"locality page in out-of-footprint city 'varanasi'"
/full-time-maid-service-in-lb-nagar-hyderabad,,410,"locality page in out-of-footprint city 'hyderabad'"
/full-time-maid-service-in-lower-parel-mumbai,/mumbai/parel/full-time-maid,301,"service×locality"
/full-time-maid-service-in-lucknow,,410,"service-in-city: city 'lucknow' outside footprint"
/full-time-maid-service-in-ludhiana,,410,"service-in-city: city 'ludhiana' outside footprint"
/full-time-maid-service-in-madhapur-hyderabad,,410,"locality page in out-of-footprint city 'hyderabad'"
/full-time-maid-service-in-madhurawada-visakhapatnam,,410,"locality page in out-of-footprint city 'visakhapatnam'"
/full-time-maid-service-in-madurai,,410,"service-in-city: city 'madurai' outside footprint"
/full-time-maid-service-in-magarpatta-pune,/services/full-time-maid/pune,301,"unmatched locality → service×city (ASSUMPTIONS #5)"
/full-time-maid-service-in-mahanagar-lucknow,,410,"locality page in out-of-footprint city 'lucknow'"
/full-time-maid-service-in-mahendru-patna,,410,"locality page in out-of-footprint city 'patna'"
/full-time-maid-service-in-mahmoorganj-varanasi,,410,"locality page in out-of-footprint city 'varanasi'"
/full-time-maid-service-in-majiwada-thane,,410,"locality page in out-of-footprint city 'thane'"
/full-time-maid-service-in-makhmalabad-nashik,,410,"locality page in out-of-footprint city 'nashik'"
/full-time-maid-service-in-malad-mumbai,/mumbai/malad-west/full-time-maid,301,"service×locality"
/full-time-maid-service-in-malibu-town-gurugram,/services/full-time-maid/gurgaon,301,"unmatched locality → service×city (ASSUMPTIONS #5)"
/full-time-maid-service-in-malleshwaram-bangalore,/bangalore/malleswaram/full-time-maid,301,"service×locality"
/full-time-maid-service-in-malviya-nagar-delhi,/delhi/malviya-nagar/full-time-maid,301,"service×locality"
/full-time-maid-service-in-malviya-nagar-jaipur,,410,"locality page in out-of-footprint city 'jaipur'"
/full-time-maid-service-in-mancheswar-bhubaneswar,,410,"locality page in out-of-footprint city 'bhubaneswar'"
/full-time-maid-service-in-mandideep-bhopal,,410,"locality page in out-of-footprint city 'bhopal'"
/full-time-maid-service-in-mandore-road-jodhpur,,410,"locality page in out-of-footprint city 'jodhpur'"
/full-time-maid-service-in-manesar-gurugram,/gurgaon/manesar/full-time-maid,301,"service×locality"
/full-time-maid-service-in-mangalagiri-vijayawada,,410,"locality page in out-of-footprint city 'vijayawada'"
/full-time-maid-service-in-mangalore,/services/full-time-maid/mangalore,301,"service-in-city: service×city"
/full-time-maid-service-in-manikonda-hyderabad,,410,"locality page in out-of-footprint city 'hyderabad'"
/full-time-maid-service-in-manimajra-chandigarh,,410,"locality page in out-of-footprint city 'chandigarh'"
/full-time-maid-service-in-maninagar-ahmedabad,,410,"locality page in out-of-footprint city 'ahmedabad'"
/full-time-maid-service-in-manish-nagar-nagpur,,410,"locality page in out-of-footprint city 'nagpur'"
/full-time-maid-service-in-manjalpur-vadodara,,410,"locality page in out-of-footprint city 'vadodara'"
/full-time-maid-service-in-manpada-thane,,410,"locality page in out-of-footprint city 'thane'"
/full-time-maid-service-in-mansarovar-jaipur,,410,"locality page in out-of-footprint city 'jaipur'"
/full-time-maid-service-in-marathahalli-bangalore,/bangalore/marathahalli/full-time-maid,301,"service×locality"
/full-time-maid-service-in-marine-drive-kochi,,410,"locality page in out-of-footprint city 'kochi'"
/full-time-maid-service-in-mattuthavani-madurai,,410,"locality page in out-of-footprint city 'madurai'"
/full-time-maid-service-in-mayur-vihar-delhi,/delhi/mayur-vihar/full-time-maid,301,"service×locality"
/full-time-maid-service-in-medavakkam-chennai,,410,"locality page in out-of-footprint city 'chennai'"
/full-time-maid-service-in-medical-college-thiruvananthapuram,,410,"locality page in out-of-footprint city 'thiruvananthapuram'"
/full-time-maid-service-in-mewla-maharajpur-faridabad,,410,"locality page in out-of-footprint city 'faridabad'"
/full-time-maid-service-in-mg-road-agra,,410,"locality page in out-of-footprint city 'agra'"
/full-time-maid-service-in-mg-road-gurugram,/services/full-time-maid/gurgaon,301,"unmatched locality → service×city (ASSUMPTIONS #5)"
/full-time-maid-service-in-mira-road-mumbai,/services/full-time-maid/mumbai,301,"unmatched locality → service×city (ASSUMPTIONS #5)"
/full-time-maid-service-in-miyapur-hyderabad,,410,"locality page in out-of-footprint city 'hyderabad'"
/full-time-maid-service-in-model-town-ludhiana,,410,"locality page in out-of-footprint city 'ludhiana'"
/full-time-maid-service-in-moghalrajpuram-vijayawada,,410,"locality page in out-of-footprint city 'vijayawada'"
/full-time-maid-service-in-mohali-chandigarh,,410,"locality page in out-of-footprint city 'chandigarh'"
/full-time-maid-service-in-mokila-hyderabad,,410,"locality page in out-of-footprint city 'hyderabad'"
/full-time-maid-service-in-morabadi-ranchi,,410,"locality page in out-of-footprint city 'ranchi'"
/full-time-maid-service-in-motera-ahmedabad,,410,"locality page in out-of-footprint city 'ahmedabad'"
/full-time-maid-service-in-mowa-raipur,,410,"locality page in out-of-footprint city 'raipur'"
/full-time-maid-service-in-mp-nagar-bhopal,,410,"locality page in out-of-footprint city 'bhopal'"
/full-time-maid-service-in-mulund-mumbai,/mumbai/mulund/full-time-maid,301,"service×locality"
/full-time-maid-service-in-mumbai,/services/full-time-maid/mumbai,301,"service-in-city: service×city"
/full-time-maid-service-in-mussoorie-road-dehradun,,410,"locality page in out-of-footprint city 'dehradun'"
/full-time-maid-service-in-mvp-colony-visakhapatnam,,410,"locality page in out-of-footprint city 'visakhapatnam'"
/full-time-maid-service-in-mylapore-chennai,,410,"locality page in out-of-footprint city 'chennai'"
/full-time-maid-service-in-mysore,,410,"service-in-city: city 'mysore' outside footprint"
/full-time-maid-service-in-nad-junction-visakhapatnam,,410,"locality page in out-of-footprint city 'visakhapatnam'"
/full-time-maid-service-in-nagpur,,410,"service-in-city: city 'nagpur' outside footprint"
/full-time-maid-service-in-nallagandla-hyderabad,,410,"locality page in out-of-footprint city 'hyderabad'"
/full-time-maid-service-in-naranpura-ahmedabad,,410,"locality page in out-of-footprint city 'ahmedabad'"
/full-time-maid-service-in-nashik,,410,"service-in-city: city 'nashik' outside footprint"
/full-time-maid-service-in-nashik-road-nashik,,410,"locality page in out-of-footprint city 'nashik'"
/full-time-maid-service-in-naupada-thane,,410,"locality page in out-of-footprint city 'thane'"
/full-time-maid-service-in-navi-mumbai,/services/full-time-maid/mumbai,301,"service-in-city: service×city"
/full-time-maid-service-in-navrangpura-ahmedabad,,410,"locality page in out-of-footprint city 'ahmedabad'"
/full-time-maid-service-in-nayapalli-bhubaneswar,,410,"locality page in out-of-footprint city 'bhubaneswar'"
/full-time-maid-service-in-neharpar-faridabad,,410,"locality page in out-of-footprint city 'faridabad'"
/full-time-maid-service-in-nehru-colony-dehradun,,410,"locality page in out-of-footprint city 'dehradun'"
/full-time-maid-service-in-nehru-place-delhi,/services/full-time-maid/delhi,301,"unmatched locality → service×city (ASSUMPTIONS #5)"
/full-time-maid-service-in-nerul-navi-mumbai,/mumbai/nerul/full-time-maid,301,"service×locality"
/full-time-maid-service-in-new-town-kolkata,,410,"locality page in out-of-footprint city 'kolkata'"
/full-time-maid-service-in-nh-24-ghaziabad,,410,"locality page in out-of-footprint city 'ghaziabad'"
/full-time-maid-service-in-nibm-pune,/pune/nibm/full-time-maid,301,"service×locality"
/full-time-maid-service-in-nipania-indore,,410,"locality page in out-of-footprint city 'indore'"
/full-time-maid-service-in-nirvana-country-gurugram,/services/full-time-maid/gurgaon,301,"unmatched locality → service×city (ASSUMPTIONS #5)"
/full-time-maid-service-in-nit-faridabad-faridabad,,410,"locality page in out-of-footprint city 'faridabad'"
/full-time-maid-service-in-niti-khand-ghaziabad,,410,"locality page in out-of-footprint city 'ghaziabad'"
/full-time-maid-service-in-noida,/services/full-time-maid/noida,301,"service-in-city: service×city"
/full-time-maid-service-in-nungambakkam-chennai,,410,"locality page in out-of-footprint city 'chennai'"
/full-time-maid-service-in-omr-chennai,,410,"locality page in out-of-footprint city 'chennai'"
/full-time-maid-service-in-pakhowal-road-ludhiana,,410,"locality page in out-of-footprint city 'ludhiana'"
/full-time-maid-service-in-pal-road-jodhpur,,410,"locality page in out-of-footprint city 'jodhpur'"
/full-time-maid-service-in-pal-surat,,410,"locality page in out-of-footprint city 'surat'"
/full-time-maid-service-in-palam-vihar-gurugram,/services/full-time-maid/gurgaon,301,"unmatched locality → service×city (ASSUMPTIONS #5)"
/full-time-maid-service-in-palanganatham-madurai,,410,"locality page in out-of-footprint city 'madurai'"
/full-time-maid-service-in-palarivattom-kochi,,410,"locality page in out-of-footprint city 'kochi'"
/full-time-maid-service-in-palasia-indore,,410,"locality page in out-of-footprint city 'indore'"
/full-time-maid-service-in-paldi-ahmedabad,,410,"locality page in out-of-footprint city 'ahmedabad'"
/full-time-maid-service-in-pallavaram-chennai,,410,"locality page in out-of-footprint city 'chennai'"
/full-time-maid-service-in-paltan-bazaar-guwahati,,410,"locality page in out-of-footprint city 'guwahati'"
/full-time-maid-service-in-panchavati-nashik,,410,"locality page in out-of-footprint city 'nashik'"
/full-time-maid-service-in-panchkula-chandigarh,,410,"locality page in out-of-footprint city 'chandigarh'"
/full-time-maid-service-in-pandeypur-varanasi,,410,"locality page in out-of-footprint city 'varanasi'"
/full-time-maid-service-in-panvel-navi-mumbai,/services/full-time-maid/mumbai,301,"unmatched navi-mumbai locality → zone/service hub"
/full-time-maid-service-in-paota-jodhpur,,410,"locality page in out-of-footprint city 'jodhpur'"
/full-time-maid-service-in-pari-chowk-noida,/greater-noida/pari-chowk/full-time-maid,301,"manual locality mapping"
/full-time-maid-service-in-park-street-kolkata,,410,"locality page in out-of-footprint city 'kolkata'"
/full-time-maid-service-in-paschim-vihar-delhi,/delhi/paschim-vihar/full-time-maid,301,"service×locality"
/full-time-maid-service-in-pashan-pune,/pune/pashan/full-time-maid,301,"service×locality"
/full-time-maid-service-in-pathardi-nashik,,410,"locality page in out-of-footprint city 'nashik'"
/full-time-maid-service-in-patia-bhubaneswar,,410,"locality page in out-of-footprint city 'bhubaneswar'"
/full-time-maid-service-in-patliputra-colony-patna,,410,"locality page in out-of-footprint city 'patna'"
/full-time-maid-service-in-patna,,410,"service-in-city: city 'patna' outside footprint"
/full-time-maid-service-in-pattom-thiruvananthapuram,,410,"locality page in out-of-footprint city 'thiruvananthapuram'"
/full-time-maid-service-in-peelamedu-coimbatore,,410,"locality page in out-of-footprint city 'coimbatore'"
/full-time-maid-service-in-pendurthi-visakhapatnam,,410,"locality page in out-of-footprint city 'visakhapatnam'"
/full-time-maid-service-in-perungudi-chennai,,410,"locality page in out-of-footprint city 'chennai'"
/full-time-maid-service-in-pimpri-chinchwad-pune,/services/full-time-maid/pune,301,"manual zone mapping"
/full-time-maid-service-in-piplod-surat,,410,"locality page in out-of-footprint city 'surat'"
/full-time-maid-service-in-pitampura-delhi,/delhi/pitampura/full-time-maid,301,"service×locality"
/full-time-maid-service-in-pokhran-road-thane,,410,"locality page in out-of-footprint city 'thane'"
/full-time-maid-service-in-poranki-vijayawada,,410,"locality page in out-of-footprint city 'vijayawada'"
/full-time-maid-service-in-porur-chennai,,410,"locality page in out-of-footprint city 'chennai'"
/full-time-maid-service-in-powai-mumbai,/mumbai/powai/full-time-maid,301,"service×locality"
/full-time-maid-service-in-prahlad-nagar-ahmedabad,,410,"locality page in out-of-footprint city 'ahmedabad'"
/full-time-maid-service-in-pratap-nagar-jaipur,,410,"locality page in out-of-footprint city 'jaipur'"
/full-time-maid-service-in-pratap-nagar-nagpur,,410,"locality page in out-of-footprint city 'nagpur'"
/full-time-maid-service-in-pune,/services/full-time-maid/pune,301,"service-in-city: service×city"
/full-time-maid-service-in-race-course-coimbatore,,410,"locality page in out-of-footprint city 'coimbatore'"
/full-time-maid-service-in-race-course-dehradun,,410,"locality page in out-of-footprint city 'dehradun'"
/full-time-maid-service-in-race-course-vadodara,,410,"locality page in out-of-footprint city 'vadodara'"
/full-time-maid-service-in-raipur,,410,"service-in-city: city 'raipur' outside footprint"
/full-time-maid-service-in-raj-nagar-extension-ghaziabad,,410,"locality page in out-of-footprint city 'ghaziabad'"
/full-time-maid-service-in-raja-mandi-agra,,410,"locality page in out-of-footprint city 'agra'"
/full-time-maid-service-in-raja-park-jaipur,,410,"locality page in out-of-footprint city 'jaipur'"
/full-time-maid-service-in-rajajinagar-bangalore,/bangalore/rajajinagar/full-time-maid,301,"service×locality"
/full-time-maid-service-in-rajarhat-kolkata,,410,"locality page in out-of-footprint city 'kolkata'"
/full-time-maid-service-in-rajendra-nagar-patna,,410,"locality page in out-of-footprint city 'patna'"
/full-time-maid-service-in-rajguru-nagar-ludhiana,,410,"locality page in out-of-footprint city 'ludhiana'"
/full-time-maid-service-in-rajouri-garden-delhi,/delhi/rajouri-garden/full-time-maid,301,"service×locality"
/full-time-maid-service-in-rajpur-road-dehradun,,410,"locality page in out-of-footprint city 'dehradun'"
/full-time-maid-service-in-ranchi,,410,"service-in-city: city 'ranchi' outside footprint"
/full-time-maid-service-in-ratanada-jodhpur,,410,"locality page in out-of-footprint city 'jodhpur'"
/full-time-maid-service-in-ratu-road-ranchi,,410,"locality page in out-of-footprint city 'ranchi'"
/full-time-maid-service-in-rau-indore,,410,"locality page in out-of-footprint city 'indore'"
/full-time-maid-service-in-rawatpur-kanpur,,410,"locality page in out-of-footprint city 'kanpur'"
/full-time-maid-service-in-rohini-delhi,/delhi/rohini/full-time-maid,301,"service×locality"
/full-time-maid-service-in-rs-puram-coimbatore,,410,"locality page in out-of-footprint city 'coimbatore'"
/full-time-maid-service-in-rushikonda-visakhapatnam,,410,"locality page in out-of-footprint city 'visakhapatnam'"
/full-time-maid-service-in-sadar-nagpur,,410,"locality page in out-of-footprint city 'nagpur'"
/full-time-maid-service-in-saguna-more-patna,,410,"locality page in out-of-footprint city 'patna'"
/full-time-maid-service-in-saheed-nagar-bhubaneswar,,410,"locality page in out-of-footprint city 'bhubaneswar'"
/full-time-maid-service-in-sahibabad-ghaziabad,,410,"locality page in out-of-footprint city 'ghaziabad'"
/full-time-maid-service-in-saket-delhi,/delhi/saket/full-time-maid,301,"service×locality"
/full-time-maid-service-in-salt-lake-kolkata,,410,"locality page in out-of-footprint city 'kolkata'"
/full-time-maid-service-in-sama-vadodara,,410,"locality page in out-of-footprint city 'vadodara'"
/full-time-maid-service-in-sanpada-navi-mumbai,/mumbai/sanpada/full-time-maid,301,"service×locality"
/full-time-maid-service-in-sapna-sangeeta-indore,,410,"locality page in out-of-footprint city 'indore'"
/full-time-maid-service-in-sarabha-nagar-ludhiana,,410,"locality page in out-of-footprint city 'ludhiana'"
/full-time-maid-service-in-saraswathipuram-mysore,,410,"locality page in out-of-footprint city 'mysore'"
/full-time-maid-service-in-saravanampatti-coimbatore,,410,"locality page in out-of-footprint city 'coimbatore'"
/full-time-maid-service-in-sardarpura-jodhpur,,410,"locality page in out-of-footprint city 'jodhpur'"
/full-time-maid-service-in-sarjapur-road-bangalore,/bangalore/sarjapur-road/full-time-maid,301,"service×locality"
/full-time-maid-service-in-sarnath-varanasi,,410,"locality page in out-of-footprint city 'varanasi'"
/full-time-maid-service-in-sasthamangalam-thiruvananthapuram,,410,"locality page in out-of-footprint city 'thiruvananthapuram'"
/full-time-maid-service-in-satellite-ahmedabad,,410,"locality page in out-of-footprint city 'ahmedabad'"
/full-time-maid-service-in-satpur-nashik,,410,"locality page in out-of-footprint city 'nashik'"
/full-time-maid-service-in-scheme-78-indore,,410,"locality page in out-of-footprint city 'indore'"
/full-time-maid-service-in-sealdah-kolkata,,410,"locality page in out-of-footprint city 'kolkata'"
/full-time-maid-service-in-seawoods-navi-mumbai,/services/full-time-maid/mumbai,301,"unmatched navi-mumbai locality → zone/service hub"
/full-time-maid-service-in-sector-100-noida,/noida/sector-100/full-time-maid,301,"service×locality"
/full-time-maid-service-in-sector-120-122-noida,/services/full-time-maid/noida,301,"unmatched locality → service×city (ASSUMPTIONS #5)"
/full-time-maid-service-in-sector-128-134-noida,/services/full-time-maid/noida,301,"manual zone mapping"
/full-time-maid-service-in-sector-137-noida,/noida/sector-137/full-time-maid,301,"service×locality"
/full-time-maid-service-in-sector-15-21-faridabad,,410,"locality page in out-of-footprint city 'faridabad'"
/full-time-maid-service-in-sector-15-chandigarh,,410,"locality page in out-of-footprint city 'chandigarh'"
/full-time-maid-service-in-sector-15-gurugram,/services/full-time-maid/gurgaon,301,"unmatched locality → service×city (ASSUMPTIONS #5)"
/full-time-maid-service-in-sector-150-noida,/noida/sector-150/full-time-maid,301,"service×locality"
/full-time-maid-service-in-sector-17-chandigarh,,410,"locality page in out-of-footprint city 'chandigarh'"
/full-time-maid-service-in-sector-18-noida,/noida/sector-18/full-time-maid,301,"service×locality"
/full-time-maid-service-in-sector-22-chandigarh,,410,"locality page in out-of-footprint city 'chandigarh'"
/full-time-maid-service-in-sector-28-30-faridabad,,410,"locality page in out-of-footprint city 'faridabad'"
/full-time-maid-service-in-sector-32-noida,/services/full-time-maid/noida,301,"unmatched locality → service×city (ASSUMPTIONS #5)"
/full-time-maid-service-in-sector-35-chandigarh,,410,"locality page in out-of-footprint city 'chandigarh'"
/full-time-maid-service-in-sector-37-faridabad,,410,"locality page in out-of-footprint city 'faridabad'"
/full-time-maid-service-in-sector-37-noida,/noida/sector-37/full-time-maid,301,"service×locality"
/full-time-maid-service-in-sector-43-chandigarh,,410,"locality page in out-of-footprint city 'chandigarh'"
/full-time-maid-service-in-sector-44-chandigarh,,410,"locality page in out-of-footprint city 'chandigarh'"
/full-time-maid-service-in-sector-44-noida,/noida/sector-44/full-time-maid,301,"service×locality"
/full-time-maid-service-in-sector-45-48-gurugram,/gurgaon/sector-45/full-time-maid,301,"manual locality mapping"
/full-time-maid-service-in-sector-49-gurugram,/gurgaon/sector-49/full-time-maid,301,"service×locality"
/full-time-maid-service-in-sector-50-noida,/noida/sector-50/full-time-maid,301,"service×locality"
/full-time-maid-service-in-sector-56-57-gurugram,/gurgaon/sector-56/full-time-maid,301,"manual locality mapping"
/full-time-maid-service-in-sector-62-noida,/noida/sector-62/full-time-maid,301,"service×locality"
/full-time-maid-service-in-sector-67-70-gurugram,/gurgaon/sector-67/full-time-maid,301,"manual locality mapping"
/full-time-maid-service-in-sector-75-76-noida,/noida/sector-75/full-time-maid,301,"manual locality mapping"
/full-time-maid-service-in-sector-78-noida,/noida/sector-78/full-time-maid,301,"service×locality"
/full-time-maid-service-in-sector-8-11-chandigarh,,410,"locality page in out-of-footprint city 'chandigarh'"
/full-time-maid-service-in-sector-81-89-faridabad,,410,"locality page in out-of-footprint city 'faridabad'"
/full-time-maid-service-in-sector-82-84-gurugram,/gurgaon/sector-82/full-time-maid,301,"manual locality mapping"
/full-time-maid-service-in-sector-93-96-noida,/noida/sector-93/full-time-maid,301,"manual locality mapping"
/full-time-maid-service-in-secunderabad-hyderabad,,410,"locality page in out-of-footprint city 'hyderabad'"
/full-time-maid-service-in-seethammadhara-visakhapatnam,,410,"locality page in out-of-footprint city 'visakhapatnam'"
/full-time-maid-service-in-seminary-hills-nagpur,,410,"locality page in out-of-footprint city 'nagpur'"
/full-time-maid-service-in-sg-highway-ahmedabad,,410,"locality page in out-of-footprint city 'ahmedabad'"
/full-time-maid-service-in-shahganj-agra,,410,"locality page in out-of-footprint city 'agra'"
/full-time-maid-service-in-shahibaug-ahmedabad,,410,"locality page in out-of-footprint city 'ahmedabad'"
/full-time-maid-service-in-shahpura-bhopal,,410,"locality page in out-of-footprint city 'bhopal'"
/full-time-maid-service-in-shakti-khand-ghaziabad,,410,"locality page in out-of-footprint city 'ghaziabad'"
/full-time-maid-service-in-shalimar-garden-ghaziabad,,410,"locality page in out-of-footprint city 'ghaziabad'"
/full-time-maid-service-in-shamshabad-hyderabad,,410,"locality page in out-of-footprint city 'hyderabad'"
/full-time-maid-service-in-shankar-nagar-raipur,,410,"locality page in out-of-footprint city 'raipur'"
/full-time-maid-service-in-shastri-nagar-jodhpur,,410,"locality page in out-of-footprint city 'jodhpur'"
/full-time-maid-service-in-shivaji-nagar-pune,/pune/shivajinagar/full-time-maid,301,"manual locality mapping"
/full-time-maid-service-in-shivpur-varanasi,,410,"locality page in out-of-footprint city 'varanasi'"
/full-time-maid-service-in-sholinganallur-chennai,,410,"locality page in out-of-footprint city 'chennai'"
/full-time-maid-service-in-shyam-nagar-kanpur,,410,"locality page in out-of-footprint city 'kanpur'"
/full-time-maid-service-in-sigra-varanasi,,410,"locality page in out-of-footprint city 'varanasi'"
/full-time-maid-service-in-sikandra-agra,,410,"locality page in out-of-footprint city 'agra'"
/full-time-maid-service-in-singanallur-coimbatore,,410,"locality page in out-of-footprint city 'coimbatore'"
/full-time-maid-service-in-sinhagad-road-pune,/services/full-time-maid/pune,301,"unmatched locality → service×city (ASSUMPTIONS #5)"
/full-time-maid-service-in-sodala-jaipur,,410,"locality page in out-of-footprint city 'jaipur'"
/full-time-maid-service-in-sohna-road-gurugram,/gurgaon/sohna-road/full-time-maid,301,"service×locality"
/full-time-maid-service-in-south-bopal-ahmedabad,,410,"locality page in out-of-footprint city 'ahmedabad'"
/full-time-maid-service-in-south-city-gurugram,/gurgaon/south-city-1/full-time-maid,301,"manual locality mapping"
/full-time-maid-service-in-south-delhi-delhi,/services/full-time-maid/delhi,301,"service×zone → service×city (no zone service pages)"
/full-time-maid-service-in-south-tukoganj-indore,,410,"locality page in out-of-footprint city 'indore'"
/full-time-maid-service-in-ss-colony-madurai,,410,"locality page in out-of-footprint city 'madurai'"
/full-time-maid-service-in-super-corridor-indore,,410,"locality page in out-of-footprint city 'indore'"
/full-time-maid-service-in-surajkund-faridabad,,410,"locality page in out-of-footprint city 'faridabad'"
/full-time-maid-service-in-surat,,410,"service-in-city: city 'surat' outside footprint"
/full-time-maid-service-in-surathkal-mangalore,/mangalore/surathkal/full-time-maid,301,"service×locality"
/full-time-maid-service-in-sushant-lok-gurugram,/services/full-time-maid/gurgaon,301,"unmatched locality → service×city (ASSUMPTIONS #5)"
/full-time-maid-service-in-swaroop-nagar-kanpur,,410,"locality page in out-of-footprint city 'kanpur'"
/full-time-maid-service-in-t-nagar-chennai,,410,"locality page in out-of-footprint city 'chennai'"
/full-time-maid-service-in-tadepalli-vijayawada,,410,"locality page in out-of-footprint city 'vijayawada'"
/full-time-maid-service-in-tajganj-agra,,410,"locality page in out-of-footprint city 'agra'"
/full-time-maid-service-in-tallakulam-madurai,,410,"locality page in out-of-footprint city 'madurai'"
/full-time-maid-service-in-tambaram-chennai,,410,"locality page in out-of-footprint city 'chennai'"
/full-time-maid-service-in-tatibandh-raipur,,410,"locality page in out-of-footprint city 'raipur'"
/full-time-maid-service-in-technopark-thiruvananthapuram,,410,"locality page in out-of-footprint city 'thiruvananthapuram'"
/full-time-maid-service-in-telibandha-raipur,,410,"locality page in out-of-footprint city 'raipur'"
/full-time-maid-service-in-teppakulam-madurai,,410,"locality page in out-of-footprint city 'madurai'"
/full-time-maid-service-in-thaltej-ahmedabad,,410,"locality page in out-of-footprint city 'ahmedabad'"
/full-time-maid-service-in-thane,,410,"service-in-city: city 'thane' outside footprint"
/full-time-maid-service-in-thane-west-mumbai,/services/full-time-maid/mumbai,301,"unmatched locality → service×city (ASSUMPTIONS #5)"
/full-time-maid-service-in-thirunagar-madurai,,410,"locality page in out-of-footprint city 'madurai'"
/full-time-maid-service-in-thiruvananthapuram,,410,"service-in-city: city 'thiruvananthapuram' outside footprint"
/full-time-maid-service-in-thiruvanmiyur-chennai,,410,"locality page in out-of-footprint city 'chennai'"
/full-time-maid-service-in-thudiyalur-coimbatore,,410,"locality page in out-of-footprint city 'coimbatore'"
/full-time-maid-service-in-thycaud-thiruvananthapuram,,410,"locality page in out-of-footprint city 'thiruvananthapuram'"
/full-time-maid-service-in-tollygunge-kolkata,,410,"locality page in out-of-footprint city 'kolkata'"
/full-time-maid-service-in-tonk-road-jaipur,,410,"locality page in out-of-footprint city 'jaipur'"
/full-time-maid-service-in-tripunithura-kochi,,410,"locality page in out-of-footprint city 'kochi'"
/full-time-maid-service-in-tt-nagar-bhopal,,410,"locality page in out-of-footprint city 'bhopal'"
/full-time-maid-service-in-udyog-vihar-gurugram,/services/full-time-maid/gurgaon,301,"unmatched locality → service×city (ASSUMPTIONS #5)"
/full-time-maid-service-in-ultadanga-kolkata,,410,"locality page in out-of-footprint city 'kolkata'"
/full-time-maid-service-in-undri-pune,/services/full-time-maid/pune,301,"unmatched locality → service×city (ASSUMPTIONS #5)"
/full-time-maid-service-in-unit-1-9-bhubaneswar,,410,"locality page in out-of-footprint city 'bhubaneswar'"
/full-time-maid-service-in-uppal-hyderabad,,410,"locality page in out-of-footprint city 'hyderabad'"
/full-time-maid-service-in-vadavalli-coimbatore,,410,"locality page in out-of-footprint city 'coimbatore'"
/full-time-maid-service-in-vadodara,,410,"service-in-city: city 'vadodara' outside footprint"
/full-time-maid-service-in-vaishali-ghaziabad,,410,"locality page in out-of-footprint city 'ghaziabad'"
/full-time-maid-service-in-vaishali-nagar-jaipur,,410,"locality page in out-of-footprint city 'jaipur'"
/full-time-maid-service-in-varachha-surat,,410,"locality page in out-of-footprint city 'surat'"
/full-time-maid-service-in-varanasi,,410,"service-in-city: city 'varanasi' outside footprint"
/full-time-maid-service-in-vartak-nagar-thane,,410,"locality page in out-of-footprint city 'thane'"
/full-time-maid-service-in-vasant-kunj-delhi,/delhi/vasant-kunj/full-time-maid,301,"service×locality"
/full-time-maid-service-in-vasant-vihar-dehradun,,410,"locality page in out-of-footprint city 'dehradun'"
/full-time-maid-service-in-vasant-vihar-delhi,/delhi/vasant-vihar/full-time-maid,301,"service×locality"
/full-time-maid-service-in-vashi-mumbai,/mumbai/vashi/full-time-maid,301,"service×locality"
/full-time-maid-service-in-vashi-navi-mumbai,/mumbai/vashi/full-time-maid,301,"service×locality"
/full-time-maid-service-in-vasna-vadodara,,410,"locality page in out-of-footprint city 'vadodara'"
/full-time-maid-service-in-vastrapur-ahmedabad,,410,"locality page in out-of-footprint city 'ahmedabad'"
/full-time-maid-service-in-vasundhara-ghaziabad,,410,"locality page in out-of-footprint city 'ghaziabad'"
/full-time-maid-service-in-vatika-city-gurugram,/services/full-time-maid/gurgaon,301,"unmatched locality → service×city (ASSUMPTIONS #5)"
/full-time-maid-service-in-vazhuthacaud-thiruvananthapuram,,410,"locality page in out-of-footprint city 'thiruvananthapuram'"
/full-time-maid-service-in-velachery-chennai,,410,"locality page in out-of-footprint city 'chennai'"
/full-time-maid-service-in-vellayambalam-thiruvananthapuram,,410,"locality page in out-of-footprint city 'thiruvananthapuram'"
/full-time-maid-service-in-vesu-surat,,410,"locality page in out-of-footprint city 'surat'"
/full-time-maid-service-in-vidhyadhar-nagar-jaipur,,410,"locality page in out-of-footprint city 'jaipur'"
/full-time-maid-service-in-vijay-nagar-indore,,410,"locality page in out-of-footprint city 'indore'"
/full-time-maid-service-in-vijayanagar-mysore,,410,"locality page in out-of-footprint city 'mysore'"
/full-time-maid-service-in-vijayawada,,410,"service-in-city: city 'vijayawada' outside footprint"
/full-time-maid-service-in-vikas-nagar-lucknow,,410,"locality page in out-of-footprint city 'lucknow'"
/full-time-maid-service-in-vikhroli-mumbai,/mumbai/vikhroli/full-time-maid,301,"service×locality"
/full-time-maid-service-in-villapuram-madurai,,410,"locality page in out-of-footprint city 'madurai'"
/full-time-maid-service-in-viman-nagar-pune,/pune/viman-nagar/full-time-maid,301,"service×locality"
/full-time-maid-service-in-vip-road-raipur,,410,"locality page in out-of-footprint city 'raipur'"
/full-time-maid-service-in-visakhapatnam,,410,"service-in-city: city 'visakhapatnam' outside footprint"
/full-time-maid-service-in-vyttila-kochi,,410,"locality page in out-of-footprint city 'kochi'"
/full-time-maid-service-in-wadi-nagpur,,410,"locality page in out-of-footprint city 'nagpur'"
/full-time-maid-service-in-waghodia-road-vadodara,,410,"locality page in out-of-footprint city 'vadodara'"
/full-time-maid-service-in-wagle-estate-thane,,410,"locality page in out-of-footprint city 'thane'"
/full-time-maid-service-in-wakad-pune,/pune/wakad/full-time-maid,301,"service×locality"
/full-time-maid-service-in-waltair-visakhapatnam,,410,"locality page in out-of-footprint city 'visakhapatnam'"
/full-time-maid-service-in-wardhaman-nagar-nagpur,,410,"locality page in out-of-footprint city 'nagpur'"
/full-time-maid-service-in-warje-pune,/pune/warje/full-time-maid,301,"service×locality"
/full-time-maid-service-in-wave-city-ghaziabad,,410,"locality page in out-of-footprint city 'ghaziabad'"
/full-time-maid-service-in-whitefield-bangalore,/bangalore/whitefield/full-time-maid,301,"service×locality"
/full-time-maid-service-in-worli-mumbai,/mumbai/worli/full-time-maid,301,"service×locality"
/full-time-maid-service-in-yelahanka-bangalore,/services/full-time-maid/bangalore,301,"unmatched locality → service×city (ASSUMPTIONS #5)"
/full-time-maid-service-in-zirakpur-chandigarh,,410,"locality page in out-of-footprint city 'chandigarh'"
/full-time-maid-service-in-zoo-road-guwahati,,410,"locality page in out-of-footprint city 'guwahati'"
/home,/app,301,"SPA moved under /app"
/home-help-hiring-checklist-india,/blog/home-help-hiring-checklist-india,301,"comparison/guide → blog"
/how-to-verify-maid-background-india,/blog/how-to-verify-maid-background-india,301,"comparison/guide → blog"
/index,/,301,"home"
/maid-service,/services/maid-service,301,"service hub"
/maid-service-in-aashiyana-lucknow,,410,"locality page in out-of-footprint city 'lucknow'"
/maid-service-in-ab-road-indore,,410,"locality page in out-of-footprint city 'indore'"
/maid-service-in-adajan-surat,,410,"locality page in out-of-footprint city 'surat'"
/maid-service-in-adyar-chennai,,410,"locality page in out-of-footprint city 'chennai'"
/maid-service-in-agra,,410,"service-in-city: city 'agra' outside footprint"
/maid-service-in-ahinsa-khand-ghaziabad,,410,"locality page in out-of-footprint city 'ghaziabad'"
/maid-service-in-ahmedabad,,410,"service-in-city: city 'ahmedabad' outside footprint"
/maid-service-in-airoli-navi-mumbai,/mumbai/airoli,301,"maid → locality hub"
/maid-service-in-akota-vadodara,,410,"locality page in out-of-footprint city 'vadodara'"
/maid-service-in-alambagh-lucknow,,410,"locality page in out-of-footprint city 'lucknow'"
/maid-service-in-aliganj-lucknow,,410,"locality page in out-of-footprint city 'lucknow'"
/maid-service-in-alipore-kolkata,,410,"locality page in out-of-footprint city 'kolkata'"
/maid-service-in-alkapuri-vadodara,,410,"locality page in out-of-footprint city 'vadodara'"
/maid-service-in-althan-surat,,410,"locality page in out-of-footprint city 'surat'"
/maid-service-in-aluva-kochi,,410,"locality page in out-of-footprint city 'kochi'"
/maid-service-in-amanaka-raipur,,410,"locality page in out-of-footprint city 'raipur'"
/maid-service-in-ambattur-chennai,,410,"locality page in out-of-footprint city 'chennai'"
/maid-service-in-ambawadi-ahmedabad,,410,"locality page in out-of-footprint city 'ahmedabad'"
/maid-service-in-ameerpet-hyderabad,,410,"locality page in out-of-footprint city 'hyderabad'"
/maid-service-in-amity-area-noida,/noida,301,"unmatched locality → city hub (ASSUMPTIONS #5)"
/maid-service-in-andheri-mumbai,/mumbai/andheri,301,"maid → locality hub"
/maid-service-in-anisabad-patna,,410,"locality page in out-of-footprint city 'patna'"
/maid-service-in-anna-nagar-chennai,,410,"locality page in out-of-footprint city 'chennai'"
/maid-service-in-anna-nagar-madurai,,410,"locality page in out-of-footprint city 'madurai'"
/maid-service-in-arapalayam-madurai,,410,"locality page in out-of-footprint city 'madurai'"
/maid-service-in-arera-colony-bhopal,,410,"locality page in out-of-footprint city 'bhopal'"
/maid-service-in-ashok-nagar-ranchi,,410,"locality page in out-of-footprint city 'ranchi'"
/maid-service-in-athwa-surat,,410,"locality page in out-of-footprint city 'surat'"
/maid-service-in-attapur-hyderabad,,410,"locality page in out-of-footprint city 'hyderabad'"
/maid-service-in-attavar-mangalore,/mangalore/attavar,301,"maid → locality hub"
/maid-service-in-aundh-pune,/pune/aundh,301,"maid → locality hub"
/maid-service-in-auto-nagar-vijayawada,,410,"locality page in out-of-footprint city 'vijayawada'"
/maid-service-in-avadi-chennai,,410,"locality page in out-of-footprint city 'chennai'"
/maid-service-in-bailey-road-patna,,410,"locality page in out-of-footprint city 'patna'"
/maid-service-in-bairagarh-bhopal,,410,"locality page in out-of-footprint city 'bhopal'"
/maid-service-in-balkum-thane,,410,"locality page in out-of-footprint city 'thane'"
/maid-service-in-ballabgarh-faridabad,,410,"locality page in out-of-footprint city 'faridabad'"
/maid-service-in-ballupur-dehradun,,410,"locality page in out-of-footprint city 'dehradun'"
/maid-service-in-ballygunge-kolkata,,410,"locality page in out-of-footprint city 'kolkata'"
/maid-service-in-banashankari-bangalore,/bangalore/banashankari,301,"maid → locality hub"
/maid-service-in-bandra-mumbai,/mumbai/bandra-west,301,"maid → locality hub"
/maid-service-in-baner-pune,/pune/baner,301,"maid → locality hub"
/maid-service-in-bangalore,/bangalore,301,"service-in-city: umbrella maid → city hub"
/maid-service-in-bani-park-jaipur,,410,"locality page in out-of-footprint city 'jaipur'"
/maid-service-in-banjara-hills-hyderabad,,410,"locality page in out-of-footprint city 'hyderabad'"
/maid-service-in-bannerghatta-road-bangalore,/bangalore/bannerghatta-road,301,"maid → locality hub"
/maid-service-in-bapuji-nagar-bhubaneswar,,410,"locality page in out-of-footprint city 'bhubaneswar'"
/maid-service-in-baranagar-kolkata,,410,"locality page in out-of-footprint city 'kolkata'"
/maid-service-in-bariatu-ranchi,,410,"locality page in out-of-footprint city 'ranchi'"
/maid-service-in-basavanagudi-bangalore,/bangalore/basavanagudi,301,"maid → locality hub"
/maid-service-in-basistha-guwahati,,410,"locality page in out-of-footprint city 'guwahati'"
/maid-service-in-basni-jodhpur,,410,"locality page in out-of-footprint city 'jodhpur'"
/maid-service-in-bavdhan-pune,/pune/bavdhan,301,"maid → locality hub"
/maid-service-in-begumpet-hyderabad,,410,"locality page in out-of-footprint city 'hyderabad'"
/maid-service-in-behala-kolkata,,410,"locality page in out-of-footprint city 'kolkata'"
/maid-service-in-bejai-mangalore,/mangalore/bejai,301,"maid → locality hub"
/maid-service-in-belapur-navi-mumbai,/mumbai/navi-mumbai,301,"unmatched navi-mumbai locality → zone/service hub"
/maid-service-in-bellandur-bangalore,/bangalore/bellandur,301,"maid → locality hub"
/maid-service-in-beltola-guwahati,,410,"locality page in out-of-footprint city 'guwahati'"
/maid-service-in-bendoorwell-mangalore,/mangalore,301,"unmatched locality → city hub (ASSUMPTIONS #5)"
/maid-service-in-benz-circle-vijayawada,,410,"locality page in out-of-footprint city 'vijayawada'"
/maid-service-in-besant-nagar-chennai,,410,"locality page in out-of-footprint city 'chennai'"
/maid-service-in-bhawarkua-indore,,410,"locality page in out-of-footprint city 'indore'"
/maid-service-in-bhel-bhopal,,410,"locality page in out-of-footprint city 'bhopal'"
/maid-service-in-bhelupur-varanasi,,410,"locality page in out-of-footprint city 'varanasi'"
/maid-service-in-bhopal,,410,"service-in-city: city 'bhopal' outside footprint"
/maid-service-in-bhubaneswar,,410,"service-in-city: city 'bhubaneswar' outside footprint"
/maid-service-in-bodakdev-ahmedabad,,410,"locality page in out-of-footprint city 'ahmedabad'"
/maid-service-in-bogadi-mysore,,410,"locality page in out-of-footprint city 'mysore'"
/maid-service-in-bopal-ahmedabad,,410,"locality page in out-of-footprint city 'ahmedabad'"
/maid-service-in-boring-road-patna,,410,"locality page in out-of-footprint city 'patna'"
/maid-service-in-borivali-mumbai,/mumbai,301,"unmatched locality → city hub (ASSUMPTIONS #5)"
/maid-service-in-bptp-faridabad,,410,"locality page in out-of-footprint city 'faridabad'"
/maid-service-in-brs-nagar-ludhiana,,410,"locality page in out-of-footprint city 'ludhiana'"
/maid-service-in-btm-layout-bangalore,/bangalore,301,"unmatched locality → city hub (ASSUMPTIONS #5)"
/maid-service-in-c-scheme-jaipur,,410,"locality page in out-of-footprint city 'jaipur'"
/maid-service-in-cantt-area-varanasi,,410,"locality page in out-of-footprint city 'varanasi'"
/maid-service-in-chandigarh,,410,"service-in-city: city 'chandigarh' outside footprint"
/maid-service-in-chandkheda-ahmedabad,,410,"locality page in out-of-footprint city 'ahmedabad'"
/maid-service-in-chandmari-guwahati,,410,"locality page in out-of-footprint city 'guwahati'"
/maid-service-in-chandrasekharpur-bhubaneswar,,410,"locality page in out-of-footprint city 'bhubaneswar'"
/maid-service-in-chembur-mumbai,/mumbai/chembur,301,"maid → locality hub"
/maid-service-in-chennai,,410,"service-in-city: city 'chennai' outside footprint"
/maid-service-in-chinhat-lucknow,,410,"locality page in out-of-footprint city 'lucknow'"
/maid-service-in-chopasni-housing-board-jodhpur,,410,"locality page in out-of-footprint city 'jodhpur'"
/maid-service-in-chromepet-chennai,,410,"locality page in out-of-footprint city 'chennai'"
/maid-service-in-cidco-nashik,,410,"locality page in out-of-footprint city 'nashik'"
/maid-service-in-circuit-house-area-jodhpur,,410,"locality page in out-of-footprint city 'jodhpur'"
/maid-service-in-city-light-surat,,410,"locality page in out-of-footprint city 'surat'"
/maid-service-in-civil-lines-agra,,410,"locality page in out-of-footprint city 'agra'"
/maid-service-in-civil-lines-jaipur,,410,"locality page in out-of-footprint city 'jaipur'"
/maid-service-in-civil-lines-kanpur,,410,"locality page in out-of-footprint city 'kanpur'"
/maid-service-in-civil-lines-ludhiana,,410,"locality page in out-of-footprint city 'ludhiana'"
/maid-service-in-civil-lines-nagpur,,410,"locality page in out-of-footprint city 'nagpur'"
/maid-service-in-civil-lines-raipur,,410,"locality page in out-of-footprint city 'raipur'"
/maid-service-in-clement-town-dehradun,,410,"locality page in out-of-footprint city 'dehradun'"
/maid-service-in-coimbatore,,410,"service-in-city: city 'coimbatore' outside footprint"
/maid-service-in-colaba-mumbai,/mumbai/colaba,301,"maid → locality hub"
/maid-service-in-college-road-nashik,,410,"locality page in out-of-footprint city 'nashik'"
/maid-service-in-crossing-republik-ghaziabad,,410,"locality page in out-of-footprint city 'ghaziabad'"
/maid-service-in-crown-interiorz-faridabad,,410,"locality page in out-of-footprint city 'faridabad'"
/maid-service-in-dadar-mumbai,/mumbai/dadar,301,"maid → locality hub"
/maid-service-in-dalanwala-dehradun,,410,"locality page in out-of-footprint city 'dehradun'"
/maid-service-in-daldal-seoni-raipur,,410,"locality page in out-of-footprint city 'raipur'"
/maid-service-in-danapur-patna,,410,"locality page in out-of-footprint city 'patna'"
/maid-service-in-dattagalli-mysore,,410,"locality page in out-of-footprint city 'mysore'"
/maid-service-in-dayal-bagh-agra,,410,"locality page in out-of-footprint city 'agra'"
/maid-service-in-defence-colony-delhi,/delhi/defence-colony,301,"maid → locality hub"
/maid-service-in-dehradun,,410,"service-in-city: city 'dehradun' outside footprint"
/maid-service-in-delhi,/delhi,301,"service-in-city: umbrella maid → city hub"
/maid-service-in-deolali-nashik,,410,"locality page in out-of-footprint city 'nashik'"
/maid-service-in-derebail-mangalore,/mangalore/derebail,301,"maid → locality hub"
/maid-service-in-devendra-nagar-raipur,,410,"locality page in out-of-footprint city 'raipur'"
/maid-service-in-dharampeth-nagpur,,410,"locality page in out-of-footprint city 'nagpur'"
/maid-service-in-dilsukhnagar-hyderabad,,410,"locality page in out-of-footprint city 'hyderabad'"
/maid-service-in-dispur-guwahati,,410,"locality page in out-of-footprint city 'guwahati'"
/maid-service-in-dlf-phase-1-5-gurugram,/gurgaon/dlf-golf-course-road,301,"manual zone mapping"
/maid-service-in-dlw-varanasi,,410,"locality page in out-of-footprint city 'varanasi'"
/maid-service-in-doranda-ranchi,,410,"locality page in out-of-footprint city 'ranchi'"
/maid-service-in-dugri-ludhiana,,410,"locality page in out-of-footprint city 'ludhiana'"
/maid-service-in-dum-dum-kolkata,,410,"locality page in out-of-footprint city 'kolkata'"
/maid-service-in-dumas-road-surat,,410,"locality page in out-of-footprint city 'surat'"
/maid-service-in-dwaraka-nagar-visakhapatnam,,410,"locality page in out-of-footprint city 'visakhapatnam'"
/maid-service-in-dwarka-delhi,/delhi/dwarka,301,"maid → locality hub"
/maid-service-in-dwarka-expressway-gurugram,/gurgaon,301,"unmatched locality → city hub (ASSUMPTIONS #5)"
/maid-service-in-east-delhi-delhi,/delhi/east-delhi,301,"maid → zone hub"
/maid-service-in-ecr-chennai,,410,"locality page in out-of-footprint city 'chennai'"
/maid-service-in-edappally-kochi,,410,"locality page in out-of-footprint city 'kochi'"
/maid-service-in-electronic-city-bangalore,/bangalore/electronic-city,301,"maid → locality hub"
/maid-service-in-ellis-bridge-ahmedabad,,410,"locality page in out-of-footprint city 'ahmedabad'"
/maid-service-in-em-bypass-kolkata,,410,"locality page in out-of-footprint city 'kolkata'"
/maid-service-in-ernakulam-kochi,,410,"locality page in out-of-footprint city 'kochi'"
/maid-service-in-expressway-noida,/noida/noida-expressway,301,"manual zone mapping"
/maid-service-in-fafadih-raipur,,410,"locality page in out-of-footprint city 'raipur'"
/maid-service-in-falnir-mangalore,/mangalore,301,"unmatched locality → city hub (ASSUMPTIONS #5)"
/maid-service-in-faridabad,,410,"service-in-city: city 'faridabad' outside footprint"
/maid-service-in-fatehabad-road-agra,,410,"locality page in out-of-footprint city 'agra'"
/maid-service-in-fatehgunj-vadodara,,410,"locality page in out-of-footprint city 'vadodara'"
/maid-service-in-ferozepur-road-ludhiana,,410,"locality page in out-of-footprint city 'ludhiana'"
/maid-service-in-fort-kochi-kochi,,410,"locality page in out-of-footprint city 'kochi'"
/maid-service-in-fraser-road-patna,,410,"locality page in out-of-footprint city 'patna'"
/maid-service-in-gachibowli-hyderabad,,410,"locality page in out-of-footprint city 'hyderabad'"
/maid-service-in-gajuwaka-visakhapatnam,,410,"locality page in out-of-footprint city 'visakhapatnam'"
/maid-service-in-ganapathy-coimbatore,,410,"locality page in out-of-footprint city 'coimbatore'"
/maid-service-in-gandhipuram-coimbatore,,410,"locality page in out-of-footprint city 'coimbatore'"
/maid-service-in-ganeshguri-guwahati,,410,"locality page in out-of-footprint city 'guwahati'"
/maid-service-in-gangapur-road-nashik,,410,"locality page in out-of-footprint city 'nashik'"
/maid-service-in-gannavaram-vijayawada,,410,"locality page in out-of-footprint city 'vijayawada'"
/maid-service-in-garia-kolkata,,410,"locality page in out-of-footprint city 'kolkata'"
/maid-service-in-gaur-city-gate-ghaziabad,,410,"locality page in out-of-footprint city 'ghaziabad'"
/maid-service-in-gaur-city-noida,/greater-noida/gaur-city,301,"manual locality mapping"
/maid-service-in-ghatkopar-mumbai,/mumbai/ghatkopar,301,"maid → locality hub"
/maid-service-in-ghaziabad,,410,"service-in-city: city 'ghaziabad' outside footprint"
/maid-service-in-ghodbunder-road-thane,,410,"locality page in out-of-footprint city 'thane'"
/maid-service-in-gms-road-dehradun,,410,"locality page in out-of-footprint city 'dehradun'"
/maid-service-in-gokulam-mysore,,410,"locality page in out-of-footprint city 'mysore'"
/maid-service-in-golf-course-extension-gurugram,/gurgaon,301,"unmatched locality → city hub (ASSUMPTIONS #5)"
/maid-service-in-golf-course-road-gurugram,/gurgaon/golf-course-road,301,"maid → locality hub"
/maid-service-in-gomti-nagar-lucknow,,410,"locality page in out-of-footprint city 'lucknow'"
/maid-service-in-gopalapatnam-visakhapatnam,,410,"locality page in out-of-footprint city 'visakhapatnam'"
/maid-service-in-goregaon-mumbai,/mumbai/goregaon-east,301,"maid → locality hub"
/maid-service-in-gota-ahmedabad,,410,"locality page in out-of-footprint city 'ahmedabad'"
/maid-service-in-gotri-vadodara,,410,"locality page in out-of-footprint city 'vadodara'"
/maid-service-in-governorpet-vijayawada,,410,"locality page in out-of-footprint city 'vijayawada'"
/maid-service-in-govind-nagar-kanpur,,410,"locality page in out-of-footprint city 'kanpur'"
/maid-service-in-govindpuram-ghaziabad,,410,"locality page in out-of-footprint city 'ghaziabad'"
/maid-service-in-greater-faridabad-faridabad,,410,"locality page in out-of-footprint city 'faridabad'"
/maid-service-in-greater-kailash-delhi,/delhi/greater-kailash,301,"maid → locality hub"
/maid-service-in-greater-noida-west-noida,/greater-noida/greater-noida-west,301,"manual zone mapping"
/maid-service-in-green-park-delhi,/delhi/green-park,301,"maid → locality hub"
/maid-service-in-gs-road-guwahati,,410,"locality page in out-of-footprint city 'guwahati'"
/maid-service-in-guindy-chennai,,410,"locality page in out-of-footprint city 'chennai'"
/maid-service-in-gunadala-vijayawada,,410,"locality page in out-of-footprint city 'vijayawada'"
/maid-service-in-gurugram,/gurgaon,301,"service-in-city: umbrella maid → city hub"
/maid-service-in-guwahati,,410,"service-in-city: city 'guwahati' outside footprint"
/maid-service-in-habibganj-bhopal,,410,"locality page in out-of-footprint city 'bhopal'"
/maid-service-in-hadapsar-pune,/pune/hadapsar,301,"maid → locality hub"
/maid-service-in-haibowal-ludhiana,,410,"locality page in out-of-footprint city 'ludhiana'"
/maid-service-in-hampankatta-mangalore,/mangalore/hampankatta,301,"maid → locality hub"
/maid-service-in-harmu-ranchi,,410,"locality page in out-of-footprint city 'ranchi'"
/maid-service-in-harni-vadodara,,410,"locality page in out-of-footprint city 'vadodara'"
/maid-service-in-harsh-nagar-kanpur,,410,"locality page in out-of-footprint city 'kanpur'"
/maid-service-in-hatigaon-guwahati,,410,"locality page in out-of-footprint city 'guwahati'"
/maid-service-in-hauz-khas-delhi,/delhi/hauz-khas,301,"maid → locality hub"
/maid-service-in-hazratganj-lucknow,,410,"locality page in out-of-footprint city 'lucknow'"
/maid-service-in-hebbal-bangalore,/bangalore,301,"unmatched locality → city hub (ASSUMPTIONS #5)"
/maid-service-in-hebbal-mysore,,410,"locality page in out-of-footprint city 'mysore'"
/maid-service-in-hennur-bangalore,/bangalore,301,"unmatched locality → city hub (ASSUMPTIONS #5)"
/maid-service-in-hingna-nagpur,,410,"locality page in out-of-footprint city 'nagpur'"
/maid-service-in-hinjewadi-pune,/pune/hinjawadi,301,"maid → locality hub"
/maid-service-in-hinoo-ranchi,,410,"locality page in out-of-footprint city 'ranchi'"
/maid-service-in-hiranandani-estate-thane,,410,"locality page in out-of-footprint city 'thane'"
/maid-service-in-hitec-city-hyderabad,,410,"locality page in out-of-footprint city 'hyderabad'"
/maid-service-in-hootagalli-mysore,,410,"locality page in out-of-footprint city 'mysore'"
/maid-service-in-hoshangabad-road-bhopal,,410,"locality page in out-of-footprint city 'bhopal'"
/maid-service-in-howrah-kolkata,,410,"locality page in out-of-footprint city 'kolkata'"
/maid-service-in-hsr-layout-bangalore,/bangalore/hsr-layout,301,"maid → locality hub"
/maid-service-in-hyderabad,,410,"service-in-city: city 'hyderabad' outside footprint"
/maid-service-in-indira-nagar-lucknow,,410,"locality page in out-of-footprint city 'lucknow'"
/maid-service-in-indira-nagar-nashik,,410,"locality page in out-of-footprint city 'nashik'"
/maid-service-in-indiranagar-bangalore,/bangalore/indiranagar,301,"maid → locality hub"
/maid-service-in-indirapuram-ghaziabad,,410,"locality page in out-of-footprint city 'ghaziabad'"
/maid-service-in-indore,,410,"service-in-city: city 'indore' outside footprint"
/maid-service-in-infocity-bhubaneswar,,410,"locality page in out-of-footprint city 'bhubaneswar'"
/maid-service-in-isanpur-ahmedabad,,410,"locality page in out-of-footprint city 'ahmedabad'"
/maid-service-in-it-park-chandigarh,,410,"locality page in out-of-footprint city 'chandigarh'"
/maid-service-in-jadavpur-kolkata,,410,"locality page in out-of-footprint city 'kolkata'"
/maid-service-in-jagatpura-jaipur,,410,"locality page in out-of-footprint city 'jaipur'"
/maid-service-in-jaipur,,410,"service-in-city: city 'jaipur' outside footprint"
/maid-service-in-jajmau-kanpur,,410,"locality page in out-of-footprint city 'kanpur'"
/maid-service-in-jakhan-dehradun,,410,"locality page in out-of-footprint city 'dehradun'"
/maid-service-in-jamalpur-ludhiana,,410,"locality page in out-of-footprint city 'ludhiana'"
/maid-service-in-janakpuri-delhi,/delhi/janakpuri,301,"maid → locality hub"
/maid-service-in-jankipuram-lucknow,,410,"locality page in out-of-footprint city 'lucknow'"
/maid-service-in-jayalakshmipuram-mysore,,410,"locality page in out-of-footprint city 'mysore'"
/maid-service-in-jayanagar-bangalore,/bangalore/jayanagar,301,"maid → locality hub"
/maid-service-in-jaydev-vihar-bhubaneswar,,410,"locality page in out-of-footprint city 'bhubaneswar'"
/maid-service-in-jaypee-greens-noida,/greater-noida/jaypee-greens,301,"manual locality mapping"
/maid-service-in-jodhpur,,410,"service-in-city: city 'jodhpur' outside footprint"
/maid-service-in-jodhpur-park-kolkata,,410,"locality page in out-of-footprint city 'kolkata'"
/maid-service-in-jodhpur-village-ahmedabad,,410,"locality page in out-of-footprint city 'ahmedabad'"
/maid-service-in-jp-nagar-bangalore,/bangalore/jp-nagar,301,"maid → locality hub"
/maid-service-in-jp-nagar-mysore,,410,"locality page in out-of-footprint city 'mysore'"
/maid-service-in-jubilee-hills-hyderabad,,410,"locality page in out-of-footprint city 'hyderabad'"
/maid-service-in-juhu-mumbai,/mumbai/juhu,301,"maid → locality hub"
/maid-service-in-kabir-chaura-varanasi,,410,"locality page in out-of-footprint city 'varanasi'"
/maid-service-in-kadri-mangalore,/mangalore/kadri,301,"maid → locality hub"
/maid-service-in-kadru-ranchi,,410,"locality page in out-of-footprint city 'ranchi'"
/maid-service-in-kahilipara-guwahati,,410,"locality page in out-of-footprint city 'guwahati'"
/maid-service-in-kaikhali-kolkata,,410,"locality page in out-of-footprint city 'kolkata'"
/maid-service-in-kakadeo-kanpur,,410,"locality page in out-of-footprint city 'kanpur'"
/maid-service-in-kakkanad-kochi,,410,"locality page in out-of-footprint city 'kochi'"
/maid-service-in-kalkaji-delhi,/delhi/kalkaji,301,"maid → locality hub"
/maid-service-in-kaloor-kochi,,410,"locality page in out-of-footprint city 'kochi'"
/maid-service-in-kalyani-nagar-pune,/pune,301,"unmatched locality → city hub (ASSUMPTIONS #5)"
/maid-service-in-kalyanpur-kanpur,,410,"locality page in out-of-footprint city 'kanpur'"
/maid-service-in-kamla-nagar-agra,,410,"locality page in out-of-footprint city 'agra'"
/maid-service-in-kamla-nehru-nagar-jodhpur,,410,"locality page in out-of-footprint city 'jodhpur'"
/maid-service-in-kamothe-navi-mumbai,/mumbai/navi-mumbai,301,"unmatched navi-mumbai locality → zone/service hub"
/maid-service-in-kandivali-mumbai,/mumbai/kandivali-east,301,"maid → locality hub"
/maid-service-in-kankanady-mangalore,/mangalore/kankanady,301,"maid → locality hub"
/maid-service-in-kankarbagh-patna,,410,"locality page in out-of-footprint city 'patna'"
/maid-service-in-kanke-ranchi,,410,"locality page in out-of-footprint city 'ranchi'"
/maid-service-in-kanpur,,410,"service-in-city: city 'kanpur' outside footprint"
/maid-service-in-kanuru-vijayawada,,410,"locality page in out-of-footprint city 'vijayawada'"
/maid-service-in-kasba-kolkata,,410,"locality page in out-of-footprint city 'kolkata'"
/maid-service-in-katargam-surat,,410,"locality page in out-of-footprint city 'surat'"
/maid-service-in-kaushambi-ghaziabad,,410,"locality page in out-of-footprint city 'ghaziabad'"
/maid-service-in-kazhakkoottam-thiruvananthapuram,,410,"locality page in out-of-footprint city 'thiruvananthapuram'"
/maid-service-in-kesavadasapuram-thiruvananthapuram,,410,"locality page in out-of-footprint city 'thiruvananthapuram'"
/maid-service-in-khamla-nagpur,,410,"locality page in out-of-footprint city 'nagpur'"
/maid-service-in-khandagiri-bhubaneswar,,410,"locality page in out-of-footprint city 'bhubaneswar'"
/maid-service-in-khandari-agra,,410,"locality page in out-of-footprint city 'agra'"
/maid-service-in-kharadi-pune,/pune/kharadi,301,"maid → locality hub"
/maid-service-in-kharghar-mumbai,/mumbai,301,"unmatched locality → city hub (ASSUMPTIONS #5)"
/maid-service-in-kharghar-navi-mumbai,/mumbai/navi-mumbai,301,"unmatched navi-mumbai locality → zone/service hub"
/maid-service-in-kidwai-nagar-kanpur,,410,"locality page in out-of-footprint city 'kanpur'"
/maid-service-in-kk-nagar-madurai,,410,"locality page in out-of-footprint city 'madurai'"
/maid-service-in-kochi,,410,"service-in-city: city 'kochi' outside footprint"
/maid-service-in-kolar-road-bhopal,,410,"locality page in out-of-footprint city 'bhopal'"
/maid-service-in-kolkata,,410,"service-in-city: city 'kolkata' outside footprint"
/maid-service-in-kolshet-thane,,410,"locality page in out-of-footprint city 'thane'"
/maid-service-in-kompally-hyderabad,,410,"locality page in out-of-footprint city 'hyderabad'"
/maid-service-in-kondapur-hyderabad,,410,"locality page in out-of-footprint city 'hyderabad'"
/maid-service-in-kondhwa-pune,/pune/kondhwa,301,"maid → locality hub"
/maid-service-in-kopar-khairane-navi-mumbai,/mumbai/navi-mumbai,301,"unmatched navi-mumbai locality → zone/service hub"
/maid-service-in-koramangala-bangalore,/bangalore/koramangala,301,"maid → locality hub"
/maid-service-in-koregaon-park-pune,/pune,301,"unmatched locality → city hub (ASSUMPTIONS #5)"
/maid-service-in-kothrud-pune,/pune/kothrud,301,"maid → locality hub"
/maid-service-in-kottara-mangalore,/mangalore/kottara,301,"maid → locality hub"
/maid-service-in-kovaipudur-coimbatore,,410,"locality page in out-of-footprint city 'coimbatore'"
/maid-service-in-kowdiar-thiruvananthapuram,,410,"locality page in out-of-footprint city 'thiruvananthapuram'"
/maid-service-in-kr-puram-bangalore,/bangalore,301,"unmatched locality → city hub (ASSUMPTIONS #5)"
/maid-service-in-kukatpally-hyderabad,,410,"locality page in out-of-footprint city 'hyderabad'"
/maid-service-in-kuvempunagar-mysore,,410,"locality page in out-of-footprint city 'mysore'"
/maid-service-in-lajpat-nagar-delhi,/delhi/lajpat-nagar,301,"maid → locality hub"
/maid-service-in-lake-town-kolkata,,410,"locality page in out-of-footprint city 'kolkata'"
/maid-service-in-lal-kuan-ghaziabad,,410,"locality page in out-of-footprint city 'ghaziabad'"
/maid-service-in-lalpur-ranchi,,410,"locality page in out-of-footprint city 'ranchi'"
/maid-service-in-lanka-varanasi,,410,"locality page in out-of-footprint city 'varanasi'"
/maid-service-in-lb-nagar-hyderabad,,410,"locality page in out-of-footprint city 'hyderabad'"
/maid-service-in-lower-parel-mumbai,/mumbai/parel,301,"maid → locality hub"
/maid-service-in-lucknow,,410,"service-in-city: city 'lucknow' outside footprint"
/maid-service-in-ludhiana,,410,"service-in-city: city 'ludhiana' outside footprint"
/maid-service-in-madhapur-hyderabad,,410,"locality page in out-of-footprint city 'hyderabad'"
/maid-service-in-madhurawada-visakhapatnam,,410,"locality page in out-of-footprint city 'visakhapatnam'"
/maid-service-in-madurai,,410,"service-in-city: city 'madurai' outside footprint"
/maid-service-in-magarpatta-pune,/pune,301,"unmatched locality → city hub (ASSUMPTIONS #5)"
/maid-service-in-mahanagar-lucknow,,410,"locality page in out-of-footprint city 'lucknow'"
/maid-service-in-mahendru-patna,,410,"locality page in out-of-footprint city 'patna'"
/maid-service-in-mahmoorganj-varanasi,,410,"locality page in out-of-footprint city 'varanasi'"
/maid-service-in-majiwada-thane,,410,"locality page in out-of-footprint city 'thane'"
/maid-service-in-makhmalabad-nashik,,410,"locality page in out-of-footprint city 'nashik'"
/maid-service-in-malad-mumbai,/mumbai/malad-west,301,"maid → locality hub"
/maid-service-in-malibu-town-gurugram,/gurgaon,301,"unmatched locality → city hub (ASSUMPTIONS #5)"
/maid-service-in-malleshwaram-bangalore,/bangalore/malleswaram,301,"maid → locality hub"
/maid-service-in-malviya-nagar-delhi,/delhi/malviya-nagar,301,"maid → locality hub"
/maid-service-in-malviya-nagar-jaipur,,410,"locality page in out-of-footprint city 'jaipur'"
/maid-service-in-mancheswar-bhubaneswar,,410,"locality page in out-of-footprint city 'bhubaneswar'"
/maid-service-in-mandideep-bhopal,,410,"locality page in out-of-footprint city 'bhopal'"
/maid-service-in-mandore-road-jodhpur,,410,"locality page in out-of-footprint city 'jodhpur'"
/maid-service-in-manesar-gurugram,/gurgaon/manesar,301,"maid → locality hub"
/maid-service-in-mangalagiri-vijayawada,,410,"locality page in out-of-footprint city 'vijayawada'"
/maid-service-in-mangalore,/mangalore,301,"service-in-city: umbrella maid → city hub"
/maid-service-in-manikonda-hyderabad,,410,"locality page in out-of-footprint city 'hyderabad'"
/maid-service-in-manimajra-chandigarh,,410,"locality page in out-of-footprint city 'chandigarh'"
/maid-service-in-maninagar-ahmedabad,,410,"locality page in out-of-footprint city 'ahmedabad'"
/maid-service-in-manish-nagar-nagpur,,410,"locality page in out-of-footprint city 'nagpur'"
/maid-service-in-manjalpur-vadodara,,410,"locality page in out-of-footprint city 'vadodara'"
/maid-service-in-manpada-thane,,410,"locality page in out-of-footprint city 'thane'"
/maid-service-in-mansarovar-jaipur,,410,"locality page in out-of-footprint city 'jaipur'"
/maid-service-in-marathahalli-bangalore,/bangalore/marathahalli,301,"maid → locality hub"
/maid-service-in-marine-drive-kochi,,410,"locality page in out-of-footprint city 'kochi'"
/maid-service-in-mattuthavani-madurai,,410,"locality page in out-of-footprint city 'madurai'"
/maid-service-in-mayur-vihar-delhi,/delhi/mayur-vihar,301,"maid → locality hub"
/maid-service-in-medavakkam-chennai,,410,"locality page in out-of-footprint city 'chennai'"
/maid-service-in-medical-college-thiruvananthapuram,,410,"locality page in out-of-footprint city 'thiruvananthapuram'"
/maid-service-in-mewla-maharajpur-faridabad,,410,"locality page in out-of-footprint city 'faridabad'"
/maid-service-in-mg-road-agra,,410,"locality page in out-of-footprint city 'agra'"
/maid-service-in-mg-road-gurugram,/gurgaon,301,"unmatched locality → city hub (ASSUMPTIONS #5)"
/maid-service-in-mira-road-mumbai,/mumbai,301,"unmatched locality → city hub (ASSUMPTIONS #5)"
/maid-service-in-miyapur-hyderabad,,410,"locality page in out-of-footprint city 'hyderabad'"
/maid-service-in-model-town-ludhiana,,410,"locality page in out-of-footprint city 'ludhiana'"
/maid-service-in-moghalrajpuram-vijayawada,,410,"locality page in out-of-footprint city 'vijayawada'"
/maid-service-in-mohali-chandigarh,,410,"locality page in out-of-footprint city 'chandigarh'"
/maid-service-in-mokila-hyderabad,,410,"locality page in out-of-footprint city 'hyderabad'"
/maid-service-in-morabadi-ranchi,,410,"locality page in out-of-footprint city 'ranchi'"
/maid-service-in-motera-ahmedabad,,410,"locality page in out-of-footprint city 'ahmedabad'"
/maid-service-in-mowa-raipur,,410,"locality page in out-of-footprint city 'raipur'"
/maid-service-in-mp-nagar-bhopal,,410,"locality page in out-of-footprint city 'bhopal'"
/maid-service-in-mulund-mumbai,/mumbai/mulund,301,"maid → locality hub"
/maid-service-in-mumbai,/mumbai,301,"service-in-city: umbrella maid → city hub"
/maid-service-in-mussoorie-road-dehradun,,410,"locality page in out-of-footprint city 'dehradun'"
/maid-service-in-mvp-colony-visakhapatnam,,410,"locality page in out-of-footprint city 'visakhapatnam'"
/maid-service-in-mylapore-chennai,,410,"locality page in out-of-footprint city 'chennai'"
/maid-service-in-mysore,,410,"service-in-city: city 'mysore' outside footprint"
/maid-service-in-nad-junction-visakhapatnam,,410,"locality page in out-of-footprint city 'visakhapatnam'"
/maid-service-in-nagpur,,410,"service-in-city: city 'nagpur' outside footprint"
/maid-service-in-nallagandla-hyderabad,,410,"locality page in out-of-footprint city 'hyderabad'"
/maid-service-in-naranpura-ahmedabad,,410,"locality page in out-of-footprint city 'ahmedabad'"
/maid-service-in-nashik,,410,"service-in-city: city 'nashik' outside footprint"
/maid-service-in-nashik-road-nashik,,410,"locality page in out-of-footprint city 'nashik'"
/maid-service-in-naupada-thane,,410,"locality page in out-of-footprint city 'thane'"
/maid-service-in-navi-mumbai,/mumbai,301,"service-in-city: umbrella maid → city hub"
/maid-service-in-navrangpura-ahmedabad,,410,"locality page in out-of-footprint city 'ahmedabad'"
/maid-service-in-nayapalli-bhubaneswar,,410,"locality page in out-of-footprint city 'bhubaneswar'"
/maid-service-in-neharpar-faridabad,,410,"locality page in out-of-footprint city 'faridabad'"
/maid-service-in-nehru-colony-dehradun,,410,"locality page in out-of-footprint city 'dehradun'"
/maid-service-in-nehru-place-delhi,/delhi,301,"unmatched locality → city hub (ASSUMPTIONS #5)"
/maid-service-in-nerul-navi-mumbai,/mumbai/nerul,301,"maid → locality hub"
/maid-service-in-new-town-kolkata,,410,"locality page in out-of-footprint city 'kolkata'"
/maid-service-in-nh-24-ghaziabad,,410,"locality page in out-of-footprint city 'ghaziabad'"
/maid-service-in-nibm-pune,/pune/nibm,301,"maid → locality hub"
/maid-service-in-nipania-indore,,410,"locality page in out-of-footprint city 'indore'"
/maid-service-in-nirvana-country-gurugram,/gurgaon,301,"unmatched locality → city hub (ASSUMPTIONS #5)"
/maid-service-in-nit-faridabad-faridabad,,410,"locality page in out-of-footprint city 'faridabad'"
/maid-service-in-niti-khand-ghaziabad,,410,"locality page in out-of-footprint city 'ghaziabad'"
/maid-service-in-noida,/noida,301,"service-in-city: umbrella maid → city hub"
/maid-service-in-nungambakkam-chennai,,410,"locality page in out-of-footprint city 'chennai'"
/maid-service-in-omr-chennai,,410,"locality page in out-of-footprint city 'chennai'"
/maid-service-in-pakhowal-road-ludhiana,,410,"locality page in out-of-footprint city 'ludhiana'"
/maid-service-in-pal-road-jodhpur,,410,"locality page in out-of-footprint city 'jodhpur'"
/maid-service-in-pal-surat,,410,"locality page in out-of-footprint city 'surat'"
/maid-service-in-palam-vihar-gurugram,/gurgaon,301,"unmatched locality → city hub (ASSUMPTIONS #5)"
/maid-service-in-palanganatham-madurai,,410,"locality page in out-of-footprint city 'madurai'"
/maid-service-in-palarivattom-kochi,,410,"locality page in out-of-footprint city 'kochi'"
/maid-service-in-palasia-indore,,410,"locality page in out-of-footprint city 'indore'"
/maid-service-in-paldi-ahmedabad,,410,"locality page in out-of-footprint city 'ahmedabad'"
/maid-service-in-pallavaram-chennai,,410,"locality page in out-of-footprint city 'chennai'"
/maid-service-in-paltan-bazaar-guwahati,,410,"locality page in out-of-footprint city 'guwahati'"
/maid-service-in-panchavati-nashik,,410,"locality page in out-of-footprint city 'nashik'"
/maid-service-in-panchkula-chandigarh,,410,"locality page in out-of-footprint city 'chandigarh'"
/maid-service-in-pandeypur-varanasi,,410,"locality page in out-of-footprint city 'varanasi'"
/maid-service-in-panvel-navi-mumbai,/mumbai/navi-mumbai,301,"unmatched navi-mumbai locality → zone/service hub"
/maid-service-in-paota-jodhpur,,410,"locality page in out-of-footprint city 'jodhpur'"
/maid-service-in-pari-chowk-noida,/greater-noida/pari-chowk,301,"manual locality mapping"
/maid-service-in-park-street-kolkata,,410,"locality page in out-of-footprint city 'kolkata'"
/maid-service-in-paschim-vihar-delhi,/delhi/paschim-vihar,301,"maid → locality hub"
/maid-service-in-pashan-pune,/pune/pashan,301,"maid → locality hub"
/maid-service-in-pathardi-nashik,,410,"locality page in out-of-footprint city 'nashik'"
/maid-service-in-patia-bhubaneswar,,410,"locality page in out-of-footprint city 'bhubaneswar'"
/maid-service-in-patliputra-colony-patna,,410,"locality page in out-of-footprint city 'patna'"
/maid-service-in-patna,,410,"service-in-city: city 'patna' outside footprint"
/maid-service-in-pattom-thiruvananthapuram,,410,"locality page in out-of-footprint city 'thiruvananthapuram'"
/maid-service-in-peelamedu-coimbatore,,410,"locality page in out-of-footprint city 'coimbatore'"
/maid-service-in-pendurthi-visakhapatnam,,410,"locality page in out-of-footprint city 'visakhapatnam'"
/maid-service-in-perungudi-chennai,,410,"locality page in out-of-footprint city 'chennai'"
/maid-service-in-pimpri-chinchwad-pune,/pune/pcmc,301,"manual zone mapping"
/maid-service-in-piplod-surat,,410,"locality page in out-of-footprint city 'surat'"
/maid-service-in-pitampura-delhi,/delhi/pitampura,301,"maid → locality hub"
/maid-service-in-pokhran-road-thane,,410,"locality page in out-of-footprint city 'thane'"
/maid-service-in-poranki-vijayawada,,410,"locality page in out-of-footprint city 'vijayawada'"
/maid-service-in-porur-chennai,,410,"locality page in out-of-footprint city 'chennai'"
/maid-service-in-powai-mumbai,/mumbai/powai,301,"maid → locality hub"
/maid-service-in-prahlad-nagar-ahmedabad,,410,"locality page in out-of-footprint city 'ahmedabad'"
/maid-service-in-pratap-nagar-jaipur,,410,"locality page in out-of-footprint city 'jaipur'"
/maid-service-in-pratap-nagar-nagpur,,410,"locality page in out-of-footprint city 'nagpur'"
/maid-service-in-pune,/pune,301,"service-in-city: umbrella maid → city hub"
/maid-service-in-race-course-coimbatore,,410,"locality page in out-of-footprint city 'coimbatore'"
/maid-service-in-race-course-dehradun,,410,"locality page in out-of-footprint city 'dehradun'"
/maid-service-in-race-course-vadodara,,410,"locality page in out-of-footprint city 'vadodara'"
/maid-service-in-raipur,,410,"service-in-city: city 'raipur' outside footprint"
/maid-service-in-raj-nagar-extension-ghaziabad,,410,"locality page in out-of-footprint city 'ghaziabad'"
/maid-service-in-raja-mandi-agra,,410,"locality page in out-of-footprint city 'agra'"
/maid-service-in-raja-park-jaipur,,410,"locality page in out-of-footprint city 'jaipur'"
/maid-service-in-rajajinagar-bangalore,/bangalore/rajajinagar,301,"maid → locality hub"
/maid-service-in-rajarhat-kolkata,,410,"locality page in out-of-footprint city 'kolkata'"
/maid-service-in-rajendra-nagar-patna,,410,"locality page in out-of-footprint city 'patna'"
/maid-service-in-rajguru-nagar-ludhiana,,410,"locality page in out-of-footprint city 'ludhiana'"
/maid-service-in-rajouri-garden-delhi,/delhi/rajouri-garden,301,"maid → locality hub"
/maid-service-in-rajpur-road-dehradun,,410,"locality page in out-of-footprint city 'dehradun'"
/maid-service-in-ranchi,,410,"service-in-city: city 'ranchi' outside footprint"
/maid-service-in-ratanada-jodhpur,,410,"locality page in out-of-footprint city 'jodhpur'"
/maid-service-in-ratu-road-ranchi,,410,"locality page in out-of-footprint city 'ranchi'"
/maid-service-in-rau-indore,,410,"locality page in out-of-footprint city 'indore'"
/maid-service-in-rawatpur-kanpur,,410,"locality page in out-of-footprint city 'kanpur'"
/maid-service-in-rohini-delhi,/delhi/rohini,301,"maid → locality hub"
/maid-service-in-rs-puram-coimbatore,,410,"locality page in out-of-footprint city 'coimbatore'"
/maid-service-in-rushikonda-visakhapatnam,,410,"locality page in out-of-footprint city 'visakhapatnam'"
/maid-service-in-sadar-nagpur,,410,"locality page in out-of-footprint city 'nagpur'"
/maid-service-in-saguna-more-patna,,410,"locality page in out-of-footprint city 'patna'"
/maid-service-in-saheed-nagar-bhubaneswar,,410,"locality page in out-of-footprint city 'bhubaneswar'"
/maid-service-in-sahibabad-ghaziabad,,410,"locality page in out-of-footprint city 'ghaziabad'"
/maid-service-in-saket-delhi,/delhi/saket,301,"maid → locality hub"
/maid-service-in-salt-lake-kolkata,,410,"locality page in out-of-footprint city 'kolkata'"
/maid-service-in-sama-vadodara,,410,"locality page in out-of-footprint city 'vadodara'"
/maid-service-in-sanpada-navi-mumbai,/mumbai/sanpada,301,"maid → locality hub"
/maid-service-in-sapna-sangeeta-indore,,410,"locality page in out-of-footprint city 'indore'"
/maid-service-in-sarabha-nagar-ludhiana,,410,"locality page in out-of-footprint city 'ludhiana'"
/maid-service-in-saraswathipuram-mysore,,410,"locality page in out-of-footprint city 'mysore'"
/maid-service-in-saravanampatti-coimbatore,,410,"locality page in out-of-footprint city 'coimbatore'"
/maid-service-in-sardarpura-jodhpur,,410,"locality page in out-of-footprint city 'jodhpur'"
/maid-service-in-sarjapur-road-bangalore,/bangalore/sarjapur-road,301,"maid → locality hub"
/maid-service-in-sarnath-varanasi,,410,"locality page in out-of-footprint city 'varanasi'"
/maid-service-in-sasthamangalam-thiruvananthapuram,,410,"locality page in out-of-footprint city 'thiruvananthapuram'"
/maid-service-in-satellite-ahmedabad,,410,"locality page in out-of-footprint city 'ahmedabad'"
/maid-service-in-satpur-nashik,,410,"locality page in out-of-footprint city 'nashik'"
/maid-service-in-scheme-78-indore,,410,"locality page in out-of-footprint city 'indore'"
/maid-service-in-sealdah-kolkata,,410,"locality page in out-of-footprint city 'kolkata'"
/maid-service-in-seawoods-navi-mumbai,/mumbai/navi-mumbai,301,"unmatched navi-mumbai locality → zone/service hub"
/maid-service-in-sector-100-noida,/noida/sector-100,301,"maid → locality hub"
/maid-service-in-sector-120-122-noida,/noida,301,"unmatched locality → city hub (ASSUMPTIONS #5)"
/maid-service-in-sector-128-134-noida,/noida/noida-expressway,301,"manual zone mapping"
/maid-service-in-sector-137-noida,/noida/sector-137,301,"maid → locality hub"
/maid-service-in-sector-15-21-faridabad,,410,"locality page in out-of-footprint city 'faridabad'"
/maid-service-in-sector-15-chandigarh,,410,"locality page in out-of-footprint city 'chandigarh'"
/maid-service-in-sector-15-gurugram,/gurgaon,301,"unmatched locality → city hub (ASSUMPTIONS #5)"
/maid-service-in-sector-150-noida,/noida/sector-150,301,"maid → locality hub"
/maid-service-in-sector-17-chandigarh,,410,"locality page in out-of-footprint city 'chandigarh'"
/maid-service-in-sector-18-noida,/noida/sector-18,301,"maid → locality hub"
/maid-service-in-sector-22-chandigarh,,410,"locality page in out-of-footprint city 'chandigarh'"
/maid-service-in-sector-28-30-faridabad,,410,"locality page in out-of-footprint city 'faridabad'"
/maid-service-in-sector-32-noida,/noida,301,"unmatched locality → city hub (ASSUMPTIONS #5)"
/maid-service-in-sector-35-chandigarh,,410,"locality page in out-of-footprint city 'chandigarh'"
/maid-service-in-sector-37-faridabad,,410,"locality page in out-of-footprint city 'faridabad'"
/maid-service-in-sector-37-noida,/noida/sector-37,301,"maid → locality hub"
/maid-service-in-sector-43-chandigarh,,410,"locality page in out-of-footprint city 'chandigarh'"
/maid-service-in-sector-44-chandigarh,,410,"locality page in out-of-footprint city 'chandigarh'"
/maid-service-in-sector-44-noida,/noida/sector-44,301,"maid → locality hub"
/maid-service-in-sector-45-48-gurugram,/gurgaon/sector-45,301,"manual locality mapping"
/maid-service-in-sector-49-gurugram,/gurgaon/sector-49,301,"maid → locality hub"
/maid-service-in-sector-50-noida,/noida/sector-50,301,"maid → locality hub"
/maid-service-in-sector-56-57-gurugram,/gurgaon/sector-56,301,"manual locality mapping"
/maid-service-in-sector-62-noida,/noida/sector-62,301,"maid → locality hub"
/maid-service-in-sector-67-70-gurugram,/gurgaon/sector-67,301,"manual locality mapping"
/maid-service-in-sector-75-76-noida,/noida/sector-75,301,"manual locality mapping"
/maid-service-in-sector-78-noida,/noida/sector-78,301,"maid → locality hub"
/maid-service-in-sector-8-11-chandigarh,,410,"locality page in out-of-footprint city 'chandigarh'"
/maid-service-in-sector-81-89-faridabad,,410,"locality page in out-of-footprint city 'faridabad'"
/maid-service-in-sector-82-84-gurugram,/gurgaon/sector-82,301,"manual locality mapping"
/maid-service-in-sector-93-96-noida,/noida/sector-93,301,"manual locality mapping"
/maid-service-in-secunderabad-hyderabad,,410,"locality page in out-of-footprint city 'hyderabad'"
/maid-service-in-seethammadhara-visakhapatnam,,410,"locality page in out-of-footprint city 'visakhapatnam'"
/maid-service-in-seminary-hills-nagpur,,410,"locality page in out-of-footprint city 'nagpur'"
/maid-service-in-sg-highway-ahmedabad,,410,"locality page in out-of-footprint city 'ahmedabad'"
/maid-service-in-shahganj-agra,,410,"locality page in out-of-footprint city 'agra'"
/maid-service-in-shahibaug-ahmedabad,,410,"locality page in out-of-footprint city 'ahmedabad'"
/maid-service-in-shahpura-bhopal,,410,"locality page in out-of-footprint city 'bhopal'"
/maid-service-in-shakti-khand-ghaziabad,,410,"locality page in out-of-footprint city 'ghaziabad'"
/maid-service-in-shalimar-garden-ghaziabad,,410,"locality page in out-of-footprint city 'ghaziabad'"
/maid-service-in-shamshabad-hyderabad,,410,"locality page in out-of-footprint city 'hyderabad'"
/maid-service-in-shankar-nagar-raipur,,410,"locality page in out-of-footprint city 'raipur'"
/maid-service-in-shastri-nagar-jodhpur,,410,"locality page in out-of-footprint city 'jodhpur'"
/maid-service-in-shivaji-nagar-pune,/pune/shivajinagar,301,"manual locality mapping"
/maid-service-in-shivpur-varanasi,,410,"locality page in out-of-footprint city 'varanasi'"
/maid-service-in-sholinganallur-chennai,,410,"locality page in out-of-footprint city 'chennai'"
/maid-service-in-shyam-nagar-kanpur,,410,"locality page in out-of-footprint city 'kanpur'"
/maid-service-in-sigra-varanasi,,410,"locality page in out-of-footprint city 'varanasi'"
/maid-service-in-sikandra-agra,,410,"locality page in out-of-footprint city 'agra'"
/maid-service-in-singanallur-coimbatore,,410,"locality page in out-of-footprint city 'coimbatore'"
/maid-service-in-sinhagad-road-pune,/pune,301,"unmatched locality → city hub (ASSUMPTIONS #5)"
/maid-service-in-sodala-jaipur,,410,"locality page in out-of-footprint city 'jaipur'"
/maid-service-in-sohna-road-gurugram,/gurgaon/sohna-road,301,"maid → locality hub"
/maid-service-in-south-bopal-ahmedabad,,410,"locality page in out-of-footprint city 'ahmedabad'"
/maid-service-in-south-city-gurugram,/gurgaon/south-city-1,301,"manual locality mapping"
/maid-service-in-south-delhi-delhi,/delhi/south-delhi,301,"maid → zone hub"
/maid-service-in-south-tukoganj-indore,,410,"locality page in out-of-footprint city 'indore'"
/maid-service-in-ss-colony-madurai,,410,"locality page in out-of-footprint city 'madurai'"
/maid-service-in-super-corridor-indore,,410,"locality page in out-of-footprint city 'indore'"
/maid-service-in-surajkund-faridabad,,410,"locality page in out-of-footprint city 'faridabad'"
/maid-service-in-surat,,410,"service-in-city: city 'surat' outside footprint"
/maid-service-in-surathkal-mangalore,/mangalore/surathkal,301,"maid → locality hub"
/maid-service-in-sushant-lok-gurugram,/gurgaon,301,"unmatched locality → city hub (ASSUMPTIONS #5)"
/maid-service-in-swaroop-nagar-kanpur,,410,"locality page in out-of-footprint city 'kanpur'"
/maid-service-in-t-nagar-chennai,,410,"locality page in out-of-footprint city 'chennai'"
/maid-service-in-tadepalli-vijayawada,,410,"locality page in out-of-footprint city 'vijayawada'"
/maid-service-in-tajganj-agra,,410,"locality page in out-of-footprint city 'agra'"
/maid-service-in-tallakulam-madurai,,410,"locality page in out-of-footprint city 'madurai'"
/maid-service-in-tambaram-chennai,,410,"locality page in out-of-footprint city 'chennai'"
/maid-service-in-tatibandh-raipur,,410,"locality page in out-of-footprint city 'raipur'"
/maid-service-in-technopark-thiruvananthapuram,,410,"locality page in out-of-footprint city 'thiruvananthapuram'"
/maid-service-in-telibandha-raipur,,410,"locality page in out-of-footprint city 'raipur'"
/maid-service-in-teppakulam-madurai,,410,"locality page in out-of-footprint city 'madurai'"
/maid-service-in-thaltej-ahmedabad,,410,"locality page in out-of-footprint city 'ahmedabad'"
/maid-service-in-thane,,410,"service-in-city: city 'thane' outside footprint"
/maid-service-in-thane-west-mumbai,/mumbai,301,"unmatched locality → city hub (ASSUMPTIONS #5)"
/maid-service-in-thirunagar-madurai,,410,"locality page in out-of-footprint city 'madurai'"
/maid-service-in-thiruvananthapuram,,410,"service-in-city: city 'thiruvananthapuram' outside footprint"
/maid-service-in-thiruvanmiyur-chennai,,410,"locality page in out-of-footprint city 'chennai'"
/maid-service-in-thudiyalur-coimbatore,,410,"locality page in out-of-footprint city 'coimbatore'"
/maid-service-in-thycaud-thiruvananthapuram,,410,"locality page in out-of-footprint city 'thiruvananthapuram'"
/maid-service-in-tollygunge-kolkata,,410,"locality page in out-of-footprint city 'kolkata'"
/maid-service-in-tonk-road-jaipur,,410,"locality page in out-of-footprint city 'jaipur'"
/maid-service-in-tripunithura-kochi,,410,"locality page in out-of-footprint city 'kochi'"
/maid-service-in-tt-nagar-bhopal,,410,"locality page in out-of-footprint city 'bhopal'"
/maid-service-in-udyog-vihar-gurugram,/gurgaon,301,"unmatched locality → city hub (ASSUMPTIONS #5)"
/maid-service-in-ultadanga-kolkata,,410,"locality page in out-of-footprint city 'kolkata'"
/maid-service-in-undri-pune,/pune,301,"unmatched locality → city hub (ASSUMPTIONS #5)"
/maid-service-in-unit-1-9-bhubaneswar,,410,"locality page in out-of-footprint city 'bhubaneswar'"
/maid-service-in-uppal-hyderabad,,410,"locality page in out-of-footprint city 'hyderabad'"
/maid-service-in-vadavalli-coimbatore,,410,"locality page in out-of-footprint city 'coimbatore'"
/maid-service-in-vadodara,,410,"service-in-city: city 'vadodara' outside footprint"
/maid-service-in-vaishali-ghaziabad,,410,"locality page in out-of-footprint city 'ghaziabad'"
/maid-service-in-vaishali-nagar-jaipur,,410,"locality page in out-of-footprint city 'jaipur'"
/maid-service-in-varachha-surat,,410,"locality page in out-of-footprint city 'surat'"
/maid-service-in-varanasi,,410,"service-in-city: city 'varanasi' outside footprint"
/maid-service-in-vartak-nagar-thane,,410,"locality page in out-of-footprint city 'thane'"
/maid-service-in-vasant-kunj-delhi,/delhi/vasant-kunj,301,"maid → locality hub"
/maid-service-in-vasant-vihar-dehradun,,410,"locality page in out-of-footprint city 'dehradun'"
/maid-service-in-vasant-vihar-delhi,/delhi/vasant-vihar,301,"maid → locality hub"
/maid-service-in-vashi-mumbai,/mumbai/vashi,301,"maid → locality hub"
/maid-service-in-vashi-navi-mumbai,/mumbai/vashi,301,"maid → locality hub"
/maid-service-in-vasna-vadodara,,410,"locality page in out-of-footprint city 'vadodara'"
/maid-service-in-vastrapur-ahmedabad,,410,"locality page in out-of-footprint city 'ahmedabad'"
/maid-service-in-vasundhara-ghaziabad,,410,"locality page in out-of-footprint city 'ghaziabad'"
/maid-service-in-vatika-city-gurugram,/gurgaon,301,"unmatched locality → city hub (ASSUMPTIONS #5)"
/maid-service-in-vazhuthacaud-thiruvananthapuram,,410,"locality page in out-of-footprint city 'thiruvananthapuram'"
/maid-service-in-velachery-chennai,,410,"locality page in out-of-footprint city 'chennai'"
/maid-service-in-vellayambalam-thiruvananthapuram,,410,"locality page in out-of-footprint city 'thiruvananthapuram'"
/maid-service-in-vesu-surat,,410,"locality page in out-of-footprint city 'surat'"
/maid-service-in-vidhyadhar-nagar-jaipur,,410,"locality page in out-of-footprint city 'jaipur'"
/maid-service-in-vijay-nagar-indore,,410,"locality page in out-of-footprint city 'indore'"
/maid-service-in-vijayanagar-mysore,,410,"locality page in out-of-footprint city 'mysore'"
/maid-service-in-vijayawada,,410,"service-in-city: city 'vijayawada' outside footprint"
/maid-service-in-vikas-nagar-lucknow,,410,"locality page in out-of-footprint city 'lucknow'"
/maid-service-in-vikhroli-mumbai,/mumbai/vikhroli,301,"maid → locality hub"
/maid-service-in-villapuram-madurai,,410,"locality page in out-of-footprint city 'madurai'"
/maid-service-in-viman-nagar-pune,/pune/viman-nagar,301,"maid → locality hub"
/maid-service-in-vip-road-raipur,,410,"locality page in out-of-footprint city 'raipur'"
/maid-service-in-visakhapatnam,,410,"service-in-city: city 'visakhapatnam' outside footprint"
/maid-service-in-vyttila-kochi,,410,"locality page in out-of-footprint city 'kochi'"
/maid-service-in-wadi-nagpur,,410,"locality page in out-of-footprint city 'nagpur'"
/maid-service-in-waghodia-road-vadodara,,410,"locality page in out-of-footprint city 'vadodara'"
/maid-service-in-wagle-estate-thane,,410,"locality page in out-of-footprint city 'thane'"
/maid-service-in-wakad-pune,/pune/wakad,301,"maid → locality hub"
/maid-service-in-waltair-visakhapatnam,,410,"locality page in out-of-footprint city 'visakhapatnam'"
/maid-service-in-wardhaman-nagar-nagpur,,410,"locality page in out-of-footprint city 'nagpur'"
/maid-service-in-warje-pune,/pune/warje,301,"maid → locality hub"
/maid-service-in-wave-city-ghaziabad,,410,"locality page in out-of-footprint city 'ghaziabad'"
/maid-service-in-whitefield-bangalore,/bangalore/whitefield,301,"maid → locality hub"
/maid-service-in-worli-mumbai,/mumbai/worli,301,"maid → locality hub"
/maid-service-in-yelahanka-bangalore,/bangalore,301,"unmatched locality → city hub (ASSUMPTIONS #5)"
/maid-service-in-zirakpur-chandigarh,,410,"locality page in out-of-footprint city 'chandigarh'"
/maid-service-in-zoo-road-guwahati,,410,"locality page in out-of-footprint city 'guwahati'"
/maid-vs-cook-which-to-hire,/blog/maid-vs-cook-which-to-hire,301,"comparison/guide → blog"
/nanny-service,/services/babysitter-nanny,301,"service hub"
/nanny-service-in-aashiyana-lucknow,,410,"locality page in out-of-footprint city 'lucknow'"
/nanny-service-in-ab-road-indore,,410,"locality page in out-of-footprint city 'indore'"
/nanny-service-in-adajan-surat,,410,"locality page in out-of-footprint city 'surat'"
/nanny-service-in-adyar-chennai,,410,"locality page in out-of-footprint city 'chennai'"
/nanny-service-in-agra,,410,"service-in-city: city 'agra' outside footprint"
/nanny-service-in-ahinsa-khand-ghaziabad,,410,"locality page in out-of-footprint city 'ghaziabad'"
/nanny-service-in-ahmedabad,,410,"service-in-city: city 'ahmedabad' outside footprint"
/nanny-service-in-airoli-navi-mumbai,/mumbai/airoli/babysitter-nanny,301,"service×locality"
/nanny-service-in-akota-vadodara,,410,"locality page in out-of-footprint city 'vadodara'"
/nanny-service-in-alambagh-lucknow,,410,"locality page in out-of-footprint city 'lucknow'"
/nanny-service-in-aliganj-lucknow,,410,"locality page in out-of-footprint city 'lucknow'"
/nanny-service-in-alipore-kolkata,,410,"locality page in out-of-footprint city 'kolkata'"
/nanny-service-in-alkapuri-vadodara,,410,"locality page in out-of-footprint city 'vadodara'"
/nanny-service-in-althan-surat,,410,"locality page in out-of-footprint city 'surat'"
/nanny-service-in-aluva-kochi,,410,"locality page in out-of-footprint city 'kochi'"
/nanny-service-in-amanaka-raipur,,410,"locality page in out-of-footprint city 'raipur'"
/nanny-service-in-ambattur-chennai,,410,"locality page in out-of-footprint city 'chennai'"
/nanny-service-in-ambawadi-ahmedabad,,410,"locality page in out-of-footprint city 'ahmedabad'"
/nanny-service-in-ameerpet-hyderabad,,410,"locality page in out-of-footprint city 'hyderabad'"
/nanny-service-in-amity-area-noida,/services/babysitter-nanny/noida,301,"unmatched locality → service×city (ASSUMPTIONS #5)"
/nanny-service-in-andheri-mumbai,/mumbai/andheri/babysitter-nanny,301,"service×locality"
/nanny-service-in-anisabad-patna,,410,"locality page in out-of-footprint city 'patna'"
/nanny-service-in-anna-nagar-chennai,,410,"locality page in out-of-footprint city 'chennai'"
/nanny-service-in-anna-nagar-madurai,,410,"locality page in out-of-footprint city 'madurai'"
/nanny-service-in-arapalayam-madurai,,410,"locality page in out-of-footprint city 'madurai'"
/nanny-service-in-arera-colony-bhopal,,410,"locality page in out-of-footprint city 'bhopal'"
/nanny-service-in-ashok-nagar-ranchi,,410,"locality page in out-of-footprint city 'ranchi'"
/nanny-service-in-athwa-surat,,410,"locality page in out-of-footprint city 'surat'"
/nanny-service-in-attapur-hyderabad,,410,"locality page in out-of-footprint city 'hyderabad'"
/nanny-service-in-attavar-mangalore,/mangalore/attavar/babysitter-nanny,301,"service×locality"
/nanny-service-in-aundh-pune,/pune/aundh/babysitter-nanny,301,"service×locality"
/nanny-service-in-auto-nagar-vijayawada,,410,"locality page in out-of-footprint city 'vijayawada'"
/nanny-service-in-avadi-chennai,,410,"locality page in out-of-footprint city 'chennai'"
/nanny-service-in-bailey-road-patna,,410,"locality page in out-of-footprint city 'patna'"
/nanny-service-in-bairagarh-bhopal,,410,"locality page in out-of-footprint city 'bhopal'"
/nanny-service-in-balkum-thane,,410,"locality page in out-of-footprint city 'thane'"
/nanny-service-in-ballabgarh-faridabad,,410,"locality page in out-of-footprint city 'faridabad'"
/nanny-service-in-ballupur-dehradun,,410,"locality page in out-of-footprint city 'dehradun'"
/nanny-service-in-ballygunge-kolkata,,410,"locality page in out-of-footprint city 'kolkata'"
/nanny-service-in-banashankari-bangalore,/bangalore/banashankari/babysitter-nanny,301,"service×locality"
/nanny-service-in-bandra-mumbai,/mumbai/bandra-west/babysitter-nanny,301,"service×locality"
/nanny-service-in-baner-pune,/pune/baner/babysitter-nanny,301,"service×locality"
/nanny-service-in-bangalore,/services/babysitter-nanny/bangalore,301,"service-in-city: service×city"
/nanny-service-in-bani-park-jaipur,,410,"locality page in out-of-footprint city 'jaipur'"
/nanny-service-in-banjara-hills-hyderabad,,410,"locality page in out-of-footprint city 'hyderabad'"
/nanny-service-in-bannerghatta-road-bangalore,/bangalore/bannerghatta-road/babysitter-nanny,301,"service×locality"
/nanny-service-in-bapuji-nagar-bhubaneswar,,410,"locality page in out-of-footprint city 'bhubaneswar'"
/nanny-service-in-baranagar-kolkata,,410,"locality page in out-of-footprint city 'kolkata'"
/nanny-service-in-bariatu-ranchi,,410,"locality page in out-of-footprint city 'ranchi'"
/nanny-service-in-basavanagudi-bangalore,/bangalore/basavanagudi/babysitter-nanny,301,"service×locality"
/nanny-service-in-basistha-guwahati,,410,"locality page in out-of-footprint city 'guwahati'"
/nanny-service-in-basni-jodhpur,,410,"locality page in out-of-footprint city 'jodhpur'"
/nanny-service-in-bavdhan-pune,/pune/bavdhan/babysitter-nanny,301,"service×locality"
/nanny-service-in-begumpet-hyderabad,,410,"locality page in out-of-footprint city 'hyderabad'"
/nanny-service-in-behala-kolkata,,410,"locality page in out-of-footprint city 'kolkata'"
/nanny-service-in-bejai-mangalore,/mangalore/bejai/babysitter-nanny,301,"service×locality"
/nanny-service-in-belapur-navi-mumbai,/services/babysitter-nanny/mumbai,301,"unmatched navi-mumbai locality → zone/service hub"
/nanny-service-in-bellandur-bangalore,/bangalore/bellandur/babysitter-nanny,301,"service×locality"
/nanny-service-in-beltola-guwahati,,410,"locality page in out-of-footprint city 'guwahati'"
/nanny-service-in-bendoorwell-mangalore,/services/babysitter-nanny/mangalore,301,"unmatched locality → service×city (ASSUMPTIONS #5)"
/nanny-service-in-benz-circle-vijayawada,,410,"locality page in out-of-footprint city 'vijayawada'"
/nanny-service-in-besant-nagar-chennai,,410,"locality page in out-of-footprint city 'chennai'"
/nanny-service-in-bhawarkua-indore,,410,"locality page in out-of-footprint city 'indore'"
/nanny-service-in-bhel-bhopal,,410,"locality page in out-of-footprint city 'bhopal'"
/nanny-service-in-bhelupur-varanasi,,410,"locality page in out-of-footprint city 'varanasi'"
/nanny-service-in-bhopal,,410,"service-in-city: city 'bhopal' outside footprint"
/nanny-service-in-bhubaneswar,,410,"service-in-city: city 'bhubaneswar' outside footprint"
/nanny-service-in-bodakdev-ahmedabad,,410,"locality page in out-of-footprint city 'ahmedabad'"
/nanny-service-in-bogadi-mysore,,410,"locality page in out-of-footprint city 'mysore'"
/nanny-service-in-bopal-ahmedabad,,410,"locality page in out-of-footprint city 'ahmedabad'"
/nanny-service-in-boring-road-patna,,410,"locality page in out-of-footprint city 'patna'"
/nanny-service-in-borivali-mumbai,/services/babysitter-nanny/mumbai,301,"unmatched locality → service×city (ASSUMPTIONS #5)"
/nanny-service-in-bptp-faridabad,,410,"locality page in out-of-footprint city 'faridabad'"
/nanny-service-in-brs-nagar-ludhiana,,410,"locality page in out-of-footprint city 'ludhiana'"
/nanny-service-in-btm-layout-bangalore,/services/babysitter-nanny/bangalore,301,"unmatched locality → service×city (ASSUMPTIONS #5)"
/nanny-service-in-c-scheme-jaipur,,410,"locality page in out-of-footprint city 'jaipur'"
/nanny-service-in-cantt-area-varanasi,,410,"locality page in out-of-footprint city 'varanasi'"
/nanny-service-in-chandigarh,,410,"service-in-city: city 'chandigarh' outside footprint"
/nanny-service-in-chandkheda-ahmedabad,,410,"locality page in out-of-footprint city 'ahmedabad'"
/nanny-service-in-chandmari-guwahati,,410,"locality page in out-of-footprint city 'guwahati'"
/nanny-service-in-chandrasekharpur-bhubaneswar,,410,"locality page in out-of-footprint city 'bhubaneswar'"
/nanny-service-in-chembur-mumbai,/mumbai/chembur/babysitter-nanny,301,"service×locality"
/nanny-service-in-chennai,,410,"service-in-city: city 'chennai' outside footprint"
/nanny-service-in-chinhat-lucknow,,410,"locality page in out-of-footprint city 'lucknow'"
/nanny-service-in-chopasni-housing-board-jodhpur,,410,"locality page in out-of-footprint city 'jodhpur'"
/nanny-service-in-chromepet-chennai,,410,"locality page in out-of-footprint city 'chennai'"
/nanny-service-in-cidco-nashik,,410,"locality page in out-of-footprint city 'nashik'"
/nanny-service-in-circuit-house-area-jodhpur,,410,"locality page in out-of-footprint city 'jodhpur'"
/nanny-service-in-city-light-surat,,410,"locality page in out-of-footprint city 'surat'"
/nanny-service-in-civil-lines-agra,,410,"locality page in out-of-footprint city 'agra'"
/nanny-service-in-civil-lines-jaipur,,410,"locality page in out-of-footprint city 'jaipur'"
/nanny-service-in-civil-lines-kanpur,,410,"locality page in out-of-footprint city 'kanpur'"
/nanny-service-in-civil-lines-ludhiana,,410,"locality page in out-of-footprint city 'ludhiana'"
/nanny-service-in-civil-lines-nagpur,,410,"locality page in out-of-footprint city 'nagpur'"
/nanny-service-in-civil-lines-raipur,,410,"locality page in out-of-footprint city 'raipur'"
/nanny-service-in-clement-town-dehradun,,410,"locality page in out-of-footprint city 'dehradun'"
/nanny-service-in-coimbatore,,410,"service-in-city: city 'coimbatore' outside footprint"
/nanny-service-in-colaba-mumbai,/mumbai/colaba/babysitter-nanny,301,"service×locality"
/nanny-service-in-college-road-nashik,,410,"locality page in out-of-footprint city 'nashik'"
/nanny-service-in-crossing-republik-ghaziabad,,410,"locality page in out-of-footprint city 'ghaziabad'"
/nanny-service-in-crown-interiorz-faridabad,,410,"locality page in out-of-footprint city 'faridabad'"
/nanny-service-in-dadar-mumbai,/mumbai/dadar/babysitter-nanny,301,"service×locality"
/nanny-service-in-dalanwala-dehradun,,410,"locality page in out-of-footprint city 'dehradun'"
/nanny-service-in-daldal-seoni-raipur,,410,"locality page in out-of-footprint city 'raipur'"
/nanny-service-in-danapur-patna,,410,"locality page in out-of-footprint city 'patna'"
/nanny-service-in-dattagalli-mysore,,410,"locality page in out-of-footprint city 'mysore'"
/nanny-service-in-dayal-bagh-agra,,410,"locality page in out-of-footprint city 'agra'"
/nanny-service-in-defence-colony-delhi,/delhi/defence-colony/babysitter-nanny,301,"service×locality"
/nanny-service-in-dehradun,,410,"service-in-city: city 'dehradun' outside footprint"
/nanny-service-in-delhi,/services/babysitter-nanny/delhi,301,"service-in-city: service×city"
/nanny-service-in-deolali-nashik,,410,"locality page in out-of-footprint city 'nashik'"
/nanny-service-in-derebail-mangalore,/mangalore/derebail/babysitter-nanny,301,"service×locality"
/nanny-service-in-devendra-nagar-raipur,,410,"locality page in out-of-footprint city 'raipur'"
/nanny-service-in-dharampeth-nagpur,,410,"locality page in out-of-footprint city 'nagpur'"
/nanny-service-in-dilsukhnagar-hyderabad,,410,"locality page in out-of-footprint city 'hyderabad'"
/nanny-service-in-dispur-guwahati,,410,"locality page in out-of-footprint city 'guwahati'"
/nanny-service-in-dlf-phase-1-5-gurugram,/services/babysitter-nanny/gurgaon,301,"manual zone mapping"
/nanny-service-in-dlw-varanasi,,410,"locality page in out-of-footprint city 'varanasi'"
/nanny-service-in-doranda-ranchi,,410,"locality page in out-of-footprint city 'ranchi'"
/nanny-service-in-dugri-ludhiana,,410,"locality page in out-of-footprint city 'ludhiana'"
/nanny-service-in-dum-dum-kolkata,,410,"locality page in out-of-footprint city 'kolkata'"
/nanny-service-in-dumas-road-surat,,410,"locality page in out-of-footprint city 'surat'"
/nanny-service-in-dwaraka-nagar-visakhapatnam,,410,"locality page in out-of-footprint city 'visakhapatnam'"
/nanny-service-in-dwarka-delhi,/delhi/dwarka/babysitter-nanny,301,"service×locality"
/nanny-service-in-dwarka-expressway-gurugram,/services/babysitter-nanny/gurgaon,301,"unmatched locality → service×city (ASSUMPTIONS #5)"
/nanny-service-in-east-delhi-delhi,/services/babysitter-nanny/delhi,301,"service×zone → service×city (no zone service pages)"
/nanny-service-in-ecr-chennai,,410,"locality page in out-of-footprint city 'chennai'"
/nanny-service-in-edappally-kochi,,410,"locality page in out-of-footprint city 'kochi'"
/nanny-service-in-electronic-city-bangalore,/bangalore/electronic-city/babysitter-nanny,301,"service×locality"
/nanny-service-in-ellis-bridge-ahmedabad,,410,"locality page in out-of-footprint city 'ahmedabad'"
/nanny-service-in-em-bypass-kolkata,,410,"locality page in out-of-footprint city 'kolkata'"
/nanny-service-in-ernakulam-kochi,,410,"locality page in out-of-footprint city 'kochi'"
/nanny-service-in-expressway-noida,/services/babysitter-nanny/noida,301,"manual zone mapping"
/nanny-service-in-fafadih-raipur,,410,"locality page in out-of-footprint city 'raipur'"
/nanny-service-in-falnir-mangalore,/services/babysitter-nanny/mangalore,301,"unmatched locality → service×city (ASSUMPTIONS #5)"
/nanny-service-in-faridabad,,410,"service-in-city: city 'faridabad' outside footprint"
/nanny-service-in-fatehabad-road-agra,,410,"locality page in out-of-footprint city 'agra'"
/nanny-service-in-fatehgunj-vadodara,,410,"locality page in out-of-footprint city 'vadodara'"
/nanny-service-in-ferozepur-road-ludhiana,,410,"locality page in out-of-footprint city 'ludhiana'"
/nanny-service-in-fort-kochi-kochi,,410,"locality page in out-of-footprint city 'kochi'"
/nanny-service-in-fraser-road-patna,,410,"locality page in out-of-footprint city 'patna'"
/nanny-service-in-gachibowli-hyderabad,,410,"locality page in out-of-footprint city 'hyderabad'"
/nanny-service-in-gajuwaka-visakhapatnam,,410,"locality page in out-of-footprint city 'visakhapatnam'"
/nanny-service-in-ganapathy-coimbatore,,410,"locality page in out-of-footprint city 'coimbatore'"
/nanny-service-in-gandhipuram-coimbatore,,410,"locality page in out-of-footprint city 'coimbatore'"
/nanny-service-in-ganeshguri-guwahati,,410,"locality page in out-of-footprint city 'guwahati'"
/nanny-service-in-gangapur-road-nashik,,410,"locality page in out-of-footprint city 'nashik'"
/nanny-service-in-gannavaram-vijayawada,,410,"locality page in out-of-footprint city 'vijayawada'"
/nanny-service-in-garia-kolkata,,410,"locality page in out-of-footprint city 'kolkata'"
/nanny-service-in-gaur-city-gate-ghaziabad,,410,"locality page in out-of-footprint city 'ghaziabad'"
/nanny-service-in-gaur-city-noida,/greater-noida/gaur-city/babysitter-nanny,301,"manual locality mapping"
/nanny-service-in-ghatkopar-mumbai,/mumbai/ghatkopar/babysitter-nanny,301,"service×locality"
/nanny-service-in-ghaziabad,,410,"service-in-city: city 'ghaziabad' outside footprint"
/nanny-service-in-ghodbunder-road-thane,,410,"locality page in out-of-footprint city 'thane'"
/nanny-service-in-gms-road-dehradun,,410,"locality page in out-of-footprint city 'dehradun'"
/nanny-service-in-gokulam-mysore,,410,"locality page in out-of-footprint city 'mysore'"
/nanny-service-in-golf-course-extension-gurugram,/services/babysitter-nanny/gurgaon,301,"unmatched locality → service×city (ASSUMPTIONS #5)"
/nanny-service-in-golf-course-road-gurugram,/gurgaon/golf-course-road/babysitter-nanny,301,"service×locality"
/nanny-service-in-gomti-nagar-lucknow,,410,"locality page in out-of-footprint city 'lucknow'"
/nanny-service-in-gopalapatnam-visakhapatnam,,410,"locality page in out-of-footprint city 'visakhapatnam'"
/nanny-service-in-goregaon-mumbai,/mumbai/goregaon-east/babysitter-nanny,301,"service×locality"
/nanny-service-in-gota-ahmedabad,,410,"locality page in out-of-footprint city 'ahmedabad'"
/nanny-service-in-gotri-vadodara,,410,"locality page in out-of-footprint city 'vadodara'"
/nanny-service-in-governorpet-vijayawada,,410,"locality page in out-of-footprint city 'vijayawada'"
/nanny-service-in-govind-nagar-kanpur,,410,"locality page in out-of-footprint city 'kanpur'"
/nanny-service-in-govindpuram-ghaziabad,,410,"locality page in out-of-footprint city 'ghaziabad'"
/nanny-service-in-greater-faridabad-faridabad,,410,"locality page in out-of-footprint city 'faridabad'"
/nanny-service-in-greater-kailash-delhi,/delhi/greater-kailash/babysitter-nanny,301,"service×locality"
/nanny-service-in-greater-noida-west-noida,/services/babysitter-nanny/greater-noida,301,"manual zone mapping"
/nanny-service-in-green-park-delhi,/delhi/green-park/babysitter-nanny,301,"service×locality"
/nanny-service-in-gs-road-guwahati,,410,"locality page in out-of-footprint city 'guwahati'"
/nanny-service-in-guindy-chennai,,410,"locality page in out-of-footprint city 'chennai'"
/nanny-service-in-gunadala-vijayawada,,410,"locality page in out-of-footprint city 'vijayawada'"
/nanny-service-in-gurugram,/services/babysitter-nanny/gurgaon,301,"service-in-city: service×city"
/nanny-service-in-guwahati,,410,"service-in-city: city 'guwahati' outside footprint"
/nanny-service-in-habibganj-bhopal,,410,"locality page in out-of-footprint city 'bhopal'"
/nanny-service-in-hadapsar-pune,/pune/hadapsar/babysitter-nanny,301,"service×locality"
/nanny-service-in-haibowal-ludhiana,,410,"locality page in out-of-footprint city 'ludhiana'"
/nanny-service-in-hampankatta-mangalore,/mangalore/hampankatta/babysitter-nanny,301,"service×locality"
/nanny-service-in-harmu-ranchi,,410,"locality page in out-of-footprint city 'ranchi'"
/nanny-service-in-harni-vadodara,,410,"locality page in out-of-footprint city 'vadodara'"
/nanny-service-in-harsh-nagar-kanpur,,410,"locality page in out-of-footprint city 'kanpur'"
/nanny-service-in-hatigaon-guwahati,,410,"locality page in out-of-footprint city 'guwahati'"
/nanny-service-in-hauz-khas-delhi,/delhi/hauz-khas/babysitter-nanny,301,"service×locality"
/nanny-service-in-hazratganj-lucknow,,410,"locality page in out-of-footprint city 'lucknow'"
/nanny-service-in-hebbal-bangalore,/services/babysitter-nanny/bangalore,301,"unmatched locality → service×city (ASSUMPTIONS #5)"
/nanny-service-in-hebbal-mysore,,410,"locality page in out-of-footprint city 'mysore'"
/nanny-service-in-hennur-bangalore,/services/babysitter-nanny/bangalore,301,"unmatched locality → service×city (ASSUMPTIONS #5)"
/nanny-service-in-hingna-nagpur,,410,"locality page in out-of-footprint city 'nagpur'"
/nanny-service-in-hinjewadi-pune,/pune/hinjawadi/babysitter-nanny,301,"service×locality"
/nanny-service-in-hinoo-ranchi,,410,"locality page in out-of-footprint city 'ranchi'"
/nanny-service-in-hiranandani-estate-thane,,410,"locality page in out-of-footprint city 'thane'"
/nanny-service-in-hitec-city-hyderabad,,410,"locality page in out-of-footprint city 'hyderabad'"
/nanny-service-in-hootagalli-mysore,,410,"locality page in out-of-footprint city 'mysore'"
/nanny-service-in-hoshangabad-road-bhopal,,410,"locality page in out-of-footprint city 'bhopal'"
/nanny-service-in-howrah-kolkata,,410,"locality page in out-of-footprint city 'kolkata'"
/nanny-service-in-hsr-layout-bangalore,/bangalore/hsr-layout/babysitter-nanny,301,"service×locality"
/nanny-service-in-hyderabad,,410,"service-in-city: city 'hyderabad' outside footprint"
/nanny-service-in-indira-nagar-lucknow,,410,"locality page in out-of-footprint city 'lucknow'"
/nanny-service-in-indira-nagar-nashik,,410,"locality page in out-of-footprint city 'nashik'"
/nanny-service-in-indiranagar-bangalore,/bangalore/indiranagar/babysitter-nanny,301,"service×locality"
/nanny-service-in-indirapuram-ghaziabad,,410,"locality page in out-of-footprint city 'ghaziabad'"
/nanny-service-in-indore,,410,"service-in-city: city 'indore' outside footprint"
/nanny-service-in-infocity-bhubaneswar,,410,"locality page in out-of-footprint city 'bhubaneswar'"
/nanny-service-in-isanpur-ahmedabad,,410,"locality page in out-of-footprint city 'ahmedabad'"
/nanny-service-in-it-park-chandigarh,,410,"locality page in out-of-footprint city 'chandigarh'"
/nanny-service-in-jadavpur-kolkata,,410,"locality page in out-of-footprint city 'kolkata'"
/nanny-service-in-jagatpura-jaipur,,410,"locality page in out-of-footprint city 'jaipur'"
/nanny-service-in-jaipur,,410,"service-in-city: city 'jaipur' outside footprint"
/nanny-service-in-jajmau-kanpur,,410,"locality page in out-of-footprint city 'kanpur'"
/nanny-service-in-jakhan-dehradun,,410,"locality page in out-of-footprint city 'dehradun'"
/nanny-service-in-jamalpur-ludhiana,,410,"locality page in out-of-footprint city 'ludhiana'"
/nanny-service-in-janakpuri-delhi,/delhi/janakpuri/babysitter-nanny,301,"service×locality"
/nanny-service-in-jankipuram-lucknow,,410,"locality page in out-of-footprint city 'lucknow'"
/nanny-service-in-jayalakshmipuram-mysore,,410,"locality page in out-of-footprint city 'mysore'"
/nanny-service-in-jayanagar-bangalore,/bangalore/jayanagar/babysitter-nanny,301,"service×locality"
/nanny-service-in-jaydev-vihar-bhubaneswar,,410,"locality page in out-of-footprint city 'bhubaneswar'"
/nanny-service-in-jaypee-greens-noida,/greater-noida/jaypee-greens/babysitter-nanny,301,"manual locality mapping"
/nanny-service-in-jodhpur,,410,"service-in-city: city 'jodhpur' outside footprint"
/nanny-service-in-jodhpur-park-kolkata,,410,"locality page in out-of-footprint city 'kolkata'"
/nanny-service-in-jodhpur-village-ahmedabad,,410,"locality page in out-of-footprint city 'ahmedabad'"
/nanny-service-in-jp-nagar-bangalore,/bangalore/jp-nagar/babysitter-nanny,301,"service×locality"
/nanny-service-in-jp-nagar-mysore,,410,"locality page in out-of-footprint city 'mysore'"
/nanny-service-in-jubilee-hills-hyderabad,,410,"locality page in out-of-footprint city 'hyderabad'"
/nanny-service-in-juhu-mumbai,/mumbai/juhu/babysitter-nanny,301,"service×locality"
/nanny-service-in-kabir-chaura-varanasi,,410,"locality page in out-of-footprint city 'varanasi'"
/nanny-service-in-kadri-mangalore,/mangalore/kadri/babysitter-nanny,301,"service×locality"
/nanny-service-in-kadru-ranchi,,410,"locality page in out-of-footprint city 'ranchi'"
/nanny-service-in-kahilipara-guwahati,,410,"locality page in out-of-footprint city 'guwahati'"
/nanny-service-in-kaikhali-kolkata,,410,"locality page in out-of-footprint city 'kolkata'"
/nanny-service-in-kakadeo-kanpur,,410,"locality page in out-of-footprint city 'kanpur'"
/nanny-service-in-kakkanad-kochi,,410,"locality page in out-of-footprint city 'kochi'"
/nanny-service-in-kalkaji-delhi,/delhi/kalkaji/babysitter-nanny,301,"service×locality"
/nanny-service-in-kaloor-kochi,,410,"locality page in out-of-footprint city 'kochi'"
/nanny-service-in-kalyani-nagar-pune,/services/babysitter-nanny/pune,301,"unmatched locality → service×city (ASSUMPTIONS #5)"
/nanny-service-in-kalyanpur-kanpur,,410,"locality page in out-of-footprint city 'kanpur'"
/nanny-service-in-kamla-nagar-agra,,410,"locality page in out-of-footprint city 'agra'"
/nanny-service-in-kamla-nehru-nagar-jodhpur,,410,"locality page in out-of-footprint city 'jodhpur'"
/nanny-service-in-kamothe-navi-mumbai,/services/babysitter-nanny/mumbai,301,"unmatched navi-mumbai locality → zone/service hub"
/nanny-service-in-kandivali-mumbai,/mumbai/kandivali-east/babysitter-nanny,301,"service×locality"
/nanny-service-in-kankanady-mangalore,/mangalore/kankanady/babysitter-nanny,301,"service×locality"
/nanny-service-in-kankarbagh-patna,,410,"locality page in out-of-footprint city 'patna'"
/nanny-service-in-kanke-ranchi,,410,"locality page in out-of-footprint city 'ranchi'"
/nanny-service-in-kanpur,,410,"service-in-city: city 'kanpur' outside footprint"
/nanny-service-in-kanuru-vijayawada,,410,"locality page in out-of-footprint city 'vijayawada'"
/nanny-service-in-kasba-kolkata,,410,"locality page in out-of-footprint city 'kolkata'"
/nanny-service-in-katargam-surat,,410,"locality page in out-of-footprint city 'surat'"
/nanny-service-in-kaushambi-ghaziabad,,410,"locality page in out-of-footprint city 'ghaziabad'"
/nanny-service-in-kazhakkoottam-thiruvananthapuram,,410,"locality page in out-of-footprint city 'thiruvananthapuram'"
/nanny-service-in-kesavadasapuram-thiruvananthapuram,,410,"locality page in out-of-footprint city 'thiruvananthapuram'"
/nanny-service-in-khamla-nagpur,,410,"locality page in out-of-footprint city 'nagpur'"
/nanny-service-in-khandagiri-bhubaneswar,,410,"locality page in out-of-footprint city 'bhubaneswar'"
/nanny-service-in-khandari-agra,,410,"locality page in out-of-footprint city 'agra'"
/nanny-service-in-kharadi-pune,/pune/kharadi/babysitter-nanny,301,"service×locality"
/nanny-service-in-kharghar-mumbai,/services/babysitter-nanny/mumbai,301,"unmatched locality → service×city (ASSUMPTIONS #5)"
/nanny-service-in-kharghar-navi-mumbai,/services/babysitter-nanny/mumbai,301,"unmatched navi-mumbai locality → zone/service hub"
/nanny-service-in-kidwai-nagar-kanpur,,410,"locality page in out-of-footprint city 'kanpur'"
/nanny-service-in-kk-nagar-madurai,,410,"locality page in out-of-footprint city 'madurai'"
/nanny-service-in-kochi,,410,"service-in-city: city 'kochi' outside footprint"
/nanny-service-in-kolar-road-bhopal,,410,"locality page in out-of-footprint city 'bhopal'"
/nanny-service-in-kolkata,,410,"service-in-city: city 'kolkata' outside footprint"
/nanny-service-in-kolshet-thane,,410,"locality page in out-of-footprint city 'thane'"
/nanny-service-in-kompally-hyderabad,,410,"locality page in out-of-footprint city 'hyderabad'"
/nanny-service-in-kondapur-hyderabad,,410,"locality page in out-of-footprint city 'hyderabad'"
/nanny-service-in-kondhwa-pune,/pune/kondhwa/babysitter-nanny,301,"service×locality"
/nanny-service-in-kopar-khairane-navi-mumbai,/services/babysitter-nanny/mumbai,301,"unmatched navi-mumbai locality → zone/service hub"
/nanny-service-in-koramangala-bangalore,/bangalore/koramangala/babysitter-nanny,301,"service×locality"
/nanny-service-in-koregaon-park-pune,/services/babysitter-nanny/pune,301,"unmatched locality → service×city (ASSUMPTIONS #5)"
/nanny-service-in-kothrud-pune,/pune/kothrud/babysitter-nanny,301,"service×locality"
/nanny-service-in-kottara-mangalore,/mangalore/kottara/babysitter-nanny,301,"service×locality"
/nanny-service-in-kovaipudur-coimbatore,,410,"locality page in out-of-footprint city 'coimbatore'"
/nanny-service-in-kowdiar-thiruvananthapuram,,410,"locality page in out-of-footprint city 'thiruvananthapuram'"
/nanny-service-in-kr-puram-bangalore,/services/babysitter-nanny/bangalore,301,"unmatched locality → service×city (ASSUMPTIONS #5)"
/nanny-service-in-kukatpally-hyderabad,,410,"locality page in out-of-footprint city 'hyderabad'"
/nanny-service-in-kuvempunagar-mysore,,410,"locality page in out-of-footprint city 'mysore'"
/nanny-service-in-lajpat-nagar-delhi,/delhi/lajpat-nagar/babysitter-nanny,301,"service×locality"
/nanny-service-in-lake-town-kolkata,,410,"locality page in out-of-footprint city 'kolkata'"
/nanny-service-in-lal-kuan-ghaziabad,,410,"locality page in out-of-footprint city 'ghaziabad'"
/nanny-service-in-lalpur-ranchi,,410,"locality page in out-of-footprint city 'ranchi'"
/nanny-service-in-lanka-varanasi,,410,"locality page in out-of-footprint city 'varanasi'"
/nanny-service-in-lb-nagar-hyderabad,,410,"locality page in out-of-footprint city 'hyderabad'"
/nanny-service-in-lower-parel-mumbai,/mumbai/parel/babysitter-nanny,301,"service×locality"
/nanny-service-in-lucknow,,410,"service-in-city: city 'lucknow' outside footprint"
/nanny-service-in-ludhiana,,410,"service-in-city: city 'ludhiana' outside footprint"
/nanny-service-in-madhapur-hyderabad,,410,"locality page in out-of-footprint city 'hyderabad'"
/nanny-service-in-madhurawada-visakhapatnam,,410,"locality page in out-of-footprint city 'visakhapatnam'"
/nanny-service-in-madurai,,410,"service-in-city: city 'madurai' outside footprint"
/nanny-service-in-magarpatta-pune,/services/babysitter-nanny/pune,301,"unmatched locality → service×city (ASSUMPTIONS #5)"
/nanny-service-in-mahanagar-lucknow,,410,"locality page in out-of-footprint city 'lucknow'"
/nanny-service-in-mahendru-patna,,410,"locality page in out-of-footprint city 'patna'"
/nanny-service-in-mahmoorganj-varanasi,,410,"locality page in out-of-footprint city 'varanasi'"
/nanny-service-in-majiwada-thane,,410,"locality page in out-of-footprint city 'thane'"
/nanny-service-in-makhmalabad-nashik,,410,"locality page in out-of-footprint city 'nashik'"
/nanny-service-in-malad-mumbai,/mumbai/malad-west/babysitter-nanny,301,"service×locality"
/nanny-service-in-malibu-town-gurugram,/services/babysitter-nanny/gurgaon,301,"unmatched locality → service×city (ASSUMPTIONS #5)"
/nanny-service-in-malleshwaram-bangalore,/bangalore/malleswaram/babysitter-nanny,301,"service×locality"
/nanny-service-in-malviya-nagar-delhi,/delhi/malviya-nagar/babysitter-nanny,301,"service×locality"
/nanny-service-in-malviya-nagar-jaipur,,410,"locality page in out-of-footprint city 'jaipur'"
/nanny-service-in-mancheswar-bhubaneswar,,410,"locality page in out-of-footprint city 'bhubaneswar'"
/nanny-service-in-mandideep-bhopal,,410,"locality page in out-of-footprint city 'bhopal'"
/nanny-service-in-mandore-road-jodhpur,,410,"locality page in out-of-footprint city 'jodhpur'"
/nanny-service-in-manesar-gurugram,/gurgaon/manesar/babysitter-nanny,301,"service×locality"
/nanny-service-in-mangalagiri-vijayawada,,410,"locality page in out-of-footprint city 'vijayawada'"
/nanny-service-in-mangalore,/services/babysitter-nanny/mangalore,301,"service-in-city: service×city"
/nanny-service-in-manikonda-hyderabad,,410,"locality page in out-of-footprint city 'hyderabad'"
/nanny-service-in-manimajra-chandigarh,,410,"locality page in out-of-footprint city 'chandigarh'"
/nanny-service-in-maninagar-ahmedabad,,410,"locality page in out-of-footprint city 'ahmedabad'"
/nanny-service-in-manish-nagar-nagpur,,410,"locality page in out-of-footprint city 'nagpur'"
/nanny-service-in-manjalpur-vadodara,,410,"locality page in out-of-footprint city 'vadodara'"
/nanny-service-in-manpada-thane,,410,"locality page in out-of-footprint city 'thane'"
/nanny-service-in-mansarovar-jaipur,,410,"locality page in out-of-footprint city 'jaipur'"
/nanny-service-in-marathahalli-bangalore,/bangalore/marathahalli/babysitter-nanny,301,"service×locality"
/nanny-service-in-marine-drive-kochi,,410,"locality page in out-of-footprint city 'kochi'"
/nanny-service-in-mattuthavani-madurai,,410,"locality page in out-of-footprint city 'madurai'"
/nanny-service-in-mayur-vihar-delhi,/delhi/mayur-vihar/babysitter-nanny,301,"service×locality"
/nanny-service-in-medavakkam-chennai,,410,"locality page in out-of-footprint city 'chennai'"
/nanny-service-in-medical-college-thiruvananthapuram,,410,"locality page in out-of-footprint city 'thiruvananthapuram'"
/nanny-service-in-mewla-maharajpur-faridabad,,410,"locality page in out-of-footprint city 'faridabad'"
/nanny-service-in-mg-road-agra,,410,"locality page in out-of-footprint city 'agra'"
/nanny-service-in-mg-road-gurugram,/services/babysitter-nanny/gurgaon,301,"unmatched locality → service×city (ASSUMPTIONS #5)"
/nanny-service-in-mira-road-mumbai,/services/babysitter-nanny/mumbai,301,"unmatched locality → service×city (ASSUMPTIONS #5)"
/nanny-service-in-miyapur-hyderabad,,410,"locality page in out-of-footprint city 'hyderabad'"
/nanny-service-in-model-town-ludhiana,,410,"locality page in out-of-footprint city 'ludhiana'"
/nanny-service-in-moghalrajpuram-vijayawada,,410,"locality page in out-of-footprint city 'vijayawada'"
/nanny-service-in-mohali-chandigarh,,410,"locality page in out-of-footprint city 'chandigarh'"
/nanny-service-in-mokila-hyderabad,,410,"locality page in out-of-footprint city 'hyderabad'"
/nanny-service-in-morabadi-ranchi,,410,"locality page in out-of-footprint city 'ranchi'"
/nanny-service-in-motera-ahmedabad,,410,"locality page in out-of-footprint city 'ahmedabad'"
/nanny-service-in-mowa-raipur,,410,"locality page in out-of-footprint city 'raipur'"
/nanny-service-in-mp-nagar-bhopal,,410,"locality page in out-of-footprint city 'bhopal'"
/nanny-service-in-mulund-mumbai,/mumbai/mulund/babysitter-nanny,301,"service×locality"
/nanny-service-in-mumbai,/services/babysitter-nanny/mumbai,301,"service-in-city: service×city"
/nanny-service-in-mussoorie-road-dehradun,,410,"locality page in out-of-footprint city 'dehradun'"
/nanny-service-in-mvp-colony-visakhapatnam,,410,"locality page in out-of-footprint city 'visakhapatnam'"
/nanny-service-in-mylapore-chennai,,410,"locality page in out-of-footprint city 'chennai'"
/nanny-service-in-mysore,,410,"service-in-city: city 'mysore' outside footprint"
/nanny-service-in-nad-junction-visakhapatnam,,410,"locality page in out-of-footprint city 'visakhapatnam'"
/nanny-service-in-nagpur,,410,"service-in-city: city 'nagpur' outside footprint"
/nanny-service-in-nallagandla-hyderabad,,410,"locality page in out-of-footprint city 'hyderabad'"
/nanny-service-in-naranpura-ahmedabad,,410,"locality page in out-of-footprint city 'ahmedabad'"
/nanny-service-in-nashik,,410,"service-in-city: city 'nashik' outside footprint"
/nanny-service-in-nashik-road-nashik,,410,"locality page in out-of-footprint city 'nashik'"
/nanny-service-in-naupada-thane,,410,"locality page in out-of-footprint city 'thane'"
/nanny-service-in-navi-mumbai,/services/babysitter-nanny/mumbai,301,"service-in-city: service×city"
/nanny-service-in-navrangpura-ahmedabad,,410,"locality page in out-of-footprint city 'ahmedabad'"
/nanny-service-in-nayapalli-bhubaneswar,,410,"locality page in out-of-footprint city 'bhubaneswar'"
/nanny-service-in-neharpar-faridabad,,410,"locality page in out-of-footprint city 'faridabad'"
/nanny-service-in-nehru-colony-dehradun,,410,"locality page in out-of-footprint city 'dehradun'"
/nanny-service-in-nehru-place-delhi,/services/babysitter-nanny/delhi,301,"unmatched locality → service×city (ASSUMPTIONS #5)"
/nanny-service-in-nerul-navi-mumbai,/mumbai/nerul/babysitter-nanny,301,"service×locality"
/nanny-service-in-new-town-kolkata,,410,"locality page in out-of-footprint city 'kolkata'"
/nanny-service-in-nh-24-ghaziabad,,410,"locality page in out-of-footprint city 'ghaziabad'"
/nanny-service-in-nibm-pune,/pune/nibm/babysitter-nanny,301,"service×locality"
/nanny-service-in-nipania-indore,,410,"locality page in out-of-footprint city 'indore'"
/nanny-service-in-nirvana-country-gurugram,/services/babysitter-nanny/gurgaon,301,"unmatched locality → service×city (ASSUMPTIONS #5)"
/nanny-service-in-nit-faridabad-faridabad,,410,"locality page in out-of-footprint city 'faridabad'"
/nanny-service-in-niti-khand-ghaziabad,,410,"locality page in out-of-footprint city 'ghaziabad'"
/nanny-service-in-noida,/services/babysitter-nanny/noida,301,"service-in-city: service×city"
/nanny-service-in-nungambakkam-chennai,,410,"locality page in out-of-footprint city 'chennai'"
/nanny-service-in-omr-chennai,,410,"locality page in out-of-footprint city 'chennai'"
/nanny-service-in-pakhowal-road-ludhiana,,410,"locality page in out-of-footprint city 'ludhiana'"
/nanny-service-in-pal-road-jodhpur,,410,"locality page in out-of-footprint city 'jodhpur'"
/nanny-service-in-pal-surat,,410,"locality page in out-of-footprint city 'surat'"
/nanny-service-in-palam-vihar-gurugram,/services/babysitter-nanny/gurgaon,301,"unmatched locality → service×city (ASSUMPTIONS #5)"
/nanny-service-in-palanganatham-madurai,,410,"locality page in out-of-footprint city 'madurai'"
/nanny-service-in-palarivattom-kochi,,410,"locality page in out-of-footprint city 'kochi'"
/nanny-service-in-palasia-indore,,410,"locality page in out-of-footprint city 'indore'"
/nanny-service-in-paldi-ahmedabad,,410,"locality page in out-of-footprint city 'ahmedabad'"
/nanny-service-in-pallavaram-chennai,,410,"locality page in out-of-footprint city 'chennai'"
/nanny-service-in-paltan-bazaar-guwahati,,410,"locality page in out-of-footprint city 'guwahati'"
/nanny-service-in-panchavati-nashik,,410,"locality page in out-of-footprint city 'nashik'"
/nanny-service-in-panchkula-chandigarh,,410,"locality page in out-of-footprint city 'chandigarh'"
/nanny-service-in-pandeypur-varanasi,,410,"locality page in out-of-footprint city 'varanasi'"
/nanny-service-in-panvel-navi-mumbai,/services/babysitter-nanny/mumbai,301,"unmatched navi-mumbai locality → zone/service hub"
/nanny-service-in-paota-jodhpur,,410,"locality page in out-of-footprint city 'jodhpur'"
/nanny-service-in-pari-chowk-noida,/greater-noida/pari-chowk/babysitter-nanny,301,"manual locality mapping"
/nanny-service-in-park-street-kolkata,,410,"locality page in out-of-footprint city 'kolkata'"
/nanny-service-in-paschim-vihar-delhi,/delhi/paschim-vihar/babysitter-nanny,301,"service×locality"
/nanny-service-in-pashan-pune,/pune/pashan/babysitter-nanny,301,"service×locality"
/nanny-service-in-pathardi-nashik,,410,"locality page in out-of-footprint city 'nashik'"
/nanny-service-in-patia-bhubaneswar,,410,"locality page in out-of-footprint city 'bhubaneswar'"
/nanny-service-in-patliputra-colony-patna,,410,"locality page in out-of-footprint city 'patna'"
/nanny-service-in-patna,,410,"service-in-city: city 'patna' outside footprint"
/nanny-service-in-pattom-thiruvananthapuram,,410,"locality page in out-of-footprint city 'thiruvananthapuram'"
/nanny-service-in-peelamedu-coimbatore,,410,"locality page in out-of-footprint city 'coimbatore'"
/nanny-service-in-pendurthi-visakhapatnam,,410,"locality page in out-of-footprint city 'visakhapatnam'"
/nanny-service-in-perungudi-chennai,,410,"locality page in out-of-footprint city 'chennai'"
/nanny-service-in-pimpri-chinchwad-pune,/services/babysitter-nanny/pune,301,"manual zone mapping"
/nanny-service-in-piplod-surat,,410,"locality page in out-of-footprint city 'surat'"
/nanny-service-in-pitampura-delhi,/delhi/pitampura/babysitter-nanny,301,"service×locality"
/nanny-service-in-pokhran-road-thane,,410,"locality page in out-of-footprint city 'thane'"
/nanny-service-in-poranki-vijayawada,,410,"locality page in out-of-footprint city 'vijayawada'"
/nanny-service-in-porur-chennai,,410,"locality page in out-of-footprint city 'chennai'"
/nanny-service-in-powai-mumbai,/mumbai/powai/babysitter-nanny,301,"service×locality"
/nanny-service-in-prahlad-nagar-ahmedabad,,410,"locality page in out-of-footprint city 'ahmedabad'"
/nanny-service-in-pratap-nagar-jaipur,,410,"locality page in out-of-footprint city 'jaipur'"
/nanny-service-in-pratap-nagar-nagpur,,410,"locality page in out-of-footprint city 'nagpur'"
/nanny-service-in-pune,/services/babysitter-nanny/pune,301,"service-in-city: service×city"
/nanny-service-in-race-course-coimbatore,,410,"locality page in out-of-footprint city 'coimbatore'"
/nanny-service-in-race-course-dehradun,,410,"locality page in out-of-footprint city 'dehradun'"
/nanny-service-in-race-course-vadodara,,410,"locality page in out-of-footprint city 'vadodara'"
/nanny-service-in-raipur,,410,"service-in-city: city 'raipur' outside footprint"
/nanny-service-in-raj-nagar-extension-ghaziabad,,410,"locality page in out-of-footprint city 'ghaziabad'"
/nanny-service-in-raja-mandi-agra,,410,"locality page in out-of-footprint city 'agra'"
/nanny-service-in-raja-park-jaipur,,410,"locality page in out-of-footprint city 'jaipur'"
/nanny-service-in-rajajinagar-bangalore,/bangalore/rajajinagar/babysitter-nanny,301,"service×locality"
/nanny-service-in-rajarhat-kolkata,,410,"locality page in out-of-footprint city 'kolkata'"
/nanny-service-in-rajendra-nagar-patna,,410,"locality page in out-of-footprint city 'patna'"
/nanny-service-in-rajguru-nagar-ludhiana,,410,"locality page in out-of-footprint city 'ludhiana'"
/nanny-service-in-rajouri-garden-delhi,/delhi/rajouri-garden/babysitter-nanny,301,"service×locality"
/nanny-service-in-rajpur-road-dehradun,,410,"locality page in out-of-footprint city 'dehradun'"
/nanny-service-in-ranchi,,410,"service-in-city: city 'ranchi' outside footprint"
/nanny-service-in-ratanada-jodhpur,,410,"locality page in out-of-footprint city 'jodhpur'"
/nanny-service-in-ratu-road-ranchi,,410,"locality page in out-of-footprint city 'ranchi'"
/nanny-service-in-rau-indore,,410,"locality page in out-of-footprint city 'indore'"
/nanny-service-in-rawatpur-kanpur,,410,"locality page in out-of-footprint city 'kanpur'"
/nanny-service-in-rohini-delhi,/delhi/rohini/babysitter-nanny,301,"service×locality"
/nanny-service-in-rs-puram-coimbatore,,410,"locality page in out-of-footprint city 'coimbatore'"
/nanny-service-in-rushikonda-visakhapatnam,,410,"locality page in out-of-footprint city 'visakhapatnam'"
/nanny-service-in-sadar-nagpur,,410,"locality page in out-of-footprint city 'nagpur'"
/nanny-service-in-saguna-more-patna,,410,"locality page in out-of-footprint city 'patna'"
/nanny-service-in-saheed-nagar-bhubaneswar,,410,"locality page in out-of-footprint city 'bhubaneswar'"
/nanny-service-in-sahibabad-ghaziabad,,410,"locality page in out-of-footprint city 'ghaziabad'"
/nanny-service-in-saket-delhi,/delhi/saket/babysitter-nanny,301,"service×locality"
/nanny-service-in-salt-lake-kolkata,,410,"locality page in out-of-footprint city 'kolkata'"
/nanny-service-in-sama-vadodara,,410,"locality page in out-of-footprint city 'vadodara'"
/nanny-service-in-sanpada-navi-mumbai,/mumbai/sanpada/babysitter-nanny,301,"service×locality"
/nanny-service-in-sapna-sangeeta-indore,,410,"locality page in out-of-footprint city 'indore'"
/nanny-service-in-sarabha-nagar-ludhiana,,410,"locality page in out-of-footprint city 'ludhiana'"
/nanny-service-in-saraswathipuram-mysore,,410,"locality page in out-of-footprint city 'mysore'"
/nanny-service-in-saravanampatti-coimbatore,,410,"locality page in out-of-footprint city 'coimbatore'"
/nanny-service-in-sardarpura-jodhpur,,410,"locality page in out-of-footprint city 'jodhpur'"
/nanny-service-in-sarjapur-road-bangalore,/bangalore/sarjapur-road/babysitter-nanny,301,"service×locality"
/nanny-service-in-sarnath-varanasi,,410,"locality page in out-of-footprint city 'varanasi'"
/nanny-service-in-sasthamangalam-thiruvananthapuram,,410,"locality page in out-of-footprint city 'thiruvananthapuram'"
/nanny-service-in-satellite-ahmedabad,,410,"locality page in out-of-footprint city 'ahmedabad'"
/nanny-service-in-satpur-nashik,,410,"locality page in out-of-footprint city 'nashik'"
/nanny-service-in-scheme-78-indore,,410,"locality page in out-of-footprint city 'indore'"
/nanny-service-in-sealdah-kolkata,,410,"locality page in out-of-footprint city 'kolkata'"
/nanny-service-in-seawoods-navi-mumbai,/services/babysitter-nanny/mumbai,301,"unmatched navi-mumbai locality → zone/service hub"
/nanny-service-in-sector-100-noida,/noida/sector-100/babysitter-nanny,301,"service×locality"
/nanny-service-in-sector-120-122-noida,/services/babysitter-nanny/noida,301,"unmatched locality → service×city (ASSUMPTIONS #5)"
/nanny-service-in-sector-128-134-noida,/services/babysitter-nanny/noida,301,"manual zone mapping"
/nanny-service-in-sector-137-noida,/noida/sector-137/babysitter-nanny,301,"service×locality"
/nanny-service-in-sector-15-21-faridabad,,410,"locality page in out-of-footprint city 'faridabad'"
/nanny-service-in-sector-15-chandigarh,,410,"locality page in out-of-footprint city 'chandigarh'"
/nanny-service-in-sector-15-gurugram,/services/babysitter-nanny/gurgaon,301,"unmatched locality → service×city (ASSUMPTIONS #5)"
/nanny-service-in-sector-150-noida,/noida/sector-150/babysitter-nanny,301,"service×locality"
/nanny-service-in-sector-17-chandigarh,,410,"locality page in out-of-footprint city 'chandigarh'"
/nanny-service-in-sector-18-noida,/noida/sector-18/babysitter-nanny,301,"service×locality"
/nanny-service-in-sector-22-chandigarh,,410,"locality page in out-of-footprint city 'chandigarh'"
/nanny-service-in-sector-28-30-faridabad,,410,"locality page in out-of-footprint city 'faridabad'"
/nanny-service-in-sector-32-noida,/services/babysitter-nanny/noida,301,"unmatched locality → service×city (ASSUMPTIONS #5)"
/nanny-service-in-sector-35-chandigarh,,410,"locality page in out-of-footprint city 'chandigarh'"
/nanny-service-in-sector-37-faridabad,,410,"locality page in out-of-footprint city 'faridabad'"
/nanny-service-in-sector-37-noida,/noida/sector-37/babysitter-nanny,301,"service×locality"
/nanny-service-in-sector-43-chandigarh,,410,"locality page in out-of-footprint city 'chandigarh'"
/nanny-service-in-sector-44-chandigarh,,410,"locality page in out-of-footprint city 'chandigarh'"
/nanny-service-in-sector-44-noida,/noida/sector-44/babysitter-nanny,301,"service×locality"
/nanny-service-in-sector-45-48-gurugram,/gurgaon/sector-45/babysitter-nanny,301,"manual locality mapping"
/nanny-service-in-sector-49-gurugram,/gurgaon/sector-49/babysitter-nanny,301,"service×locality"
/nanny-service-in-sector-50-noida,/noida/sector-50/babysitter-nanny,301,"service×locality"
/nanny-service-in-sector-56-57-gurugram,/gurgaon/sector-56/babysitter-nanny,301,"manual locality mapping"
/nanny-service-in-sector-62-noida,/noida/sector-62/babysitter-nanny,301,"service×locality"
/nanny-service-in-sector-67-70-gurugram,/gurgaon/sector-67/babysitter-nanny,301,"manual locality mapping"
/nanny-service-in-sector-75-76-noida,/noida/sector-75/babysitter-nanny,301,"manual locality mapping"
/nanny-service-in-sector-78-noida,/noida/sector-78/babysitter-nanny,301,"service×locality"
/nanny-service-in-sector-8-11-chandigarh,,410,"locality page in out-of-footprint city 'chandigarh'"
/nanny-service-in-sector-81-89-faridabad,,410,"locality page in out-of-footprint city 'faridabad'"
/nanny-service-in-sector-82-84-gurugram,/gurgaon/sector-82/babysitter-nanny,301,"manual locality mapping"
/nanny-service-in-sector-93-96-noida,/noida/sector-93/babysitter-nanny,301,"manual locality mapping"
/nanny-service-in-secunderabad-hyderabad,,410,"locality page in out-of-footprint city 'hyderabad'"
/nanny-service-in-seethammadhara-visakhapatnam,,410,"locality page in out-of-footprint city 'visakhapatnam'"
/nanny-service-in-seminary-hills-nagpur,,410,"locality page in out-of-footprint city 'nagpur'"
/nanny-service-in-sg-highway-ahmedabad,,410,"locality page in out-of-footprint city 'ahmedabad'"
/nanny-service-in-shahganj-agra,,410,"locality page in out-of-footprint city 'agra'"
/nanny-service-in-shahibaug-ahmedabad,,410,"locality page in out-of-footprint city 'ahmedabad'"
/nanny-service-in-shahpura-bhopal,,410,"locality page in out-of-footprint city 'bhopal'"
/nanny-service-in-shakti-khand-ghaziabad,,410,"locality page in out-of-footprint city 'ghaziabad'"
/nanny-service-in-shalimar-garden-ghaziabad,,410,"locality page in out-of-footprint city 'ghaziabad'"
/nanny-service-in-shamshabad-hyderabad,,410,"locality page in out-of-footprint city 'hyderabad'"
/nanny-service-in-shankar-nagar-raipur,,410,"locality page in out-of-footprint city 'raipur'"
/nanny-service-in-shastri-nagar-jodhpur,,410,"locality page in out-of-footprint city 'jodhpur'"
/nanny-service-in-shivaji-nagar-pune,/pune/shivajinagar/babysitter-nanny,301,"manual locality mapping"
/nanny-service-in-shivpur-varanasi,,410,"locality page in out-of-footprint city 'varanasi'"
/nanny-service-in-sholinganallur-chennai,,410,"locality page in out-of-footprint city 'chennai'"
/nanny-service-in-shyam-nagar-kanpur,,410,"locality page in out-of-footprint city 'kanpur'"
/nanny-service-in-sigra-varanasi,,410,"locality page in out-of-footprint city 'varanasi'"
/nanny-service-in-sikandra-agra,,410,"locality page in out-of-footprint city 'agra'"
/nanny-service-in-singanallur-coimbatore,,410,"locality page in out-of-footprint city 'coimbatore'"
/nanny-service-in-sinhagad-road-pune,/services/babysitter-nanny/pune,301,"unmatched locality → service×city (ASSUMPTIONS #5)"
/nanny-service-in-sodala-jaipur,,410,"locality page in out-of-footprint city 'jaipur'"
/nanny-service-in-sohna-road-gurugram,/gurgaon/sohna-road/babysitter-nanny,301,"service×locality"
/nanny-service-in-south-bopal-ahmedabad,,410,"locality page in out-of-footprint city 'ahmedabad'"
/nanny-service-in-south-city-gurugram,/gurgaon/south-city-1/babysitter-nanny,301,"manual locality mapping"
/nanny-service-in-south-delhi-delhi,/services/babysitter-nanny/delhi,301,"service×zone → service×city (no zone service pages)"
/nanny-service-in-south-tukoganj-indore,,410,"locality page in out-of-footprint city 'indore'"
/nanny-service-in-ss-colony-madurai,,410,"locality page in out-of-footprint city 'madurai'"
/nanny-service-in-super-corridor-indore,,410,"locality page in out-of-footprint city 'indore'"
/nanny-service-in-surajkund-faridabad,,410,"locality page in out-of-footprint city 'faridabad'"
/nanny-service-in-surat,,410,"service-in-city: city 'surat' outside footprint"
/nanny-service-in-surathkal-mangalore,/mangalore/surathkal/babysitter-nanny,301,"service×locality"
/nanny-service-in-sushant-lok-gurugram,/services/babysitter-nanny/gurgaon,301,"unmatched locality → service×city (ASSUMPTIONS #5)"
/nanny-service-in-swaroop-nagar-kanpur,,410,"locality page in out-of-footprint city 'kanpur'"
/nanny-service-in-t-nagar-chennai,,410,"locality page in out-of-footprint city 'chennai'"
/nanny-service-in-tadepalli-vijayawada,,410,"locality page in out-of-footprint city 'vijayawada'"
/nanny-service-in-tajganj-agra,,410,"locality page in out-of-footprint city 'agra'"
/nanny-service-in-tallakulam-madurai,,410,"locality page in out-of-footprint city 'madurai'"
/nanny-service-in-tambaram-chennai,,410,"locality page in out-of-footprint city 'chennai'"
/nanny-service-in-tatibandh-raipur,,410,"locality page in out-of-footprint city 'raipur'"
/nanny-service-in-technopark-thiruvananthapuram,,410,"locality page in out-of-footprint city 'thiruvananthapuram'"
/nanny-service-in-telibandha-raipur,,410,"locality page in out-of-footprint city 'raipur'"
/nanny-service-in-teppakulam-madurai,,410,"locality page in out-of-footprint city 'madurai'"
/nanny-service-in-thaltej-ahmedabad,,410,"locality page in out-of-footprint city 'ahmedabad'"
/nanny-service-in-thane,,410,"service-in-city: city 'thane' outside footprint"
/nanny-service-in-thane-west-mumbai,/services/babysitter-nanny/mumbai,301,"unmatched locality → service×city (ASSUMPTIONS #5)"
/nanny-service-in-thirunagar-madurai,,410,"locality page in out-of-footprint city 'madurai'"
/nanny-service-in-thiruvananthapuram,,410,"service-in-city: city 'thiruvananthapuram' outside footprint"
/nanny-service-in-thiruvanmiyur-chennai,,410,"locality page in out-of-footprint city 'chennai'"
/nanny-service-in-thudiyalur-coimbatore,,410,"locality page in out-of-footprint city 'coimbatore'"
/nanny-service-in-thycaud-thiruvananthapuram,,410,"locality page in out-of-footprint city 'thiruvananthapuram'"
/nanny-service-in-tollygunge-kolkata,,410,"locality page in out-of-footprint city 'kolkata'"
/nanny-service-in-tonk-road-jaipur,,410,"locality page in out-of-footprint city 'jaipur'"
/nanny-service-in-tripunithura-kochi,,410,"locality page in out-of-footprint city 'kochi'"
/nanny-service-in-tt-nagar-bhopal,,410,"locality page in out-of-footprint city 'bhopal'"
/nanny-service-in-udyog-vihar-gurugram,/services/babysitter-nanny/gurgaon,301,"unmatched locality → service×city (ASSUMPTIONS #5)"
/nanny-service-in-ultadanga-kolkata,,410,"locality page in out-of-footprint city 'kolkata'"
/nanny-service-in-undri-pune,/services/babysitter-nanny/pune,301,"unmatched locality → service×city (ASSUMPTIONS #5)"
/nanny-service-in-unit-1-9-bhubaneswar,,410,"locality page in out-of-footprint city 'bhubaneswar'"
/nanny-service-in-uppal-hyderabad,,410,"locality page in out-of-footprint city 'hyderabad'"
/nanny-service-in-vadavalli-coimbatore,,410,"locality page in out-of-footprint city 'coimbatore'"
/nanny-service-in-vadodara,,410,"service-in-city: city 'vadodara' outside footprint"
/nanny-service-in-vaishali-ghaziabad,,410,"locality page in out-of-footprint city 'ghaziabad'"
/nanny-service-in-vaishali-nagar-jaipur,,410,"locality page in out-of-footprint city 'jaipur'"
/nanny-service-in-varachha-surat,,410,"locality page in out-of-footprint city 'surat'"
/nanny-service-in-varanasi,,410,"service-in-city: city 'varanasi' outside footprint"
/nanny-service-in-vartak-nagar-thane,,410,"locality page in out-of-footprint city 'thane'"
/nanny-service-in-vasant-kunj-delhi,/delhi/vasant-kunj/babysitter-nanny,301,"service×locality"
/nanny-service-in-vasant-vihar-dehradun,,410,"locality page in out-of-footprint city 'dehradun'"
/nanny-service-in-vasant-vihar-delhi,/delhi/vasant-vihar/babysitter-nanny,301,"service×locality"
/nanny-service-in-vashi-mumbai,/mumbai/vashi/babysitter-nanny,301,"service×locality"
/nanny-service-in-vashi-navi-mumbai,/mumbai/vashi/babysitter-nanny,301,"service×locality"
/nanny-service-in-vasna-vadodara,,410,"locality page in out-of-footprint city 'vadodara'"
/nanny-service-in-vastrapur-ahmedabad,,410,"locality page in out-of-footprint city 'ahmedabad'"
/nanny-service-in-vasundhara-ghaziabad,,410,"locality page in out-of-footprint city 'ghaziabad'"
/nanny-service-in-vatika-city-gurugram,/services/babysitter-nanny/gurgaon,301,"unmatched locality → service×city (ASSUMPTIONS #5)"
/nanny-service-in-vazhuthacaud-thiruvananthapuram,,410,"locality page in out-of-footprint city 'thiruvananthapuram'"
/nanny-service-in-velachery-chennai,,410,"locality page in out-of-footprint city 'chennai'"
/nanny-service-in-vellayambalam-thiruvananthapuram,,410,"locality page in out-of-footprint city 'thiruvananthapuram'"
/nanny-service-in-vesu-surat,,410,"locality page in out-of-footprint city 'surat'"
/nanny-service-in-vidhyadhar-nagar-jaipur,,410,"locality page in out-of-footprint city 'jaipur'"
/nanny-service-in-vijay-nagar-indore,,410,"locality page in out-of-footprint city 'indore'"
/nanny-service-in-vijayanagar-mysore,,410,"locality page in out-of-footprint city 'mysore'"
/nanny-service-in-vijayawada,,410,"service-in-city: city 'vijayawada' outside footprint"
/nanny-service-in-vikas-nagar-lucknow,,410,"locality page in out-of-footprint city 'lucknow'"
/nanny-service-in-vikhroli-mumbai,/mumbai/vikhroli/babysitter-nanny,301,"service×locality"
/nanny-service-in-villapuram-madurai,,410,"locality page in out-of-footprint city 'madurai'"
/nanny-service-in-viman-nagar-pune,/pune/viman-nagar/babysitter-nanny,301,"service×locality"
/nanny-service-in-vip-road-raipur,,410,"locality page in out-of-footprint city 'raipur'"
/nanny-service-in-visakhapatnam,,410,"service-in-city: city 'visakhapatnam' outside footprint"
/nanny-service-in-vyttila-kochi,,410,"locality page in out-of-footprint city 'kochi'"
/nanny-service-in-wadi-nagpur,,410,"locality page in out-of-footprint city 'nagpur'"
/nanny-service-in-waghodia-road-vadodara,,410,"locality page in out-of-footprint city 'vadodara'"
/nanny-service-in-wagle-estate-thane,,410,"locality page in out-of-footprint city 'thane'"
/nanny-service-in-wakad-pune,/pune/wakad/babysitter-nanny,301,"service×locality"
/nanny-service-in-waltair-visakhapatnam,,410,"locality page in out-of-footprint city 'visakhapatnam'"
/nanny-service-in-wardhaman-nagar-nagpur,,410,"locality page in out-of-footprint city 'nagpur'"
/nanny-service-in-warje-pune,/pune/warje/babysitter-nanny,301,"service×locality"
/nanny-service-in-wave-city-ghaziabad,,410,"locality page in out-of-footprint city 'ghaziabad'"
/nanny-service-in-whitefield-bangalore,/bangalore/whitefield/babysitter-nanny,301,"service×locality"
/nanny-service-in-worli-mumbai,/mumbai/worli/babysitter-nanny,301,"service×locality"
/nanny-service-in-yelahanka-bangalore,/services/babysitter-nanny/bangalore,301,"unmatched locality → service×city (ASSUMPTIONS #5)"
/nanny-service-in-zirakpur-chandigarh,,410,"locality page in out-of-footprint city 'chandigarh'"
/nanny-service-in-zoo-road-guwahati,,410,"locality page in out-of-footprint city 'guwahati'"
/nanny-vs-daycare-india,/blog/nanny-vs-daycare-india,301,"comparison/guide → blog"
/onboarding,/app/onboarding,301,"SPA moved under /app"
/part-time-vs-full-time-maid,/blog/part-time-vs-full-time-maid,301,"comparison/guide → blog"
/postnatal-care-service,/services/babysitter-nanny,301,"service hub"
/postnatal-care-service-in-aashiyana-lucknow,,410,"locality page in out-of-footprint city 'lucknow'"
/postnatal-care-service-in-ab-road-indore,,410,"locality page in out-of-footprint city 'indore'"
/postnatal-care-service-in-adajan-surat,,410,"locality page in out-of-footprint city 'surat'"
/postnatal-care-service-in-adyar-chennai,,410,"locality page in out-of-footprint city 'chennai'"
/postnatal-care-service-in-agra,,410,"service-in-city: city 'agra' outside footprint"
/postnatal-care-service-in-ahinsa-khand-ghaziabad,,410,"locality page in out-of-footprint city 'ghaziabad'"
/postnatal-care-service-in-ahmedabad,,410,"service-in-city: city 'ahmedabad' outside footprint"
/postnatal-care-service-in-airoli-navi-mumbai,/mumbai/airoli/babysitter-nanny,301,"service×locality"
/postnatal-care-service-in-akota-vadodara,,410,"locality page in out-of-footprint city 'vadodara'"
/postnatal-care-service-in-alambagh-lucknow,,410,"locality page in out-of-footprint city 'lucknow'"
/postnatal-care-service-in-aliganj-lucknow,,410,"locality page in out-of-footprint city 'lucknow'"
/postnatal-care-service-in-alipore-kolkata,,410,"locality page in out-of-footprint city 'kolkata'"
/postnatal-care-service-in-alkapuri-vadodara,,410,"locality page in out-of-footprint city 'vadodara'"
/postnatal-care-service-in-althan-surat,,410,"locality page in out-of-footprint city 'surat'"
/postnatal-care-service-in-aluva-kochi,,410,"locality page in out-of-footprint city 'kochi'"
/postnatal-care-service-in-amanaka-raipur,,410,"locality page in out-of-footprint city 'raipur'"
/postnatal-care-service-in-ambattur-chennai,,410,"locality page in out-of-footprint city 'chennai'"
/postnatal-care-service-in-ambawadi-ahmedabad,,410,"locality page in out-of-footprint city 'ahmedabad'"
/postnatal-care-service-in-ameerpet-hyderabad,,410,"locality page in out-of-footprint city 'hyderabad'"
/postnatal-care-service-in-amity-area-noida,/services/babysitter-nanny/noida,301,"unmatched locality → service×city (ASSUMPTIONS #5)"
/postnatal-care-service-in-andheri-mumbai,/mumbai/andheri/babysitter-nanny,301,"service×locality"
/postnatal-care-service-in-anisabad-patna,,410,"locality page in out-of-footprint city 'patna'"
/postnatal-care-service-in-anna-nagar-chennai,,410,"locality page in out-of-footprint city 'chennai'"
/postnatal-care-service-in-anna-nagar-madurai,,410,"locality page in out-of-footprint city 'madurai'"
/postnatal-care-service-in-arapalayam-madurai,,410,"locality page in out-of-footprint city 'madurai'"
/postnatal-care-service-in-arera-colony-bhopal,,410,"locality page in out-of-footprint city 'bhopal'"
/postnatal-care-service-in-ashok-nagar-ranchi,,410,"locality page in out-of-footprint city 'ranchi'"
/postnatal-care-service-in-athwa-surat,,410,"locality page in out-of-footprint city 'surat'"
/postnatal-care-service-in-attapur-hyderabad,,410,"locality page in out-of-footprint city 'hyderabad'"
/postnatal-care-service-in-attavar-mangalore,/mangalore/attavar/babysitter-nanny,301,"service×locality"
/postnatal-care-service-in-aundh-pune,/pune/aundh/babysitter-nanny,301,"service×locality"
/postnatal-care-service-in-auto-nagar-vijayawada,,410,"locality page in out-of-footprint city 'vijayawada'"
/postnatal-care-service-in-avadi-chennai,,410,"locality page in out-of-footprint city 'chennai'"
/postnatal-care-service-in-bailey-road-patna,,410,"locality page in out-of-footprint city 'patna'"
/postnatal-care-service-in-bairagarh-bhopal,,410,"locality page in out-of-footprint city 'bhopal'"
/postnatal-care-service-in-balkum-thane,,410,"locality page in out-of-footprint city 'thane'"
/postnatal-care-service-in-ballabgarh-faridabad,,410,"locality page in out-of-footprint city 'faridabad'"
/postnatal-care-service-in-ballupur-dehradun,,410,"locality page in out-of-footprint city 'dehradun'"
/postnatal-care-service-in-ballygunge-kolkata,,410,"locality page in out-of-footprint city 'kolkata'"
/postnatal-care-service-in-banashankari-bangalore,/bangalore/banashankari/babysitter-nanny,301,"service×locality"
/postnatal-care-service-in-bandra-mumbai,/mumbai/bandra-west/babysitter-nanny,301,"service×locality"
/postnatal-care-service-in-baner-pune,/pune/baner/babysitter-nanny,301,"service×locality"
/postnatal-care-service-in-bangalore,/services/babysitter-nanny/bangalore,301,"service-in-city: service×city"
/postnatal-care-service-in-bani-park-jaipur,,410,"locality page in out-of-footprint city 'jaipur'"
/postnatal-care-service-in-banjara-hills-hyderabad,,410,"locality page in out-of-footprint city 'hyderabad'"
/postnatal-care-service-in-bannerghatta-road-bangalore,/bangalore/bannerghatta-road/babysitter-nanny,301,"service×locality"
/postnatal-care-service-in-bapuji-nagar-bhubaneswar,,410,"locality page in out-of-footprint city 'bhubaneswar'"
/postnatal-care-service-in-baranagar-kolkata,,410,"locality page in out-of-footprint city 'kolkata'"
/postnatal-care-service-in-bariatu-ranchi,,410,"locality page in out-of-footprint city 'ranchi'"
/postnatal-care-service-in-basavanagudi-bangalore,/bangalore/basavanagudi/babysitter-nanny,301,"service×locality"
/postnatal-care-service-in-basistha-guwahati,,410,"locality page in out-of-footprint city 'guwahati'"
/postnatal-care-service-in-basni-jodhpur,,410,"locality page in out-of-footprint city 'jodhpur'"
/postnatal-care-service-in-bavdhan-pune,/pune/bavdhan/babysitter-nanny,301,"service×locality"
/postnatal-care-service-in-begumpet-hyderabad,,410,"locality page in out-of-footprint city 'hyderabad'"
/postnatal-care-service-in-behala-kolkata,,410,"locality page in out-of-footprint city 'kolkata'"
/postnatal-care-service-in-bejai-mangalore,/mangalore/bejai/babysitter-nanny,301,"service×locality"
/postnatal-care-service-in-belapur-navi-mumbai,/services/babysitter-nanny/mumbai,301,"unmatched navi-mumbai locality → zone/service hub"
/postnatal-care-service-in-bellandur-bangalore,/bangalore/bellandur/babysitter-nanny,301,"service×locality"
/postnatal-care-service-in-beltola-guwahati,,410,"locality page in out-of-footprint city 'guwahati'"
/postnatal-care-service-in-bendoorwell-mangalore,/services/babysitter-nanny/mangalore,301,"unmatched locality → service×city (ASSUMPTIONS #5)"
/postnatal-care-service-in-benz-circle-vijayawada,,410,"locality page in out-of-footprint city 'vijayawada'"
/postnatal-care-service-in-besant-nagar-chennai,,410,"locality page in out-of-footprint city 'chennai'"
/postnatal-care-service-in-bhawarkua-indore,,410,"locality page in out-of-footprint city 'indore'"
/postnatal-care-service-in-bhel-bhopal,,410,"locality page in out-of-footprint city 'bhopal'"
/postnatal-care-service-in-bhelupur-varanasi,,410,"locality page in out-of-footprint city 'varanasi'"
/postnatal-care-service-in-bhopal,,410,"service-in-city: city 'bhopal' outside footprint"
/postnatal-care-service-in-bhubaneswar,,410,"service-in-city: city 'bhubaneswar' outside footprint"
/postnatal-care-service-in-bodakdev-ahmedabad,,410,"locality page in out-of-footprint city 'ahmedabad'"
/postnatal-care-service-in-bogadi-mysore,,410,"locality page in out-of-footprint city 'mysore'"
/postnatal-care-service-in-bopal-ahmedabad,,410,"locality page in out-of-footprint city 'ahmedabad'"
/postnatal-care-service-in-boring-road-patna,,410,"locality page in out-of-footprint city 'patna'"
/postnatal-care-service-in-borivali-mumbai,/services/babysitter-nanny/mumbai,301,"unmatched locality → service×city (ASSUMPTIONS #5)"
/postnatal-care-service-in-bptp-faridabad,,410,"locality page in out-of-footprint city 'faridabad'"
/postnatal-care-service-in-brs-nagar-ludhiana,,410,"locality page in out-of-footprint city 'ludhiana'"
/postnatal-care-service-in-btm-layout-bangalore,/services/babysitter-nanny/bangalore,301,"unmatched locality → service×city (ASSUMPTIONS #5)"
/postnatal-care-service-in-c-scheme-jaipur,,410,"locality page in out-of-footprint city 'jaipur'"
/postnatal-care-service-in-cantt-area-varanasi,,410,"locality page in out-of-footprint city 'varanasi'"
/postnatal-care-service-in-chandigarh,,410,"service-in-city: city 'chandigarh' outside footprint"
/postnatal-care-service-in-chandkheda-ahmedabad,,410,"locality page in out-of-footprint city 'ahmedabad'"
/postnatal-care-service-in-chandmari-guwahati,,410,"locality page in out-of-footprint city 'guwahati'"
/postnatal-care-service-in-chandrasekharpur-bhubaneswar,,410,"locality page in out-of-footprint city 'bhubaneswar'"
/postnatal-care-service-in-chembur-mumbai,/mumbai/chembur/babysitter-nanny,301,"service×locality"
/postnatal-care-service-in-chennai,,410,"service-in-city: city 'chennai' outside footprint"
/postnatal-care-service-in-chinhat-lucknow,,410,"locality page in out-of-footprint city 'lucknow'"
/postnatal-care-service-in-chopasni-housing-board-jodhpur,,410,"locality page in out-of-footprint city 'jodhpur'"
/postnatal-care-service-in-chromepet-chennai,,410,"locality page in out-of-footprint city 'chennai'"
/postnatal-care-service-in-cidco-nashik,,410,"locality page in out-of-footprint city 'nashik'"
/postnatal-care-service-in-circuit-house-area-jodhpur,,410,"locality page in out-of-footprint city 'jodhpur'"
/postnatal-care-service-in-city-light-surat,,410,"locality page in out-of-footprint city 'surat'"
/postnatal-care-service-in-civil-lines-agra,,410,"locality page in out-of-footprint city 'agra'"
/postnatal-care-service-in-civil-lines-jaipur,,410,"locality page in out-of-footprint city 'jaipur'"
/postnatal-care-service-in-civil-lines-kanpur,,410,"locality page in out-of-footprint city 'kanpur'"
/postnatal-care-service-in-civil-lines-ludhiana,,410,"locality page in out-of-footprint city 'ludhiana'"
/postnatal-care-service-in-civil-lines-nagpur,,410,"locality page in out-of-footprint city 'nagpur'"
/postnatal-care-service-in-civil-lines-raipur,,410,"locality page in out-of-footprint city 'raipur'"
/postnatal-care-service-in-clement-town-dehradun,,410,"locality page in out-of-footprint city 'dehradun'"
/postnatal-care-service-in-coimbatore,,410,"service-in-city: city 'coimbatore' outside footprint"
/postnatal-care-service-in-colaba-mumbai,/mumbai/colaba/babysitter-nanny,301,"service×locality"
/postnatal-care-service-in-college-road-nashik,,410,"locality page in out-of-footprint city 'nashik'"
/postnatal-care-service-in-crossing-republik-ghaziabad,,410,"locality page in out-of-footprint city 'ghaziabad'"
/postnatal-care-service-in-crown-interiorz-faridabad,,410,"locality page in out-of-footprint city 'faridabad'"
/postnatal-care-service-in-dadar-mumbai,/mumbai/dadar/babysitter-nanny,301,"service×locality"
/postnatal-care-service-in-dalanwala-dehradun,,410,"locality page in out-of-footprint city 'dehradun'"
/postnatal-care-service-in-daldal-seoni-raipur,,410,"locality page in out-of-footprint city 'raipur'"
/postnatal-care-service-in-danapur-patna,,410,"locality page in out-of-footprint city 'patna'"
/postnatal-care-service-in-dattagalli-mysore,,410,"locality page in out-of-footprint city 'mysore'"
/postnatal-care-service-in-dayal-bagh-agra,,410,"locality page in out-of-footprint city 'agra'"
/postnatal-care-service-in-defence-colony-delhi,/delhi/defence-colony/babysitter-nanny,301,"service×locality"
/postnatal-care-service-in-dehradun,,410,"service-in-city: city 'dehradun' outside footprint"
/postnatal-care-service-in-delhi,/services/babysitter-nanny/delhi,301,"service-in-city: service×city"
/postnatal-care-service-in-deolali-nashik,,410,"locality page in out-of-footprint city 'nashik'"
/postnatal-care-service-in-derebail-mangalore,/mangalore/derebail/babysitter-nanny,301,"service×locality"
/postnatal-care-service-in-devendra-nagar-raipur,,410,"locality page in out-of-footprint city 'raipur'"
/postnatal-care-service-in-dharampeth-nagpur,,410,"locality page in out-of-footprint city 'nagpur'"
/postnatal-care-service-in-dilsukhnagar-hyderabad,,410,"locality page in out-of-footprint city 'hyderabad'"
/postnatal-care-service-in-dispur-guwahati,,410,"locality page in out-of-footprint city 'guwahati'"
/postnatal-care-service-in-dlf-phase-1-5-gurugram,/services/babysitter-nanny/gurgaon,301,"manual zone mapping"
/postnatal-care-service-in-dlw-varanasi,,410,"locality page in out-of-footprint city 'varanasi'"
/postnatal-care-service-in-doranda-ranchi,,410,"locality page in out-of-footprint city 'ranchi'"
/postnatal-care-service-in-dugri-ludhiana,,410,"locality page in out-of-footprint city 'ludhiana'"
/postnatal-care-service-in-dum-dum-kolkata,,410,"locality page in out-of-footprint city 'kolkata'"
/postnatal-care-service-in-dumas-road-surat,,410,"locality page in out-of-footprint city 'surat'"
/postnatal-care-service-in-dwaraka-nagar-visakhapatnam,,410,"locality page in out-of-footprint city 'visakhapatnam'"
/postnatal-care-service-in-dwarka-delhi,/delhi/dwarka/babysitter-nanny,301,"service×locality"
/postnatal-care-service-in-dwarka-expressway-gurugram,/services/babysitter-nanny/gurgaon,301,"unmatched locality → service×city (ASSUMPTIONS #5)"
/postnatal-care-service-in-east-delhi-delhi,/services/babysitter-nanny/delhi,301,"service×zone → service×city (no zone service pages)"
/postnatal-care-service-in-ecr-chennai,,410,"locality page in out-of-footprint city 'chennai'"
/postnatal-care-service-in-edappally-kochi,,410,"locality page in out-of-footprint city 'kochi'"
/postnatal-care-service-in-electronic-city-bangalore,/bangalore/electronic-city/babysitter-nanny,301,"service×locality"
/postnatal-care-service-in-ellis-bridge-ahmedabad,,410,"locality page in out-of-footprint city 'ahmedabad'"
/postnatal-care-service-in-em-bypass-kolkata,,410,"locality page in out-of-footprint city 'kolkata'"
/postnatal-care-service-in-ernakulam-kochi,,410,"locality page in out-of-footprint city 'kochi'"
/postnatal-care-service-in-expressway-noida,/services/babysitter-nanny/noida,301,"manual zone mapping"
/postnatal-care-service-in-fafadih-raipur,,410,"locality page in out-of-footprint city 'raipur'"
/postnatal-care-service-in-falnir-mangalore,/services/babysitter-nanny/mangalore,301,"unmatched locality → service×city (ASSUMPTIONS #5)"
/postnatal-care-service-in-faridabad,,410,"service-in-city: city 'faridabad' outside footprint"
/postnatal-care-service-in-fatehabad-road-agra,,410,"locality page in out-of-footprint city 'agra'"
/postnatal-care-service-in-fatehgunj-vadodara,,410,"locality page in out-of-footprint city 'vadodara'"
/postnatal-care-service-in-ferozepur-road-ludhiana,,410,"locality page in out-of-footprint city 'ludhiana'"
/postnatal-care-service-in-fort-kochi-kochi,,410,"locality page in out-of-footprint city 'kochi'"
/postnatal-care-service-in-fraser-road-patna,,410,"locality page in out-of-footprint city 'patna'"
/postnatal-care-service-in-gachibowli-hyderabad,,410,"locality page in out-of-footprint city 'hyderabad'"
/postnatal-care-service-in-gajuwaka-visakhapatnam,,410,"locality page in out-of-footprint city 'visakhapatnam'"
/postnatal-care-service-in-ganapathy-coimbatore,,410,"locality page in out-of-footprint city 'coimbatore'"
/postnatal-care-service-in-gandhipuram-coimbatore,,410,"locality page in out-of-footprint city 'coimbatore'"
/postnatal-care-service-in-ganeshguri-guwahati,,410,"locality page in out-of-footprint city 'guwahati'"
/postnatal-care-service-in-gangapur-road-nashik,,410,"locality page in out-of-footprint city 'nashik'"
/postnatal-care-service-in-gannavaram-vijayawada,,410,"locality page in out-of-footprint city 'vijayawada'"
/postnatal-care-service-in-garia-kolkata,,410,"locality page in out-of-footprint city 'kolkata'"
/postnatal-care-service-in-gaur-city-gate-ghaziabad,,410,"locality page in out-of-footprint city 'ghaziabad'"
/postnatal-care-service-in-gaur-city-noida,/greater-noida/gaur-city/babysitter-nanny,301,"manual locality mapping"
/postnatal-care-service-in-ghatkopar-mumbai,/mumbai/ghatkopar/babysitter-nanny,301,"service×locality"
/postnatal-care-service-in-ghaziabad,,410,"service-in-city: city 'ghaziabad' outside footprint"
/postnatal-care-service-in-ghodbunder-road-thane,,410,"locality page in out-of-footprint city 'thane'"
/postnatal-care-service-in-gms-road-dehradun,,410,"locality page in out-of-footprint city 'dehradun'"
/postnatal-care-service-in-gokulam-mysore,,410,"locality page in out-of-footprint city 'mysore'"
/postnatal-care-service-in-golf-course-extension-gurugram,/services/babysitter-nanny/gurgaon,301,"unmatched locality → service×city (ASSUMPTIONS #5)"
/postnatal-care-service-in-golf-course-road-gurugram,/gurgaon/golf-course-road/babysitter-nanny,301,"service×locality"
/postnatal-care-service-in-gomti-nagar-lucknow,,410,"locality page in out-of-footprint city 'lucknow'"
/postnatal-care-service-in-gopalapatnam-visakhapatnam,,410,"locality page in out-of-footprint city 'visakhapatnam'"
/postnatal-care-service-in-goregaon-mumbai,/mumbai/goregaon-east/babysitter-nanny,301,"service×locality"
/postnatal-care-service-in-gota-ahmedabad,,410,"locality page in out-of-footprint city 'ahmedabad'"
/postnatal-care-service-in-gotri-vadodara,,410,"locality page in out-of-footprint city 'vadodara'"
/postnatal-care-service-in-governorpet-vijayawada,,410,"locality page in out-of-footprint city 'vijayawada'"
/postnatal-care-service-in-govind-nagar-kanpur,,410,"locality page in out-of-footprint city 'kanpur'"
/postnatal-care-service-in-govindpuram-ghaziabad,,410,"locality page in out-of-footprint city 'ghaziabad'"
/postnatal-care-service-in-greater-faridabad-faridabad,,410,"locality page in out-of-footprint city 'faridabad'"
/postnatal-care-service-in-greater-kailash-delhi,/delhi/greater-kailash/babysitter-nanny,301,"service×locality"
/postnatal-care-service-in-greater-noida-west-noida,/services/babysitter-nanny/greater-noida,301,"manual zone mapping"
/postnatal-care-service-in-green-park-delhi,/delhi/green-park/babysitter-nanny,301,"service×locality"
/postnatal-care-service-in-gs-road-guwahati,,410,"locality page in out-of-footprint city 'guwahati'"
/postnatal-care-service-in-guindy-chennai,,410,"locality page in out-of-footprint city 'chennai'"
/postnatal-care-service-in-gunadala-vijayawada,,410,"locality page in out-of-footprint city 'vijayawada'"
/postnatal-care-service-in-gurugram,/services/babysitter-nanny/gurgaon,301,"service-in-city: service×city"
/postnatal-care-service-in-guwahati,,410,"service-in-city: city 'guwahati' outside footprint"
/postnatal-care-service-in-habibganj-bhopal,,410,"locality page in out-of-footprint city 'bhopal'"
/postnatal-care-service-in-hadapsar-pune,/pune/hadapsar/babysitter-nanny,301,"service×locality"
/postnatal-care-service-in-haibowal-ludhiana,,410,"locality page in out-of-footprint city 'ludhiana'"
/postnatal-care-service-in-hampankatta-mangalore,/mangalore/hampankatta/babysitter-nanny,301,"service×locality"
/postnatal-care-service-in-harmu-ranchi,,410,"locality page in out-of-footprint city 'ranchi'"
/postnatal-care-service-in-harni-vadodara,,410,"locality page in out-of-footprint city 'vadodara'"
/postnatal-care-service-in-harsh-nagar-kanpur,,410,"locality page in out-of-footprint city 'kanpur'"
/postnatal-care-service-in-hatigaon-guwahati,,410,"locality page in out-of-footprint city 'guwahati'"
/postnatal-care-service-in-hauz-khas-delhi,/delhi/hauz-khas/babysitter-nanny,301,"service×locality"
/postnatal-care-service-in-hazratganj-lucknow,,410,"locality page in out-of-footprint city 'lucknow'"
/postnatal-care-service-in-hebbal-bangalore,/services/babysitter-nanny/bangalore,301,"unmatched locality → service×city (ASSUMPTIONS #5)"
/postnatal-care-service-in-hebbal-mysore,,410,"locality page in out-of-footprint city 'mysore'"
/postnatal-care-service-in-hennur-bangalore,/services/babysitter-nanny/bangalore,301,"unmatched locality → service×city (ASSUMPTIONS #5)"
/postnatal-care-service-in-hingna-nagpur,,410,"locality page in out-of-footprint city 'nagpur'"
/postnatal-care-service-in-hinjewadi-pune,/pune/hinjawadi/babysitter-nanny,301,"service×locality"
/postnatal-care-service-in-hinoo-ranchi,,410,"locality page in out-of-footprint city 'ranchi'"
/postnatal-care-service-in-hiranandani-estate-thane,,410,"locality page in out-of-footprint city 'thane'"
/postnatal-care-service-in-hitec-city-hyderabad,,410,"locality page in out-of-footprint city 'hyderabad'"
/postnatal-care-service-in-hootagalli-mysore,,410,"locality page in out-of-footprint city 'mysore'"
/postnatal-care-service-in-hoshangabad-road-bhopal,,410,"locality page in out-of-footprint city 'bhopal'"
/postnatal-care-service-in-howrah-kolkata,,410,"locality page in out-of-footprint city 'kolkata'"
/postnatal-care-service-in-hsr-layout-bangalore,/bangalore/hsr-layout/babysitter-nanny,301,"service×locality"
/postnatal-care-service-in-hyderabad,,410,"service-in-city: city 'hyderabad' outside footprint"
/postnatal-care-service-in-indira-nagar-lucknow,,410,"locality page in out-of-footprint city 'lucknow'"
/postnatal-care-service-in-indira-nagar-nashik,,410,"locality page in out-of-footprint city 'nashik'"
/postnatal-care-service-in-indiranagar-bangalore,/bangalore/indiranagar/babysitter-nanny,301,"service×locality"
/postnatal-care-service-in-indirapuram-ghaziabad,,410,"locality page in out-of-footprint city 'ghaziabad'"
/postnatal-care-service-in-indore,,410,"service-in-city: city 'indore' outside footprint"
/postnatal-care-service-in-infocity-bhubaneswar,,410,"locality page in out-of-footprint city 'bhubaneswar'"
/postnatal-care-service-in-isanpur-ahmedabad,,410,"locality page in out-of-footprint city 'ahmedabad'"
/postnatal-care-service-in-it-park-chandigarh,,410,"locality page in out-of-footprint city 'chandigarh'"
/postnatal-care-service-in-jadavpur-kolkata,,410,"locality page in out-of-footprint city 'kolkata'"
/postnatal-care-service-in-jagatpura-jaipur,,410,"locality page in out-of-footprint city 'jaipur'"
/postnatal-care-service-in-jaipur,,410,"service-in-city: city 'jaipur' outside footprint"
/postnatal-care-service-in-jajmau-kanpur,,410,"locality page in out-of-footprint city 'kanpur'"
/postnatal-care-service-in-jakhan-dehradun,,410,"locality page in out-of-footprint city 'dehradun'"
/postnatal-care-service-in-jamalpur-ludhiana,,410,"locality page in out-of-footprint city 'ludhiana'"
/postnatal-care-service-in-janakpuri-delhi,/delhi/janakpuri/babysitter-nanny,301,"service×locality"
/postnatal-care-service-in-jankipuram-lucknow,,410,"locality page in out-of-footprint city 'lucknow'"
/postnatal-care-service-in-jayalakshmipuram-mysore,,410,"locality page in out-of-footprint city 'mysore'"
/postnatal-care-service-in-jayanagar-bangalore,/bangalore/jayanagar/babysitter-nanny,301,"service×locality"
/postnatal-care-service-in-jaydev-vihar-bhubaneswar,,410,"locality page in out-of-footprint city 'bhubaneswar'"
/postnatal-care-service-in-jaypee-greens-noida,/greater-noida/jaypee-greens/babysitter-nanny,301,"manual locality mapping"
/postnatal-care-service-in-jodhpur,,410,"service-in-city: city 'jodhpur' outside footprint"
/postnatal-care-service-in-jodhpur-park-kolkata,,410,"locality page in out-of-footprint city 'kolkata'"
/postnatal-care-service-in-jodhpur-village-ahmedabad,,410,"locality page in out-of-footprint city 'ahmedabad'"
/postnatal-care-service-in-jp-nagar-bangalore,/bangalore/jp-nagar/babysitter-nanny,301,"service×locality"
/postnatal-care-service-in-jp-nagar-mysore,,410,"locality page in out-of-footprint city 'mysore'"
/postnatal-care-service-in-jubilee-hills-hyderabad,,410,"locality page in out-of-footprint city 'hyderabad'"
/postnatal-care-service-in-juhu-mumbai,/mumbai/juhu/babysitter-nanny,301,"service×locality"
/postnatal-care-service-in-kabir-chaura-varanasi,,410,"locality page in out-of-footprint city 'varanasi'"
/postnatal-care-service-in-kadri-mangalore,/mangalore/kadri/babysitter-nanny,301,"service×locality"
/postnatal-care-service-in-kadru-ranchi,,410,"locality page in out-of-footprint city 'ranchi'"
/postnatal-care-service-in-kahilipara-guwahati,,410,"locality page in out-of-footprint city 'guwahati'"
/postnatal-care-service-in-kaikhali-kolkata,,410,"locality page in out-of-footprint city 'kolkata'"
/postnatal-care-service-in-kakadeo-kanpur,,410,"locality page in out-of-footprint city 'kanpur'"
/postnatal-care-service-in-kakkanad-kochi,,410,"locality page in out-of-footprint city 'kochi'"
/postnatal-care-service-in-kalkaji-delhi,/delhi/kalkaji/babysitter-nanny,301,"service×locality"
/postnatal-care-service-in-kaloor-kochi,,410,"locality page in out-of-footprint city 'kochi'"
/postnatal-care-service-in-kalyani-nagar-pune,/services/babysitter-nanny/pune,301,"unmatched locality → service×city (ASSUMPTIONS #5)"
/postnatal-care-service-in-kalyanpur-kanpur,,410,"locality page in out-of-footprint city 'kanpur'"
/postnatal-care-service-in-kamla-nagar-agra,,410,"locality page in out-of-footprint city 'agra'"
/postnatal-care-service-in-kamla-nehru-nagar-jodhpur,,410,"locality page in out-of-footprint city 'jodhpur'"
/postnatal-care-service-in-kamothe-navi-mumbai,/services/babysitter-nanny/mumbai,301,"unmatched navi-mumbai locality → zone/service hub"
/postnatal-care-service-in-kandivali-mumbai,/mumbai/kandivali-east/babysitter-nanny,301,"service×locality"
/postnatal-care-service-in-kankanady-mangalore,/mangalore/kankanady/babysitter-nanny,301,"service×locality"
/postnatal-care-service-in-kankarbagh-patna,,410,"locality page in out-of-footprint city 'patna'"
/postnatal-care-service-in-kanke-ranchi,,410,"locality page in out-of-footprint city 'ranchi'"
/postnatal-care-service-in-kanpur,,410,"service-in-city: city 'kanpur' outside footprint"
/postnatal-care-service-in-kanuru-vijayawada,,410,"locality page in out-of-footprint city 'vijayawada'"
/postnatal-care-service-in-kasba-kolkata,,410,"locality page in out-of-footprint city 'kolkata'"
/postnatal-care-service-in-katargam-surat,,410,"locality page in out-of-footprint city 'surat'"
/postnatal-care-service-in-kaushambi-ghaziabad,,410,"locality page in out-of-footprint city 'ghaziabad'"
/postnatal-care-service-in-kazhakkoottam-thiruvananthapuram,,410,"locality page in out-of-footprint city 'thiruvananthapuram'"
/postnatal-care-service-in-kesavadasapuram-thiruvananthapuram,,410,"locality page in out-of-footprint city 'thiruvananthapuram'"
/postnatal-care-service-in-khamla-nagpur,,410,"locality page in out-of-footprint city 'nagpur'"
/postnatal-care-service-in-khandagiri-bhubaneswar,,410,"locality page in out-of-footprint city 'bhubaneswar'"
/postnatal-care-service-in-khandari-agra,,410,"locality page in out-of-footprint city 'agra'"
/postnatal-care-service-in-kharadi-pune,/pune/kharadi/babysitter-nanny,301,"service×locality"
/postnatal-care-service-in-kharghar-mumbai,/services/babysitter-nanny/mumbai,301,"unmatched locality → service×city (ASSUMPTIONS #5)"
/postnatal-care-service-in-kharghar-navi-mumbai,/services/babysitter-nanny/mumbai,301,"unmatched navi-mumbai locality → zone/service hub"
/postnatal-care-service-in-kidwai-nagar-kanpur,,410,"locality page in out-of-footprint city 'kanpur'"
/postnatal-care-service-in-kk-nagar-madurai,,410,"locality page in out-of-footprint city 'madurai'"
/postnatal-care-service-in-kochi,,410,"service-in-city: city 'kochi' outside footprint"
/postnatal-care-service-in-kolar-road-bhopal,,410,"locality page in out-of-footprint city 'bhopal'"
/postnatal-care-service-in-kolkata,,410,"service-in-city: city 'kolkata' outside footprint"
/postnatal-care-service-in-kolshet-thane,,410,"locality page in out-of-footprint city 'thane'"
/postnatal-care-service-in-kompally-hyderabad,,410,"locality page in out-of-footprint city 'hyderabad'"
/postnatal-care-service-in-kondapur-hyderabad,,410,"locality page in out-of-footprint city 'hyderabad'"
/postnatal-care-service-in-kondhwa-pune,/pune/kondhwa/babysitter-nanny,301,"service×locality"
/postnatal-care-service-in-kopar-khairane-navi-mumbai,/services/babysitter-nanny/mumbai,301,"unmatched navi-mumbai locality → zone/service hub"
/postnatal-care-service-in-koramangala-bangalore,/bangalore/koramangala/babysitter-nanny,301,"service×locality"
/postnatal-care-service-in-koregaon-park-pune,/services/babysitter-nanny/pune,301,"unmatched locality → service×city (ASSUMPTIONS #5)"
/postnatal-care-service-in-kothrud-pune,/pune/kothrud/babysitter-nanny,301,"service×locality"
/postnatal-care-service-in-kottara-mangalore,/mangalore/kottara/babysitter-nanny,301,"service×locality"
/postnatal-care-service-in-kovaipudur-coimbatore,,410,"locality page in out-of-footprint city 'coimbatore'"
/postnatal-care-service-in-kowdiar-thiruvananthapuram,,410,"locality page in out-of-footprint city 'thiruvananthapuram'"
/postnatal-care-service-in-kr-puram-bangalore,/services/babysitter-nanny/bangalore,301,"unmatched locality → service×city (ASSUMPTIONS #5)"
/postnatal-care-service-in-kukatpally-hyderabad,,410,"locality page in out-of-footprint city 'hyderabad'"
/postnatal-care-service-in-kuvempunagar-mysore,,410,"locality page in out-of-footprint city 'mysore'"
/postnatal-care-service-in-lajpat-nagar-delhi,/delhi/lajpat-nagar/babysitter-nanny,301,"service×locality"
/postnatal-care-service-in-lake-town-kolkata,,410,"locality page in out-of-footprint city 'kolkata'"
/postnatal-care-service-in-lal-kuan-ghaziabad,,410,"locality page in out-of-footprint city 'ghaziabad'"
/postnatal-care-service-in-lalpur-ranchi,,410,"locality page in out-of-footprint city 'ranchi'"
/postnatal-care-service-in-lanka-varanasi,,410,"locality page in out-of-footprint city 'varanasi'"
/postnatal-care-service-in-lb-nagar-hyderabad,,410,"locality page in out-of-footprint city 'hyderabad'"
/postnatal-care-service-in-lower-parel-mumbai,/mumbai/parel/babysitter-nanny,301,"service×locality"
/postnatal-care-service-in-lucknow,,410,"service-in-city: city 'lucknow' outside footprint"
/postnatal-care-service-in-ludhiana,,410,"service-in-city: city 'ludhiana' outside footprint"
/postnatal-care-service-in-madhapur-hyderabad,,410,"locality page in out-of-footprint city 'hyderabad'"
/postnatal-care-service-in-madhurawada-visakhapatnam,,410,"locality page in out-of-footprint city 'visakhapatnam'"
/postnatal-care-service-in-madurai,,410,"service-in-city: city 'madurai' outside footprint"
/postnatal-care-service-in-magarpatta-pune,/services/babysitter-nanny/pune,301,"unmatched locality → service×city (ASSUMPTIONS #5)"
/postnatal-care-service-in-mahanagar-lucknow,,410,"locality page in out-of-footprint city 'lucknow'"
/postnatal-care-service-in-mahendru-patna,,410,"locality page in out-of-footprint city 'patna'"
/postnatal-care-service-in-mahmoorganj-varanasi,,410,"locality page in out-of-footprint city 'varanasi'"
/postnatal-care-service-in-majiwada-thane,,410,"locality page in out-of-footprint city 'thane'"
/postnatal-care-service-in-makhmalabad-nashik,,410,"locality page in out-of-footprint city 'nashik'"
/postnatal-care-service-in-malad-mumbai,/mumbai/malad-west/babysitter-nanny,301,"service×locality"
/postnatal-care-service-in-malibu-town-gurugram,/services/babysitter-nanny/gurgaon,301,"unmatched locality → service×city (ASSUMPTIONS #5)"
/postnatal-care-service-in-malleshwaram-bangalore,/bangalore/malleswaram/babysitter-nanny,301,"service×locality"
/postnatal-care-service-in-malviya-nagar-delhi,/delhi/malviya-nagar/babysitter-nanny,301,"service×locality"
/postnatal-care-service-in-malviya-nagar-jaipur,,410,"locality page in out-of-footprint city 'jaipur'"
/postnatal-care-service-in-mancheswar-bhubaneswar,,410,"locality page in out-of-footprint city 'bhubaneswar'"
/postnatal-care-service-in-mandideep-bhopal,,410,"locality page in out-of-footprint city 'bhopal'"
/postnatal-care-service-in-mandore-road-jodhpur,,410,"locality page in out-of-footprint city 'jodhpur'"
/postnatal-care-service-in-manesar-gurugram,/gurgaon/manesar/babysitter-nanny,301,"service×locality"
/postnatal-care-service-in-mangalagiri-vijayawada,,410,"locality page in out-of-footprint city 'vijayawada'"
/postnatal-care-service-in-mangalore,/services/babysitter-nanny/mangalore,301,"service-in-city: service×city"
/postnatal-care-service-in-manikonda-hyderabad,,410,"locality page in out-of-footprint city 'hyderabad'"
/postnatal-care-service-in-manimajra-chandigarh,,410,"locality page in out-of-footprint city 'chandigarh'"
/postnatal-care-service-in-maninagar-ahmedabad,,410,"locality page in out-of-footprint city 'ahmedabad'"
/postnatal-care-service-in-manish-nagar-nagpur,,410,"locality page in out-of-footprint city 'nagpur'"
/postnatal-care-service-in-manjalpur-vadodara,,410,"locality page in out-of-footprint city 'vadodara'"
/postnatal-care-service-in-manpada-thane,,410,"locality page in out-of-footprint city 'thane'"
/postnatal-care-service-in-mansarovar-jaipur,,410,"locality page in out-of-footprint city 'jaipur'"
/postnatal-care-service-in-marathahalli-bangalore,/bangalore/marathahalli/babysitter-nanny,301,"service×locality"
/postnatal-care-service-in-marine-drive-kochi,,410,"locality page in out-of-footprint city 'kochi'"
/postnatal-care-service-in-mattuthavani-madurai,,410,"locality page in out-of-footprint city 'madurai'"
/postnatal-care-service-in-mayur-vihar-delhi,/delhi/mayur-vihar/babysitter-nanny,301,"service×locality"
/postnatal-care-service-in-medavakkam-chennai,,410,"locality page in out-of-footprint city 'chennai'"
/postnatal-care-service-in-medical-college-thiruvananthapuram,,410,"locality page in out-of-footprint city 'thiruvananthapuram'"
/postnatal-care-service-in-mewla-maharajpur-faridabad,,410,"locality page in out-of-footprint city 'faridabad'"
/postnatal-care-service-in-mg-road-agra,,410,"locality page in out-of-footprint city 'agra'"
/postnatal-care-service-in-mg-road-gurugram,/services/babysitter-nanny/gurgaon,301,"unmatched locality → service×city (ASSUMPTIONS #5)"
/postnatal-care-service-in-mira-road-mumbai,/services/babysitter-nanny/mumbai,301,"unmatched locality → service×city (ASSUMPTIONS #5)"
/postnatal-care-service-in-miyapur-hyderabad,,410,"locality page in out-of-footprint city 'hyderabad'"
/postnatal-care-service-in-model-town-ludhiana,,410,"locality page in out-of-footprint city 'ludhiana'"
/postnatal-care-service-in-moghalrajpuram-vijayawada,,410,"locality page in out-of-footprint city 'vijayawada'"
/postnatal-care-service-in-mohali-chandigarh,,410,"locality page in out-of-footprint city 'chandigarh'"
/postnatal-care-service-in-mokila-hyderabad,,410,"locality page in out-of-footprint city 'hyderabad'"
/postnatal-care-service-in-morabadi-ranchi,,410,"locality page in out-of-footprint city 'ranchi'"
/postnatal-care-service-in-motera-ahmedabad,,410,"locality page in out-of-footprint city 'ahmedabad'"
/postnatal-care-service-in-mowa-raipur,,410,"locality page in out-of-footprint city 'raipur'"
/postnatal-care-service-in-mp-nagar-bhopal,,410,"locality page in out-of-footprint city 'bhopal'"
/postnatal-care-service-in-mulund-mumbai,/mumbai/mulund/babysitter-nanny,301,"service×locality"
/postnatal-care-service-in-mumbai,/services/babysitter-nanny/mumbai,301,"service-in-city: service×city"
/postnatal-care-service-in-mussoorie-road-dehradun,,410,"locality page in out-of-footprint city 'dehradun'"
/postnatal-care-service-in-mvp-colony-visakhapatnam,,410,"locality page in out-of-footprint city 'visakhapatnam'"
/postnatal-care-service-in-mylapore-chennai,,410,"locality page in out-of-footprint city 'chennai'"
/postnatal-care-service-in-mysore,,410,"service-in-city: city 'mysore' outside footprint"
/postnatal-care-service-in-nad-junction-visakhapatnam,,410,"locality page in out-of-footprint city 'visakhapatnam'"
/postnatal-care-service-in-nagpur,,410,"service-in-city: city 'nagpur' outside footprint"
/postnatal-care-service-in-nallagandla-hyderabad,,410,"locality page in out-of-footprint city 'hyderabad'"
/postnatal-care-service-in-naranpura-ahmedabad,,410,"locality page in out-of-footprint city 'ahmedabad'"
/postnatal-care-service-in-nashik,,410,"service-in-city: city 'nashik' outside footprint"
/postnatal-care-service-in-nashik-road-nashik,,410,"locality page in out-of-footprint city 'nashik'"
/postnatal-care-service-in-naupada-thane,,410,"locality page in out-of-footprint city 'thane'"
/postnatal-care-service-in-navi-mumbai,/services/babysitter-nanny/mumbai,301,"service-in-city: service×city"
/postnatal-care-service-in-navrangpura-ahmedabad,,410,"locality page in out-of-footprint city 'ahmedabad'"
/postnatal-care-service-in-nayapalli-bhubaneswar,,410,"locality page in out-of-footprint city 'bhubaneswar'"
/postnatal-care-service-in-neharpar-faridabad,,410,"locality page in out-of-footprint city 'faridabad'"
/postnatal-care-service-in-nehru-colony-dehradun,,410,"locality page in out-of-footprint city 'dehradun'"
/postnatal-care-service-in-nehru-place-delhi,/services/babysitter-nanny/delhi,301,"unmatched locality → service×city (ASSUMPTIONS #5)"
/postnatal-care-service-in-nerul-navi-mumbai,/mumbai/nerul/babysitter-nanny,301,"service×locality"
/postnatal-care-service-in-new-town-kolkata,,410,"locality page in out-of-footprint city 'kolkata'"
/postnatal-care-service-in-nh-24-ghaziabad,,410,"locality page in out-of-footprint city 'ghaziabad'"
/postnatal-care-service-in-nibm-pune,/pune/nibm/babysitter-nanny,301,"service×locality"
/postnatal-care-service-in-nipania-indore,,410,"locality page in out-of-footprint city 'indore'"
/postnatal-care-service-in-nirvana-country-gurugram,/services/babysitter-nanny/gurgaon,301,"unmatched locality → service×city (ASSUMPTIONS #5)"
/postnatal-care-service-in-nit-faridabad-faridabad,,410,"locality page in out-of-footprint city 'faridabad'"
/postnatal-care-service-in-niti-khand-ghaziabad,,410,"locality page in out-of-footprint city 'ghaziabad'"
/postnatal-care-service-in-noida,/services/babysitter-nanny/noida,301,"service-in-city: service×city"
/postnatal-care-service-in-nungambakkam-chennai,,410,"locality page in out-of-footprint city 'chennai'"
/postnatal-care-service-in-omr-chennai,,410,"locality page in out-of-footprint city 'chennai'"
/postnatal-care-service-in-pakhowal-road-ludhiana,,410,"locality page in out-of-footprint city 'ludhiana'"
/postnatal-care-service-in-pal-road-jodhpur,,410,"locality page in out-of-footprint city 'jodhpur'"
/postnatal-care-service-in-pal-surat,,410,"locality page in out-of-footprint city 'surat'"
/postnatal-care-service-in-palam-vihar-gurugram,/services/babysitter-nanny/gurgaon,301,"unmatched locality → service×city (ASSUMPTIONS #5)"
/postnatal-care-service-in-palanganatham-madurai,,410,"locality page in out-of-footprint city 'madurai'"
/postnatal-care-service-in-palarivattom-kochi,,410,"locality page in out-of-footprint city 'kochi'"
/postnatal-care-service-in-palasia-indore,,410,"locality page in out-of-footprint city 'indore'"
/postnatal-care-service-in-paldi-ahmedabad,,410,"locality page in out-of-footprint city 'ahmedabad'"
/postnatal-care-service-in-pallavaram-chennai,,410,"locality page in out-of-footprint city 'chennai'"
/postnatal-care-service-in-paltan-bazaar-guwahati,,410,"locality page in out-of-footprint city 'guwahati'"
/postnatal-care-service-in-panchavati-nashik,,410,"locality page in out-of-footprint city 'nashik'"
/postnatal-care-service-in-panchkula-chandigarh,,410,"locality page in out-of-footprint city 'chandigarh'"
/postnatal-care-service-in-pandeypur-varanasi,,410,"locality page in out-of-footprint city 'varanasi'"
/postnatal-care-service-in-panvel-navi-mumbai,/services/babysitter-nanny/mumbai,301,"unmatched navi-mumbai locality → zone/service hub"
/postnatal-care-service-in-paota-jodhpur,,410,"locality page in out-of-footprint city 'jodhpur'"
/postnatal-care-service-in-pari-chowk-noida,/greater-noida/pari-chowk/babysitter-nanny,301,"manual locality mapping"
/postnatal-care-service-in-park-street-kolkata,,410,"locality page in out-of-footprint city 'kolkata'"
/postnatal-care-service-in-paschim-vihar-delhi,/delhi/paschim-vihar/babysitter-nanny,301,"service×locality"
/postnatal-care-service-in-pashan-pune,/pune/pashan/babysitter-nanny,301,"service×locality"
/postnatal-care-service-in-pathardi-nashik,,410,"locality page in out-of-footprint city 'nashik'"
/postnatal-care-service-in-patia-bhubaneswar,,410,"locality page in out-of-footprint city 'bhubaneswar'"
/postnatal-care-service-in-patliputra-colony-patna,,410,"locality page in out-of-footprint city 'patna'"
/postnatal-care-service-in-patna,,410,"service-in-city: city 'patna' outside footprint"
/postnatal-care-service-in-pattom-thiruvananthapuram,,410,"locality page in out-of-footprint city 'thiruvananthapuram'"
/postnatal-care-service-in-peelamedu-coimbatore,,410,"locality page in out-of-footprint city 'coimbatore'"
/postnatal-care-service-in-pendurthi-visakhapatnam,,410,"locality page in out-of-footprint city 'visakhapatnam'"
/postnatal-care-service-in-perungudi-chennai,,410,"locality page in out-of-footprint city 'chennai'"
/postnatal-care-service-in-pimpri-chinchwad-pune,/services/babysitter-nanny/pune,301,"manual zone mapping"
/postnatal-care-service-in-piplod-surat,,410,"locality page in out-of-footprint city 'surat'"
/postnatal-care-service-in-pitampura-delhi,/delhi/pitampura/babysitter-nanny,301,"service×locality"
/postnatal-care-service-in-pokhran-road-thane,,410,"locality page in out-of-footprint city 'thane'"
/postnatal-care-service-in-poranki-vijayawada,,410,"locality page in out-of-footprint city 'vijayawada'"
/postnatal-care-service-in-porur-chennai,,410,"locality page in out-of-footprint city 'chennai'"
/postnatal-care-service-in-powai-mumbai,/mumbai/powai/babysitter-nanny,301,"service×locality"
/postnatal-care-service-in-prahlad-nagar-ahmedabad,,410,"locality page in out-of-footprint city 'ahmedabad'"
/postnatal-care-service-in-pratap-nagar-jaipur,,410,"locality page in out-of-footprint city 'jaipur'"
/postnatal-care-service-in-pratap-nagar-nagpur,,410,"locality page in out-of-footprint city 'nagpur'"
/postnatal-care-service-in-pune,/services/babysitter-nanny/pune,301,"service-in-city: service×city"
/postnatal-care-service-in-race-course-coimbatore,,410,"locality page in out-of-footprint city 'coimbatore'"
/postnatal-care-service-in-race-course-dehradun,,410,"locality page in out-of-footprint city 'dehradun'"
/postnatal-care-service-in-race-course-vadodara,,410,"locality page in out-of-footprint city 'vadodara'"
/postnatal-care-service-in-raipur,,410,"service-in-city: city 'raipur' outside footprint"
/postnatal-care-service-in-raj-nagar-extension-ghaziabad,,410,"locality page in out-of-footprint city 'ghaziabad'"
/postnatal-care-service-in-raja-mandi-agra,,410,"locality page in out-of-footprint city 'agra'"
/postnatal-care-service-in-raja-park-jaipur,,410,"locality page in out-of-footprint city 'jaipur'"
/postnatal-care-service-in-rajajinagar-bangalore,/bangalore/rajajinagar/babysitter-nanny,301,"service×locality"
/postnatal-care-service-in-rajarhat-kolkata,,410,"locality page in out-of-footprint city 'kolkata'"
/postnatal-care-service-in-rajendra-nagar-patna,,410,"locality page in out-of-footprint city 'patna'"
/postnatal-care-service-in-rajguru-nagar-ludhiana,,410,"locality page in out-of-footprint city 'ludhiana'"
/postnatal-care-service-in-rajouri-garden-delhi,/delhi/rajouri-garden/babysitter-nanny,301,"service×locality"
/postnatal-care-service-in-rajpur-road-dehradun,,410,"locality page in out-of-footprint city 'dehradun'"
/postnatal-care-service-in-ranchi,,410,"service-in-city: city 'ranchi' outside footprint"
/postnatal-care-service-in-ratanada-jodhpur,,410,"locality page in out-of-footprint city 'jodhpur'"
/postnatal-care-service-in-ratu-road-ranchi,,410,"locality page in out-of-footprint city 'ranchi'"
/postnatal-care-service-in-rau-indore,,410,"locality page in out-of-footprint city 'indore'"
/postnatal-care-service-in-rawatpur-kanpur,,410,"locality page in out-of-footprint city 'kanpur'"
/postnatal-care-service-in-rohini-delhi,/delhi/rohini/babysitter-nanny,301,"service×locality"
/postnatal-care-service-in-rs-puram-coimbatore,,410,"locality page in out-of-footprint city 'coimbatore'"
/postnatal-care-service-in-rushikonda-visakhapatnam,,410,"locality page in out-of-footprint city 'visakhapatnam'"
/postnatal-care-service-in-sadar-nagpur,,410,"locality page in out-of-footprint city 'nagpur'"
/postnatal-care-service-in-saguna-more-patna,,410,"locality page in out-of-footprint city 'patna'"
/postnatal-care-service-in-saheed-nagar-bhubaneswar,,410,"locality page in out-of-footprint city 'bhubaneswar'"
/postnatal-care-service-in-sahibabad-ghaziabad,,410,"locality page in out-of-footprint city 'ghaziabad'"
/postnatal-care-service-in-saket-delhi,/delhi/saket/babysitter-nanny,301,"service×locality"
/postnatal-care-service-in-salt-lake-kolkata,,410,"locality page in out-of-footprint city 'kolkata'"
/postnatal-care-service-in-sama-vadodara,,410,"locality page in out-of-footprint city 'vadodara'"
/postnatal-care-service-in-sanpada-navi-mumbai,/mumbai/sanpada/babysitter-nanny,301,"service×locality"
/postnatal-care-service-in-sapna-sangeeta-indore,,410,"locality page in out-of-footprint city 'indore'"
/postnatal-care-service-in-sarabha-nagar-ludhiana,,410,"locality page in out-of-footprint city 'ludhiana'"
/postnatal-care-service-in-saraswathipuram-mysore,,410,"locality page in out-of-footprint city 'mysore'"
/postnatal-care-service-in-saravanampatti-coimbatore,,410,"locality page in out-of-footprint city 'coimbatore'"
/postnatal-care-service-in-sardarpura-jodhpur,,410,"locality page in out-of-footprint city 'jodhpur'"
/postnatal-care-service-in-sarjapur-road-bangalore,/bangalore/sarjapur-road/babysitter-nanny,301,"service×locality"
/postnatal-care-service-in-sarnath-varanasi,,410,"locality page in out-of-footprint city 'varanasi'"
/postnatal-care-service-in-sasthamangalam-thiruvananthapuram,,410,"locality page in out-of-footprint city 'thiruvananthapuram'"
/postnatal-care-service-in-satellite-ahmedabad,,410,"locality page in out-of-footprint city 'ahmedabad'"
/postnatal-care-service-in-satpur-nashik,,410,"locality page in out-of-footprint city 'nashik'"
/postnatal-care-service-in-scheme-78-indore,,410,"locality page in out-of-footprint city 'indore'"
/postnatal-care-service-in-sealdah-kolkata,,410,"locality page in out-of-footprint city 'kolkata'"
/postnatal-care-service-in-seawoods-navi-mumbai,/services/babysitter-nanny/mumbai,301,"unmatched navi-mumbai locality → zone/service hub"
/postnatal-care-service-in-sector-100-noida,/noida/sector-100/babysitter-nanny,301,"service×locality"
/postnatal-care-service-in-sector-120-122-noida,/services/babysitter-nanny/noida,301,"unmatched locality → service×city (ASSUMPTIONS #5)"
/postnatal-care-service-in-sector-128-134-noida,/services/babysitter-nanny/noida,301,"manual zone mapping"
/postnatal-care-service-in-sector-137-noida,/noida/sector-137/babysitter-nanny,301,"service×locality"
/postnatal-care-service-in-sector-15-21-faridabad,,410,"locality page in out-of-footprint city 'faridabad'"
/postnatal-care-service-in-sector-15-chandigarh,,410,"locality page in out-of-footprint city 'chandigarh'"
/postnatal-care-service-in-sector-15-gurugram,/services/babysitter-nanny/gurgaon,301,"unmatched locality → service×city (ASSUMPTIONS #5)"
/postnatal-care-service-in-sector-150-noida,/noida/sector-150/babysitter-nanny,301,"service×locality"
/postnatal-care-service-in-sector-17-chandigarh,,410,"locality page in out-of-footprint city 'chandigarh'"
/postnatal-care-service-in-sector-18-noida,/noida/sector-18/babysitter-nanny,301,"service×locality"
/postnatal-care-service-in-sector-22-chandigarh,,410,"locality page in out-of-footprint city 'chandigarh'"
/postnatal-care-service-in-sector-28-30-faridabad,,410,"locality page in out-of-footprint city 'faridabad'"
/postnatal-care-service-in-sector-32-noida,/services/babysitter-nanny/noida,301,"unmatched locality → service×city (ASSUMPTIONS #5)"
/postnatal-care-service-in-sector-35-chandigarh,,410,"locality page in out-of-footprint city 'chandigarh'"
/postnatal-care-service-in-sector-37-faridabad,,410,"locality page in out-of-footprint city 'faridabad'"
/postnatal-care-service-in-sector-37-noida,/noida/sector-37/babysitter-nanny,301,"service×locality"
/postnatal-care-service-in-sector-43-chandigarh,,410,"locality page in out-of-footprint city 'chandigarh'"
/postnatal-care-service-in-sector-44-chandigarh,,410,"locality page in out-of-footprint city 'chandigarh'"
/postnatal-care-service-in-sector-44-noida,/noida/sector-44/babysitter-nanny,301,"service×locality"
/postnatal-care-service-in-sector-45-48-gurugram,/gurgaon/sector-45/babysitter-nanny,301,"manual locality mapping"
/postnatal-care-service-in-sector-49-gurugram,/gurgaon/sector-49/babysitter-nanny,301,"service×locality"
/postnatal-care-service-in-sector-50-noida,/noida/sector-50/babysitter-nanny,301,"service×locality"
/postnatal-care-service-in-sector-56-57-gurugram,/gurgaon/sector-56/babysitter-nanny,301,"manual locality mapping"
/postnatal-care-service-in-sector-62-noida,/noida/sector-62/babysitter-nanny,301,"service×locality"
/postnatal-care-service-in-sector-67-70-gurugram,/gurgaon/sector-67/babysitter-nanny,301,"manual locality mapping"
/postnatal-care-service-in-sector-75-76-noida,/noida/sector-75/babysitter-nanny,301,"manual locality mapping"
/postnatal-care-service-in-sector-78-noida,/noida/sector-78/babysitter-nanny,301,"service×locality"
/postnatal-care-service-in-sector-8-11-chandigarh,,410,"locality page in out-of-footprint city 'chandigarh'"
/postnatal-care-service-in-sector-81-89-faridabad,,410,"locality page in out-of-footprint city 'faridabad'"
/postnatal-care-service-in-sector-82-84-gurugram,/gurgaon/sector-82/babysitter-nanny,301,"manual locality mapping"
/postnatal-care-service-in-sector-93-96-noida,/noida/sector-93/babysitter-nanny,301,"manual locality mapping"
/postnatal-care-service-in-secunderabad-hyderabad,,410,"locality page in out-of-footprint city 'hyderabad'"
/postnatal-care-service-in-seethammadhara-visakhapatnam,,410,"locality page in out-of-footprint city 'visakhapatnam'"
/postnatal-care-service-in-seminary-hills-nagpur,,410,"locality page in out-of-footprint city 'nagpur'"
/postnatal-care-service-in-sg-highway-ahmedabad,,410,"locality page in out-of-footprint city 'ahmedabad'"
/postnatal-care-service-in-shahganj-agra,,410,"locality page in out-of-footprint city 'agra'"
/postnatal-care-service-in-shahibaug-ahmedabad,,410,"locality page in out-of-footprint city 'ahmedabad'"
/postnatal-care-service-in-shahpura-bhopal,,410,"locality page in out-of-footprint city 'bhopal'"
/postnatal-care-service-in-shakti-khand-ghaziabad,,410,"locality page in out-of-footprint city 'ghaziabad'"
/postnatal-care-service-in-shalimar-garden-ghaziabad,,410,"locality page in out-of-footprint city 'ghaziabad'"
/postnatal-care-service-in-shamshabad-hyderabad,,410,"locality page in out-of-footprint city 'hyderabad'"
/postnatal-care-service-in-shankar-nagar-raipur,,410,"locality page in out-of-footprint city 'raipur'"
/postnatal-care-service-in-shastri-nagar-jodhpur,,410,"locality page in out-of-footprint city 'jodhpur'"
/postnatal-care-service-in-shivaji-nagar-pune,/pune/shivajinagar/babysitter-nanny,301,"manual locality mapping"
/postnatal-care-service-in-shivpur-varanasi,,410,"locality page in out-of-footprint city 'varanasi'"
/postnatal-care-service-in-sholinganallur-chennai,,410,"locality page in out-of-footprint city 'chennai'"
/postnatal-care-service-in-shyam-nagar-kanpur,,410,"locality page in out-of-footprint city 'kanpur'"
/postnatal-care-service-in-sigra-varanasi,,410,"locality page in out-of-footprint city 'varanasi'"
/postnatal-care-service-in-sikandra-agra,,410,"locality page in out-of-footprint city 'agra'"
/postnatal-care-service-in-singanallur-coimbatore,,410,"locality page in out-of-footprint city 'coimbatore'"
/postnatal-care-service-in-sinhagad-road-pune,/services/babysitter-nanny/pune,301,"unmatched locality → service×city (ASSUMPTIONS #5)"
/postnatal-care-service-in-sodala-jaipur,,410,"locality page in out-of-footprint city 'jaipur'"
/postnatal-care-service-in-sohna-road-gurugram,/gurgaon/sohna-road/babysitter-nanny,301,"service×locality"
/postnatal-care-service-in-south-bopal-ahmedabad,,410,"locality page in out-of-footprint city 'ahmedabad'"
/postnatal-care-service-in-south-city-gurugram,/gurgaon/south-city-1/babysitter-nanny,301,"manual locality mapping"
/postnatal-care-service-in-south-delhi-delhi,/services/babysitter-nanny/delhi,301,"service×zone → service×city (no zone service pages)"
/postnatal-care-service-in-south-tukoganj-indore,,410,"locality page in out-of-footprint city 'indore'"
/postnatal-care-service-in-ss-colony-madurai,,410,"locality page in out-of-footprint city 'madurai'"
/postnatal-care-service-in-super-corridor-indore,,410,"locality page in out-of-footprint city 'indore'"
/postnatal-care-service-in-surajkund-faridabad,,410,"locality page in out-of-footprint city 'faridabad'"
/postnatal-care-service-in-surat,,410,"service-in-city: city 'surat' outside footprint"
/postnatal-care-service-in-surathkal-mangalore,/mangalore/surathkal/babysitter-nanny,301,"service×locality"
/postnatal-care-service-in-sushant-lok-gurugram,/services/babysitter-nanny/gurgaon,301,"unmatched locality → service×city (ASSUMPTIONS #5)"
/postnatal-care-service-in-swaroop-nagar-kanpur,,410,"locality page in out-of-footprint city 'kanpur'"
/postnatal-care-service-in-t-nagar-chennai,,410,"locality page in out-of-footprint city 'chennai'"
/postnatal-care-service-in-tadepalli-vijayawada,,410,"locality page in out-of-footprint city 'vijayawada'"
/postnatal-care-service-in-tajganj-agra,,410,"locality page in out-of-footprint city 'agra'"
/postnatal-care-service-in-tallakulam-madurai,,410,"locality page in out-of-footprint city 'madurai'"
/postnatal-care-service-in-tambaram-chennai,,410,"locality page in out-of-footprint city 'chennai'"
/postnatal-care-service-in-tatibandh-raipur,,410,"locality page in out-of-footprint city 'raipur'"
/postnatal-care-service-in-technopark-thiruvananthapuram,,410,"locality page in out-of-footprint city 'thiruvananthapuram'"
/postnatal-care-service-in-telibandha-raipur,,410,"locality page in out-of-footprint city 'raipur'"
/postnatal-care-service-in-teppakulam-madurai,,410,"locality page in out-of-footprint city 'madurai'"
/postnatal-care-service-in-thaltej-ahmedabad,,410,"locality page in out-of-footprint city 'ahmedabad'"
/postnatal-care-service-in-thane,,410,"service-in-city: city 'thane' outside footprint"
/postnatal-care-service-in-thane-west-mumbai,/services/babysitter-nanny/mumbai,301,"unmatched locality → service×city (ASSUMPTIONS #5)"
/postnatal-care-service-in-thirunagar-madurai,,410,"locality page in out-of-footprint city 'madurai'"
/postnatal-care-service-in-thiruvananthapuram,,410,"service-in-city: city 'thiruvananthapuram' outside footprint"
/postnatal-care-service-in-thiruvanmiyur-chennai,,410,"locality page in out-of-footprint city 'chennai'"
/postnatal-care-service-in-thudiyalur-coimbatore,,410,"locality page in out-of-footprint city 'coimbatore'"
/postnatal-care-service-in-thycaud-thiruvananthapuram,,410,"locality page in out-of-footprint city 'thiruvananthapuram'"
/postnatal-care-service-in-tollygunge-kolkata,,410,"locality page in out-of-footprint city 'kolkata'"
/postnatal-care-service-in-tonk-road-jaipur,,410,"locality page in out-of-footprint city 'jaipur'"
/postnatal-care-service-in-tripunithura-kochi,,410,"locality page in out-of-footprint city 'kochi'"
/postnatal-care-service-in-tt-nagar-bhopal,,410,"locality page in out-of-footprint city 'bhopal'"
/postnatal-care-service-in-udyog-vihar-gurugram,/services/babysitter-nanny/gurgaon,301,"unmatched locality → service×city (ASSUMPTIONS #5)"
/postnatal-care-service-in-ultadanga-kolkata,,410,"locality page in out-of-footprint city 'kolkata'"
/postnatal-care-service-in-undri-pune,/services/babysitter-nanny/pune,301,"unmatched locality → service×city (ASSUMPTIONS #5)"
/postnatal-care-service-in-unit-1-9-bhubaneswar,,410,"locality page in out-of-footprint city 'bhubaneswar'"
/postnatal-care-service-in-uppal-hyderabad,,410,"locality page in out-of-footprint city 'hyderabad'"
/postnatal-care-service-in-vadavalli-coimbatore,,410,"locality page in out-of-footprint city 'coimbatore'"
/postnatal-care-service-in-vadodara,,410,"service-in-city: city 'vadodara' outside footprint"
/postnatal-care-service-in-vaishali-ghaziabad,,410,"locality page in out-of-footprint city 'ghaziabad'"
/postnatal-care-service-in-vaishali-nagar-jaipur,,410,"locality page in out-of-footprint city 'jaipur'"
/postnatal-care-service-in-varachha-surat,,410,"locality page in out-of-footprint city 'surat'"
/postnatal-care-service-in-varanasi,,410,"service-in-city: city 'varanasi' outside footprint"
/postnatal-care-service-in-vartak-nagar-thane,,410,"locality page in out-of-footprint city 'thane'"
/postnatal-care-service-in-vasant-kunj-delhi,/delhi/vasant-kunj/babysitter-nanny,301,"service×locality"
/postnatal-care-service-in-vasant-vihar-dehradun,,410,"locality page in out-of-footprint city 'dehradun'"
/postnatal-care-service-in-vasant-vihar-delhi,/delhi/vasant-vihar/babysitter-nanny,301,"service×locality"
/postnatal-care-service-in-vashi-mumbai,/mumbai/vashi/babysitter-nanny,301,"service×locality"
/postnatal-care-service-in-vashi-navi-mumbai,/mumbai/vashi/babysitter-nanny,301,"service×locality"
/postnatal-care-service-in-vasna-vadodara,,410,"locality page in out-of-footprint city 'vadodara'"
/postnatal-care-service-in-vastrapur-ahmedabad,,410,"locality page in out-of-footprint city 'ahmedabad'"
/postnatal-care-service-in-vasundhara-ghaziabad,,410,"locality page in out-of-footprint city 'ghaziabad'"
/postnatal-care-service-in-vatika-city-gurugram,/services/babysitter-nanny/gurgaon,301,"unmatched locality → service×city (ASSUMPTIONS #5)"
/postnatal-care-service-in-vazhuthacaud-thiruvananthapuram,,410,"locality page in out-of-footprint city 'thiruvananthapuram'"
/postnatal-care-service-in-velachery-chennai,,410,"locality page in out-of-footprint city 'chennai'"
/postnatal-care-service-in-vellayambalam-thiruvananthapuram,,410,"locality page in out-of-footprint city 'thiruvananthapuram'"
/postnatal-care-service-in-vesu-surat,,410,"locality page in out-of-footprint city 'surat'"
/postnatal-care-service-in-vidhyadhar-nagar-jaipur,,410,"locality page in out-of-footprint city 'jaipur'"
/postnatal-care-service-in-vijay-nagar-indore,,410,"locality page in out-of-footprint city 'indore'"
/postnatal-care-service-in-vijayanagar-mysore,,410,"locality page in out-of-footprint city 'mysore'"
/postnatal-care-service-in-vijayawada,,410,"service-in-city: city 'vijayawada' outside footprint"
/postnatal-care-service-in-vikas-nagar-lucknow,,410,"locality page in out-of-footprint city 'lucknow'"
/postnatal-care-service-in-vikhroli-mumbai,/mumbai/vikhroli/babysitter-nanny,301,"service×locality"
/postnatal-care-service-in-villapuram-madurai,,410,"locality page in out-of-footprint city 'madurai'"
/postnatal-care-service-in-viman-nagar-pune,/pune/viman-nagar/babysitter-nanny,301,"service×locality"
/postnatal-care-service-in-vip-road-raipur,,410,"locality page in out-of-footprint city 'raipur'"
/postnatal-care-service-in-visakhapatnam,,410,"service-in-city: city 'visakhapatnam' outside footprint"
/postnatal-care-service-in-vyttila-kochi,,410,"locality page in out-of-footprint city 'kochi'"
/postnatal-care-service-in-wadi-nagpur,,410,"locality page in out-of-footprint city 'nagpur'"
/postnatal-care-service-in-waghodia-road-vadodara,,410,"locality page in out-of-footprint city 'vadodara'"
/postnatal-care-service-in-wagle-estate-thane,,410,"locality page in out-of-footprint city 'thane'"
/postnatal-care-service-in-wakad-pune,/pune/wakad/babysitter-nanny,301,"service×locality"
/postnatal-care-service-in-waltair-visakhapatnam,,410,"locality page in out-of-footprint city 'visakhapatnam'"
/postnatal-care-service-in-wardhaman-nagar-nagpur,,410,"locality page in out-of-footprint city 'nagpur'"
/postnatal-care-service-in-warje-pune,/pune/warje/babysitter-nanny,301,"service×locality"
/postnatal-care-service-in-wave-city-ghaziabad,,410,"locality page in out-of-footprint city 'ghaziabad'"
/postnatal-care-service-in-whitefield-bangalore,/bangalore/whitefield/babysitter-nanny,301,"service×locality"
/postnatal-care-service-in-worli-mumbai,/mumbai/worli/babysitter-nanny,301,"service×locality"
/postnatal-care-service-in-yelahanka-bangalore,/services/babysitter-nanny/bangalore,301,"unmatched locality → service×city (ASSUMPTIONS #5)"
/postnatal-care-service-in-zirakpur-chandigarh,,410,"locality page in out-of-footprint city 'chandigarh'"
/postnatal-care-service-in-zoo-road-guwahati,,410,"locality page in out-of-footprint city 'guwahati'"
/profile,/app/profile,301,"SPA moved under /app"
/salary-guides,/pricing,301,"salary guides hub → pricing"
/services/elderly-care,/app/services/elderly-care,301,"SPA service deep link moved under /app"
/services/full-time,/app/services/full-time,301,"SPA service deep link moved under /app"
/services/nanny,/app/services/nanny,301,"SPA service deep link moved under /app"
/services/part-time,/app/services/part-time,301,"SPA service deep link moved under /app"
/services/postnatal,/app/services/postnatal,301,"SPA service deep link moved under /app"
/splash,/app/splash,301,"SPA moved under /app"
/state/andhra-pradesh,,410,"state pages retired (never in sitemap)"
/state/assam,,410,"state pages retired (never in sitemap)"
/state/bihar,,410,"state pages retired (never in sitemap)"
/state/chhattisgarh,,410,"state pages retired (never in sitemap)"
/state/delhi,,410,"state pages retired (never in sitemap)"
/state/gujarat,,410,"state pages retired (never in sitemap)"
/state/haryana,,410,"state pages retired (never in sitemap)"
/state/jharkhand,,410,"state pages retired (never in sitemap)"
/state/karnataka,,410,"state pages retired (never in sitemap)"
/state/kerala,,410,"state pages retired (never in sitemap)"
/state/madhya-pradesh,,410,"state pages retired (never in sitemap)"
/state/maharashtra,,410,"state pages retired (never in sitemap)"
/state/odisha,,410,"state pages retired (never in sitemap)"
/state/punjab,,410,"state pages retired (never in sitemap)"
/state/rajasthan,,410,"state pages retired (never in sitemap)"
/state/tamil-nadu,,410,"state pages retired (never in sitemap)"
/state/telangana,,410,"state pages retired (never in sitemap)"
/state/uttar-pradesh,,410,"state pages retired (never in sitemap)"
/state/uttarakhand,,410,"state pages retired (never in sitemap)"
/state/west-bengal,,410,"state pages retired (never in sitemap)"
/terms,/terms-of-service,301,"SPA moved under /app"
/verified-vs-unverified-maid,/blog/verified-vs-unverified-maid,301,"comparison/guide → blog"
